-- phpMyAdmin SQL Dump
-- version 4.5.4.1
-- http://www.phpmyadmin.net
--
-- Host: localhost
-- Generation Time: Jan 04, 2025 at 02:33 PM
-- Server version: 5.7.11
-- PHP Version: 5.6.18

SET SQL_MODE = "NO_AUTO_VALUE_ON_ZERO";
SET time_zone = "+00:00";


/*!40101 SET @OLD_CHARACTER_SET_CLIENT=@@CHARACTER_SET_CLIENT */;
/*!40101 SET @OLD_CHARACTER_SET_RESULTS=@@CHARACTER_SET_RESULTS */;
/*!40101 SET @OLD_COLLATION_CONNECTION=@@COLLATION_CONNECTION */;
/*!40101 SET NAMES utf8mb4 */;

--
-- Database: `pokedex`
--

-- --------------------------------------------------------

--
-- Table structure for table `categorie`
--

CREATE TABLE `categorie` (
  `id` int(11) NOT NULL,
  `nom` varchar(50) DEFAULT NULL,
  `description` mediumtext
) ENGINE=InnoDB DEFAULT CHARSET=latin1;

--
-- Dumping data for table `categorie`
--

INSERT INTO `categorie` (`id`, `nom`, `description`) VALUES
(1, 'Pokémon Pâtéd\'Sable', NULL),
(2, 'Pokémon Lance à Eau', NULL),
(3, 'Pokémon Évolutif', NULL),
(4, 'Pokémon Oiseaucoton', NULL),
(5, 'Pokémon Jet d\'Eau', NULL),
(6, 'Pokémon Rancune', NULL),
(7, 'Pokémon Requiem', NULL),
(8, 'Pokémon Papillon', NULL),
(9, 'Pokémon Frégate', NULL),
(10, 'Pokémon Costaud', NULL),
(11, 'Pokémon Voyagenmer', NULL),
(12, 'Pokémon Magique', NULL),
(13, 'Pokémon Mite Givre', NULL),
(14, 'Pokémon Lapin', NULL),
(15, 'Pokémon Bonsaï', NULL),
(16, 'Pokémon Insectopic', NULL),
(17, 'Pokémon Nébuleuse', NULL),
(18, 'Pokémon Caniche', NULL),
(19, 'Pokémon Duoiseau', NULL),
(20, 'Pokémon Poulet', NULL),
(21, 'Pokémon Transport', NULL),
(22, 'Pokémon Boulefer', NULL),
(23, 'Pokémon Étincelle', NULL),
(24, 'Pokémon Plumefeuille', NULL),
(25, 'Pokémon Doux Crabe', NULL),
(26, 'Pokémon Soigneur', NULL),
(27, 'Pokémon Poids Lourd', NULL),
(28, 'Pokémon Souris', NULL),
(29, 'Pokémon Armure', NULL),
(30, 'Pokémon Légendaire', NULL),
(31, 'Pokémon Kung-fu', NULL),
(32, 'Pokémon Poisson', NULL),
(33, 'Pokémon Gland', NULL),
(34, 'Pokémon Mainpince', NULL),
(35, 'Pokémon Coffrotrésor', NULL),
(36, 'Pokémon Barrage', NULL),
(37, 'Pokémon Singe Furax', NULL),
(38, 'Pokémon Carapace', NULL),
(39, 'Pokémon Nid Pomme', NULL),
(40, 'Pokémon Bois Gecko', NULL),
(41, 'Pokémon Bourgeon', NULL),
(42, 'Pokémon Renard', NULL),
(43, 'Pokémon Mini Ours', NULL),
(44, 'Pokémon Noble Lame', NULL),
(45, 'Pokémon Épinarmure', NULL),
(46, 'Pokémon Toundra', NULL),
(47, 'Pokémon Goulu', NULL),
(48, 'Pokémon Féroce', NULL),
(49, 'Pokémon Précepteur', NULL),
(50, 'Pokémon Rouleur', NULL),
(51, 'Pokémon Lave', NULL),
(52, 'Pokémon Chopinsecte', NULL),
(53, 'Pokémon Canard', NULL),
(54, 'Pokémon Rapace', NULL),
(55, 'Pokémon Judo', NULL),
(56, 'Pokémon Piège', NULL),
(57, 'Pokémon Poissépine', NULL),
(58, 'Pokémon Percussions', NULL),
(59, 'Pokémon Vachalait', NULL),
(60, 'Pokémon Mousseline', NULL),
(61, 'Pokémon Fantôchien', NULL),
(62, 'Pokémon Confiserie', NULL),
(63, 'Pokémon Longévité', NULL),
(64, 'Pokémon Minirondel', NULL),
(65, 'Pokémon Bouclier', NULL),
(66, 'Pokémon Agent Secret', NULL),
(67, 'Pokémon Larve', NULL),
(68, 'Pokémon Chovsouris', NULL),
(69, 'Pokémon Marionnette', NULL),
(70, 'Pokémon Papipoison', NULL),
(71, 'Pokémon Bouboule', NULL),
(72, 'Pokémon Blindé', NULL),
(73, 'Pokémon Élecrapaud', NULL),
(74, 'Pokémon Fleur', NULL),
(75, 'Pokémon Poirier', NULL),
(76, 'Pokémon Toxilézard', NULL),
(77, 'Pokémon Trompeur', NULL),
(78, 'Pokémon Glaçaileron', NULL),
(79, 'Pokémon Minifeuille', NULL),
(80, 'Pokémon Croco Sable', NULL),
(81, 'Pokémon Nouveau', NULL),
(82, 'Pokémon Longqueue', NULL),
(83, 'Pokémon Supersonic', NULL),
(84, 'Pokémon Maisonjouet', NULL),
(85, 'Pokémon Alliage', NULL),
(86, 'Pokémon Dauphin', NULL),
(87, 'Pokémon Brûlant', NULL),
(88, 'Pokémon Tipigeon', NULL),
(89, 'Pokémon Croco Feu', NULL),
(90, 'Pokémon Blindage', NULL),
(91, 'Pokémon Météorite', NULL),
(92, 'Pokémon Alpha', NULL),
(93, 'Pokémon Roulenboule', NULL),
(94, 'Pokémon Tutélaire', NULL),
(95, 'Pokémon Saison', NULL),
(96, 'Pokémon Ombrefuge', NULL),
(97, 'Pokémon Chat Feu', NULL),
(98, 'Pokémon Engourdi', NULL),
(99, 'Pokémon Graine', NULL),
(100, 'Pokémon Symbolique', NULL),
(101, 'Pokémon Jujitsu', NULL),
(102, 'Pokémon Malveillant', NULL),
(103, 'Pokémon Bagarreur', NULL),
(104, 'Pokémon Danse', NULL),
(105, 'Pokémon Lame', NULL),
(106, 'Pokémon Magicien', NULL),
(107, 'Pokémon Grochon Feu', NULL),
(108, 'Pokémon Joyau', NULL),
(109, 'Pokémon Décollage', NULL),
(110, 'Pokémon Boxeur', NULL),
(111, 'Pokémon Chuchoteur', NULL),
(112, 'Pokémon Frontière', NULL),
(113, 'Pokémon Cheval Vif', NULL),
(114, 'Pokémon Malin', NULL),
(115, 'Pokémon Obscurité', NULL),
(116, 'Pokémon Vermine', NULL),
(117, 'Pokémon Fossile', NULL),
(118, 'Pokémon Gratitude', NULL),
(119, 'Pokémon Gaz Mortel', NULL),
(120, 'Pokémon Boule Épine', NULL),
(121, 'Pokémon Criquet', NULL),
(122, 'Pokémon Magnétique', NULL),
(123, 'Pokémon Espion', NULL),
(124, 'Pokémon Virevoltant', NULL),
(125, 'Pokémon Vaillant', NULL),
(126, 'Pokémon Âne', NULL),
(127, 'Pokémon Empereur', NULL),
(128, 'Pokémon Long-Patte', NULL),
(129, 'Pokémon Cavaleur', NULL),
(130, 'Pokémon Clap Clap', NULL),
(131, 'Pokémon Plongeon', NULL),
(132, 'Pokémon Vostour', NULL),
(133, 'Pokémon Souris Feu', NULL),
(134, 'Pokémon Rougegorge', NULL),
(135, 'Pokémon Buffle', NULL),
(136, 'Pokémon Face', NULL),
(137, 'Pokémon Batterie', NULL),
(138, 'Pokémon Dragon Glace', NULL),
(139, 'Pokémon Ombre', NULL),
(140, 'Pokémon Cercueil', NULL),
(141, 'Pokémon Trioiseau', NULL),
(142, 'Pokémon Ondes', NULL),
(143, 'Pokémon Têtard', NULL),
(144, 'Pokémon Couche', NULL),
(145, 'Pokémon Annihilation', NULL),
(146, 'Pokémon Bruit Sourd', NULL),
(147, 'Pokémon Bronze', NULL),
(148, 'Pokémon Åme Errante', NULL),
(149, 'Pokémon Étincélec', NULL),
(150, 'Pokémon Crocs', NULL),
(151, 'Pokémon Mâchoire', NULL),
(152, 'Pokémon Fée', NULL),
(153, 'Pokémon Crustage', NULL),
(154, 'Pokémon Lithicole', NULL),
(155, 'Pokémon Néon', NULL),
(156, 'Pokémon Chevalier', NULL),
(157, 'Pokémon Cruel', NULL),
(158, 'Pokémon Générateur', NULL),
(159, 'Pokémon Catcheur', NULL),
(160, 'Pokémon Aquabulle', NULL),
(161, 'Pokémon Sirop Pomme', NULL),
(162, 'Pokémon Translaile', NULL),
(163, 'Pokémon Mégalithe', NULL),
(164, 'Pokémon SelfContrôle', NULL),
(165, 'Pokémon Artificier', NULL),
(166, 'Pokémon Otarie', NULL),
(167, 'Pokémon Batteur', NULL),
(168, 'Pokémon Joufflu', NULL),
(169, 'Pokémon Éruption', NULL),
(170, 'Pokémon Mystique', NULL),
(171, 'Pokémon Carabe', NULL),
(172, 'Pokémon Chimpanzé', NULL),
(173, 'Pokémon Mer du Sud', NULL),
(174, 'Pokémon Charbon', NULL),
(175, 'Pokémon Taupe', NULL),
(176, 'Pokémon Ecurélec', NULL),
(177, 'Pokémon Guêpoison', NULL),
(178, 'Pokémon Sombrenard', NULL),
(179, 'Pokémon Braise', NULL),
(180, 'Pokémon Floraison', NULL),
(181, 'Pokémon Monture', NULL),
(182, 'Pokémon Fauch\'Herbe', NULL),
(183, 'Pokémon Bec-Oiseau', NULL),
(184, 'Pokémon Halo Solaire', NULL),
(185, 'Pokémon Sac Poubelle', NULL),
(186, 'Pokémon Balle', NULL),
(187, 'Pokémon Bimane', NULL),
(188, 'Pokémon Gang', NULL),
(189, 'Pokémon Livraison', NULL),
(190, 'Pokémon Scorpion', NULL),
(191, 'Pokémon Escargot', NULL),
(192, 'Pokémon Grêle', NULL),
(193, 'Pokémon Solitaire', NULL),
(194, 'Pokémon Blanc Réel', NULL),
(195, 'Pokémon Fouisseur', NULL),
(196, 'Pokémon Grand Sage', NULL),
(197, 'Pokémon Polymorfox', NULL),
(198, 'Pokémon Enflé', NULL),
(199, 'Pokémon Lune', NULL),
(200, 'Pokémon Gonflette', NULL),
(201, 'Pokémon Vénépic', NULL),
(202, 'Pokémon Scélérat', NULL),
(203, 'Pokémon Humanoïde', NULL),
(204, 'Pokémon 5 Étoiles', NULL),
(205, 'Pokémon Manteau', NULL),
(206, 'Pokémon Giga', NULL),
(207, 'Pokémon Tortantique', NULL),
(208, 'Pokémon Loup', NULL),
(209, 'Pokémon Tête de Roc', NULL),
(210, 'Pokémon Paléozoïque', NULL),
(211, 'Pokémon Chef-Coton', NULL),
(212, 'Pokémon Plasma', NULL),
(213, 'Pokémon Crampon', NULL),
(214, 'Pokémon Mégaplopode', NULL),
(215, 'Pokémon Serein', NULL),
(216, 'Pokémon Pingouin', NULL),
(217, 'Pokémon Estomac', NULL),
(218, 'Pokémon Peintre', NULL),
(219, 'Pokémon Savoir', NULL),
(220, 'Pokémon Silencieux', NULL),
(221, 'Pokémon Cochon Feu', NULL),
(222, 'Pokémon Bombyle', NULL),
(223, 'Pokémon Orage', NULL),
(224, 'Pokémon Entraînement', NULL),
(225, 'Pokémon Rebond', NULL),
(226, 'Pokémon Aurore', NULL),
(227, 'Pokémon Luminescent', NULL),
(228, 'Pokémon Bizarrovore', NULL),
(229, 'Pokémon Olive', NULL),
(230, 'Pokémon Scorpivol', NULL),
(231, 'Pokémon Feuille', NULL),
(232, 'Pokémon Maresurfeur', NULL),
(233, 'Pokémon Roi', NULL),
(234, 'Pokémon Cochon', NULL),
(235, 'Pokémon Parfum', NULL),
(236, 'Pokémon Hache', NULL),
(237, 'Pokémon Dégueu', NULL),
(238, 'Pokémon Boussole', NULL),
(239, 'Pokémon Sentiment', NULL),
(240, 'Pokémon Invitation', NULL),
(241, 'Pokémon Barbillon', NULL),
(242, 'Pokémon Décharné', NULL),
(243, 'Pokémon Fier', NULL),
(244, 'Pokémon Moufette', NULL),
(245, 'Pokémon Simulalgue', NULL),
(246, 'Pokémon Assemblage', NULL),
(247, 'Pokémon Crabe Velu', NULL),
(248, 'Pokémon Révolution', NULL),
(249, 'Pokémon Noir Idéal', NULL),
(250, 'Pokémon Dragon', NULL),
(251, 'Pokémon Aimant', NULL),
(252, 'Pokémon Corail', NULL),
(253, 'Pokémon Unicorne', NULL),
(254, 'Pokémon Grimpeur', NULL),
(255, 'Pokémon Bouquet', NULL),
(256, 'Pokémon Dépotoir', NULL),
(257, 'Pokémon Tyran', NULL),
(258, 'Pokémon Gracile', NULL),
(259, 'Pokémon Mystérieux', NULL),
(260, 'Pokémon Sept Points', NULL),
(261, 'Pokémon Clochette', NULL),
(262, 'Pokémon Noirtotal', NULL),
(263, 'Pokémon Crapule', NULL),
(264, 'Pokémon Luminaire', NULL),
(265, 'Pokémon Minipoisson', NULL),
(266, 'Pokémon Glaciaire', NULL),
(267, 'Pokémon Bonheur', NULL),
(268, 'Pokémon Souterrain', NULL),
(269, 'Pokémon Plumeflèche', NULL),
(270, 'Pokémon Cupidon', NULL),
(271, 'Pokémon Chinchilla', NULL),
(272, 'Pokémon Crapobulle', NULL),
(273, 'Pokémon Rêveur', NULL),
(274, 'Pokémon Araclectrik', NULL),
(275, 'Pokémon Canon', NULL),
(276, 'Pokémon Virevolteur', NULL),
(277, 'Pokémon Fainéant', NULL),
(278, 'Pokémon Paradoxe', NULL),
(279, 'Pokémon Rude', NULL),
(280, 'Pokémon Jovial', NULL),
(281, 'Pokémon Coopération', NULL),
(282, 'Pokémon Luciole', NULL),
(283, 'Pokémon Prodigieux', NULL),
(284, 'Pokémon Foudrélec', NULL),
(285, 'Pokémon Crache Fil', NULL),
(286, 'Pokémon Tendre', NULL),
(287, 'Pokémon Pic Rocheux', NULL),
(288, 'Pokémon Serpenterbe', NULL),
(289, 'Pokémon Panda Tache', NULL),
(290, 'Pokémon Cosmique', NULL),
(291, 'Pokémon Monocylindre', NULL),
(292, 'Pokémon Chadégout', NULL),
(293, 'Pokémon Sombre', NULL),
(294, 'Pokémon Souridodue', NULL),
(295, 'Pokémon Divisé', NULL),
(296, 'Pokémon Poupargile', NULL),
(297, 'Pokémon Bosquet', NULL),
(298, 'Pokémon Pincefer', NULL),
(299, 'Pokémon Furtif', NULL),
(300, 'Pokémon Allongé', NULL),
(301, 'Pokémon Électrique', NULL),
(302, 'Pokémon Électrophore', NULL),
(303, 'Pokémon Champignon', NULL),
(304, 'Pokémon Serviteur', NULL),
(305, 'Pokémon Calme', NULL),
(306, 'Pokémon Phalène', NULL),
(307, 'Pokémon Chat Plante', NULL),
(308, 'Pokémon Audition', NULL),
(309, 'Pokémon Couple', NULL),
(310, 'Pokémon Poupée', NULL),
(311, 'Pokémon Poudreuse', NULL),
(312, 'Pokémon Endurant', NULL),
(313, 'Pokémon Électron', NULL),
(314, 'Pokémon Puncheur', NULL),
(315, 'Pokémon Délesteur', NULL),
(316, 'Pokémon Retenue', NULL),
(317, 'Pokémon Coud\'Boule', NULL),
(318, 'Pokémon Épouvantail', NULL),
(319, 'Pokémon Prince', NULL),
(320, 'Pokémon Oisancien', NULL),
(321, 'Pokémon Rotation', NULL),
(322, 'Pokémon Écharpe', NULL),
(323, 'Pokémon Grenouille', NULL),
(324, 'Pokémon Torche', NULL),
(325, 'Pokémon Serpenroc', NULL),
(326, 'Pokémon Œuf', NULL),
(327, 'Pokémon Lapidicole', NULL),
(328, 'Pokémon Pourceau', NULL),
(329, 'Pokémon Boule Dragon', NULL),
(330, 'Pokémon Serpensable', NULL),
(331, 'Pokémon Crème', NULL),
(332, 'Pokémon Multiplé', NULL),
(333, 'Pokémon Latteur', NULL),
(334, 'Pokémon Autruche', NULL),
(335, 'Pokémon Chaton', NULL),
(336, 'Pokémon Holothurie', NULL),
(337, 'Pokémon Aquabelette', NULL),
(338, 'Pokémon Intimidation', NULL),
(339, 'Pokémon Caverne', NULL),
(340, 'Pokémon Apprenti', NULL),
(341, 'Pokémon Mollusque', NULL),
(342, 'Pokémon Poissonboue', NULL),
(343, 'Pokémon Armurfer', NULL),
(344, 'Pokémon Flâneur', NULL),
(345, 'Pokémon Cactus', NULL),
(346, 'Pokémon Dignitaire', NULL),
(347, 'Pokémon Capuche', NULL),
(348, 'Pokémon Coup d\'BŒuf', NULL),
(349, 'Pokémon Souris Venin', NULL),
(350, 'Pokémon Patient', NULL),
(351, 'Pokémon Big Boss', NULL),
(352, 'Pokémon Regénat', NULL),
(353, 'Pokémon Âme', NULL),
(354, 'Pokémon Chadeville', NULL),
(355, 'Pokémon Armoiseau', NULL),
(356, 'Pokémon Piégeur', NULL),
(357, 'Pokémon Battô', NULL),
(358, 'Pokémon Grotte', NULL),
(359, 'Pokémon Interdit', NULL),
(360, 'Pokémon Chien Fidèle', NULL),
(361, 'Pokémon Flash', NULL),
(362, 'Pokémon Mouton', NULL),
(363, 'Pokémon Porc', NULL),
(364, 'Pokémon Cieux', NULL),
(365, 'Pokémon Souhait', NULL),
(366, 'Pokémon Terrifiant', NULL),
(367, 'Pokémon Mouette', NULL),
(368, 'Pokémon Dérivenmer', NULL),
(369, 'Pokémon Scorpicroc', NULL),
(370, 'Pokémon Tressefleur', NULL),
(371, 'Pokémon Capefeuille', NULL),
(372, 'Pokémon Antenne', NULL),
(373, 'Pokémon Cheval Feu', NULL),
(374, 'Pokémon Poupon', NULL),
(375, 'Pokémon Souche', NULL),
(376, 'Pokémon Brilloeil', NULL),
(377, 'Pokémon Transperceur', NULL),
(378, 'Pokémon Bassinmarin', NULL),
(379, 'Pokémon Châtod\'Sable', NULL),
(380, 'Pokémon Pachycuivre', NULL),
(381, 'Pokémon Baby-Sitter', NULL),
(382, 'Pokémon Étourneau', NULL),
(383, 'Pokémon Poulain', NULL),
(384, 'Pokémon Boule de Fil', NULL),
(385, 'Pokémon Radôme', NULL),
(386, 'Pokémon Danseur', NULL),
(387, 'Pokémon Terrequin', NULL),
(388, 'Pokémon Serpent', NULL),
(389, 'Pokémon Point Polka', NULL),
(390, 'Pokémon Iceberg', NULL),
(391, 'Pokémon Ruche', NULL),
(392, 'Pokémon Écrou', NULL),
(393, 'Pokémon Strident', NULL),
(394, 'Pokémon Vole Vent', NULL),
(395, 'Pokémon Famille', NULL),
(396, 'Pokémon Insouciant', NULL),
(397, 'Pokémon Bloqueur', NULL),
(398, 'Pokémon Volonté', NULL),
(399, 'Pokémon Imitation', NULL),
(400, 'Pokémon Long-Nez', NULL),
(401, 'Pokémon Filature', NULL),
(402, 'Pokémon Chatigre', NULL),
(403, 'Pokémon Congère', NULL),
(404, 'Pokémon Épine', NULL),
(405, 'Pokémon Cheval Trait', NULL),
(406, 'Pokémon Forge', NULL),
(407, 'Pokémon Titanesque', NULL),
(408, 'Pokémon Aqualimace', NULL),
(409, 'Pokémon Biscoteaux', NULL),
(410, 'Pokémon Pivert', NULL),
(411, 'Pokémon Proto-Étoile', NULL),
(412, 'Pokémon Magnanime', NULL),
(413, 'Pokémon Aiglon', NULL),
(414, 'Pokémon Cachabouée', NULL),
(415, 'Pokémon Muraille', NULL),
(416, 'Pokémon Chandelle', NULL),
(417, 'Pokémon Désastre', NULL),
(418, 'Pokémon Poussin', NULL),
(419, 'Pokémon Minoiseau', NULL),
(420, 'Pokémon Crache-feu', NULL),
(421, 'Pokémon Abysse', NULL),
(422, 'Pokémon Prisme', NULL),
(423, 'Pokémon Sauvapigeon', NULL),
(424, 'Pokémon Embuscade', NULL),
(425, 'Pokémon Épineux', NULL),
(426, 'Pokémon Cœur de Fer', NULL),
(427, 'Pokémon Deudéfenses', NULL),
(428, 'Pokémon Pattefer', NULL),
(429, 'Pokémon Hainamour', NULL),
(430, 'Pokémon Hippo', NULL),
(431, 'Pokémon Clochebronze', NULL),
(432, 'Pokémon Calorifère', NULL),
(433, 'Pokémon Grincedent', NULL),
(434, 'Pokémon Mordillage', NULL),
(435, 'Pokémon Méditation', NULL),
(436, 'Pokémon Chenapan', NULL),
(437, 'Pokémon Gigoteur', NULL),
(438, 'Pokémon Gaz', NULL),
(439, 'Pokémon Temps', NULL),
(440, 'Pokémon Art Martial', NULL),
(441, 'Pokémon Petit Raton', NULL),
(442, 'Pokémon Fantômasque', NULL),
(443, 'Pokémon Mimétisme', NULL),
(444, 'Pokémon Sac Poison', NULL),
(445, 'Pokémon Enfant Feu', NULL),
(446, 'Pokémon Arbregelé', NULL),
(447, 'Pokémon Gard\'Os', NULL),
(448, 'Pokémon Pissenlit', NULL),
(449, 'Pokémon Mangerêve', NULL),
(450, 'Pokémon Bec Clairon', NULL),
(451, 'Pokémon Miniabeille', NULL),
(452, 'Pokémon Pose Paume', NULL),
(453, 'Pokémon Bivalve', NULL),
(454, 'Pokémon Volcan', NULL),
(455, 'Pokémon Psy', NULL),
(456, 'Pokémon Mante', NULL),
(457, 'Pokémon Escadron', NULL),
(458, 'Pokémon Lionceau', NULL),
(459, 'Pokémon Maternel', NULL),
(460, 'Pokémon Pionceur', NULL),
(461, 'Pokémon Exuvie', NULL),
(462, 'Pokémon Hydre Pomme', NULL),
(463, 'Pokémon Pourfendant', NULL),
(464, 'Pokémon Téracristal', NULL),
(465, 'Pokémon Perroquet', NULL),
(466, 'Pokémon Glaive', NULL),
(467, 'Pokémon Scorpogre', NULL),
(468, 'Pokémon Scarabée', NULL),
(469, 'Pokémon Minisouris', NULL),
(470, 'Pokémon Attachant', NULL),
(471, 'Pokémon Foudre', NULL),
(472, 'Pokémon Libellogre', NULL),
(473, 'Pokémon Gelé', NULL),
(474, 'Pokémon Chanteur', NULL),
(475, 'Pokémon Océanite', NULL),
(476, 'Pokémon Vil Catcheur', NULL),
(477, 'Pokémon Baleinapied', NULL),
(478, 'Pokémon Pteromys', NULL),
(479, 'Pokémon Poisson Ailé', NULL),
(480, 'Pokémon Cygne', NULL),
(481, 'Pokémon Vilain Singe', NULL),
(482, 'Pokémon Minioiseau', NULL),
(483, 'Pokémon Balle Pic', NULL),
(484, 'Pokémon Maxi Corne', NULL),
(485, 'Pokémon Karaté', NULL),
(486, 'Pokémon Enflammé', NULL),
(487, 'Pokémon Fertilié', NULL),
(488, 'Pokémon Perceur', NULL),
(489, 'Pokémon Hypnose', NULL),
(490, 'Pokémon Roule Boule', NULL),
(491, 'Pokémon Cristal', NULL),
(492, 'Pokémon Hirondelle', NULL),
(493, 'Pokémon Oursin', NULL),
(494, 'Pokémon Royal', NULL),
(495, 'Pokémon Aquaplante', NULL),
(496, 'Pokémon Vibration', NULL),
(497, 'Pokémon Nonchalant', NULL),
(498, 'Pokémon Froufrou', NULL),
(499, 'Pokémon Brise Glace', NULL),
(500, 'Pokémon Fonceur', NULL),
(501, 'Pokémon Castor', NULL),
(502, 'Pokémon Caprice', NULL),
(503, 'Pokémon Emprise', NULL),
(504, 'Pokémon Ninja', NULL),
(505, 'Pokémon Halite', NULL),
(506, 'Pokémon Lézard', NULL),
(507, 'Pokémon Génétique', NULL),
(508, 'Pokémon Verdoyant', NULL),
(509, 'Pokémon Plaine Verte', NULL),
(510, 'Pokémon Serpacroc', NULL),
(511, 'Pokémon Climat', NULL),
(512, 'Pokémon Singe Herbe', NULL),
(513, 'Pokémon Exuviateur', NULL),
(514, 'Pokémon Oiseaudo', NULL),
(515, 'Pokémon Varech', NULL),
(516, 'Pokémon Couture', NULL),
(517, 'Pokémon Chien', NULL),
(518, 'Pokémon Coupant', NULL),
(519, 'Pokémon Porsinge', NULL),
(520, 'Pokémon Boule Coton', NULL),
(521, 'Pokémon Racine', NULL),
(522, 'Pokémon Exhalécaille', NULL),
(523, 'Pokémon Tourbe', NULL),
(524, 'Pokémon Congelé', NULL),
(525, 'Pokémon Symbiose', NULL),
(526, 'Pokémon Majestueux', NULL),
(527, 'Pokémon Tranchant', NULL),
(528, 'Pokémon Caneton', NULL),
(529, 'Pokémon Marteau', NULL),
(530, 'Pokémon Halo Lunaire', NULL),
(531, 'Pokémon Jus Pomme', NULL),
(532, 'Pokémon Thé Noir', NULL),
(533, 'Pokémon Lis d\'Eau', NULL),
(534, 'Pokémon Virtuel', NULL),
(535, 'Pokémon Bogue', NULL),
(536, 'Pokémon Patrouille', NULL),
(537, 'Pokémon Brute', NULL),
(538, 'Pokémon Citrouille', NULL),
(539, 'Pokémon Sauterelle', NULL),
(540, 'Pokémon Magouilleur', NULL),
(541, 'Pokémon Jet', NULL),
(542, 'Pokémon Minitortue', NULL),
(543, 'Pokémon Fruit', NULL),
(544, 'Pokémon Soliste', NULL),
(545, 'Pokémon Daruma', NULL),
(546, 'Pokémon Mélodie', NULL),
(547, 'Pokémon Lumière', NULL),
(548, 'Pokémon Garnement', NULL),
(549, 'Pokémon Valeureux', NULL),
(550, 'Pokémon Mue', NULL),
(551, 'Pokémon Pince', NULL),
(552, 'Pokémon Spirale', NULL),
(553, 'Pokémon Cheval Rétif', NULL),
(554, 'Pokémon Arc-en-ciel', NULL),
(555, 'Pokémon Fauch\'Fleur', NULL),
(556, 'Pokémon Herbe', NULL),
(557, 'Pokémon Flamme', NULL),
(558, 'Pokémon Étoile', NULL),
(559, 'Pokémon Existence', NULL),
(560, 'Pokémon Ver de Terre', NULL),
(561, 'Pokémon Oiseau', NULL),
(562, 'Pokémon Congre', NULL),
(563, 'Pokémon Synchro', NULL),
(564, 'Pokémon Bulleur', NULL),
(565, 'Pokémon Vieillarbre', NULL),
(566, 'Pokémon Cogneur', NULL),
(567, 'Pokémon Fléau', NULL),
(568, 'Pokémon Turbusinge', NULL),
(569, 'Pokémon Patibulaire', NULL),
(570, 'Pokémon Bernacle', NULL),
(571, 'Pokémon Goinfre', NULL),
(572, 'Pokémon Tortue', NULL),
(573, 'Pokémon Victoire', NULL),
(574, 'Pokémon Surpression', NULL),
(575, 'Pokémon Carillon', NULL),
(576, 'Pokémon Canard Fou', NULL),
(577, 'Pokémon Flottaison', NULL),
(578, 'Pokémon Lépidécaille', NULL),
(579, 'Pokémon Chiot', NULL),
(580, 'Pokémon Grosse Voix', NULL),
(581, 'Pokémon Graine Épine', NULL),
(582, 'Pokémon Lunaire', NULL),
(583, 'Pokémon Célébration', NULL),
(584, 'Pokémon Viking', NULL),
(585, 'Pokémon Chafouin', NULL),
(586, 'Pokémon Golem Ancien', NULL),
(587, 'Pokémon Grand Silure', NULL),
(588, 'Pokémon Toxique', NULL),
(589, 'Pokémon Fournaise', NULL),
(590, 'Pokémon Ravi', NULL),
(591, 'Pokémon Feu Guerrier', NULL),
(592, 'Pokémon Loutre', NULL),
(593, 'Pokémon Punk', NULL),
(594, 'Pokémon Trousseau', NULL),
(595, 'Pokémon Tornade', NULL),
(596, 'Pokémon Jeunot', NULL),
(597, 'Pokémon Étreinte', NULL),
(598, 'Pokémon Temporel', NULL),
(599, 'Pokémon Roche', NULL),
(600, 'Pokémon Enneigement', NULL),
(601, 'Pokémon Brutal', NULL),
(602, 'Pokémon Artificiel', NULL),
(603, 'Pokémon Dévisageur', NULL),
(604, 'Pokémon Vapeur', NULL),
(605, 'Pokémon Ver', NULL),
(606, 'Pokémon Parasite', NULL),
(607, 'Pokémon Long-Cou', NULL),
(608, 'Pokémon Électêtard', NULL),
(609, 'Pokémon Polycylindre', NULL),
(610, 'Pokémon Laine', NULL),
(611, 'Pokémon Cocon', NULL),
(612, 'Pokémon Ballon', NULL),
(613, 'Pokémon Cerveau', NULL),
(614, 'Pokémon Guindé', NULL),
(615, 'Pokémon Acclameur', NULL),
(616, 'Pokémon Aura', NULL),
(617, 'Pokémon Émanation', NULL),
(618, 'Pokémon Champiméduse', NULL),
(619, 'Pokémon Multicolor', NULL),
(620, 'Pokémon Émotion', NULL),
(621, 'Pokémon Coconplopode', NULL),
(622, 'Pokémon Vif Éclair', NULL),
(623, 'Pokémon Carapadure', NULL),
(624, 'Pokémon Carnivore', NULL),
(625, 'Pokémon Baleinboule', NULL),
(626, 'Pokémon Plum\'acérée', NULL),
(627, 'Pokémon Bisou', NULL),
(628, 'Pokémon Explosion', NULL),
(629, 'Pokémon Ailes Pomme', NULL),
(630, 'Pokémon Habanero', NULL),
(631, 'Pokémon Multigénome', NULL),
(632, 'Pokémon Hibernant', NULL),
(633, 'Pokémon Singépine', NULL),
(634, 'Pokémon Mime', NULL),
(635, 'Pokémon Tamanoir', NULL),
(636, 'Pokémon Fer', NULL),
(637, 'Pokémon Comédien', NULL),
(638, 'Pokémon Poissigrand', NULL),
(639, 'Pokémon Ardent', NULL),
(640, 'Pokémon Similoiseau', NULL),
(641, 'Pokémon Vigne', NULL),
(642, 'Pokémon Équilibre', NULL),
(643, 'Pokémon Singe Venin', NULL),
(644, 'Pokémon Uniflore', NULL),
(645, 'Pokémon Météore', NULL),
(646, 'Pokémon Rendezvous', NULL),
(647, 'Pokémon Crétin', NULL),
(648, 'Pokémon Piquant', NULL),
(649, 'Pokémon Hibou', NULL),
(650, 'Pokémon Espace', NULL),
(651, 'Pokémon Pourri', NULL),
(652, 'Pokémon Blaster', NULL),
(653, 'Pokémon Implacable', NULL),
(654, 'Pokémon Boule Œil', NULL),
(655, 'Pokémon Minerai', NULL),
(656, 'Pokémon Cervolant', NULL),
(657, 'Pokémon Lécheur', NULL),
(658, 'Pokémon Soleil', NULL),
(659, 'Pokémon Continent', NULL),
(660, 'Pokémon Masque', NULL),
(661, 'Pokémon Note Musique', NULL),
(662, 'Pokémon Cellule', NULL),
(663, 'Pokémon Aqualapin', NULL),
(664, 'Pokémon Chat Furet', NULL),
(665, 'Pokémon Leçon', NULL),
(666, 'Pokémon Drainage', NULL),
(667, 'Pokémon ADN', NULL),
(668, 'Pokémon Tortue Boum', NULL),
(669, 'Pokémon Fruitpalme', NULL),
(670, 'Pokémon Matcha', NULL),
(671, 'Pokémon Morphing', NULL),
(672, 'Pokémon Décharge', NULL),
(673, 'Pokémon Lampe', NULL),
(674, 'Pokémon Jardin', NULL),
(675, 'Pokémon Avaltouron', NULL),
(676, 'Pokémon Appel', NULL),
(677, 'Pokémon Écailles', NULL),
(678, 'Pokémon Glaçon', NULL),
(679, 'Pokémon Colosse', NULL),
(680, 'Pokémon Volt Face', NULL),
(681, 'Pokémon Éon', NULL),
(682, 'Pokémon Buteur', NULL),
(683, 'Pokémon Hachomenton', NULL),
(684, 'Pokémon Serpenfer', NULL),
(685, 'Pokémon Engrenage', NULL),
(686, 'Pokémon Fragrance', NULL),
(687, 'Pokémon Aquasouris', NULL),
(688, 'Pokémon Cobra', NULL),
(689, 'Pokémon Corbeau', NULL),
(690, 'Pokémon Morsure', NULL),
(691, 'Pokémon Feu Bretteur', NULL),
(692, 'Pokémon Lézard\'Eau', NULL),
(693, 'Pokémon Starlette', NULL),
(694, 'Pokémon Foudroyeur', NULL),
(695, 'Pokémon Violent', NULL),
(696, 'Pokémon Ver Caché', NULL),
(697, 'Pokémon Cerise', NULL),
(698, 'Pokémon Chilopode', NULL),
(699, 'Pokémon Trésor Animé', NULL),
(700, 'Pokémon Chef-Fleur', NULL),
(701, 'Pokémon Parrain', NULL),
(702, 'Pokémon Tenace', NULL),
(703, 'Pokémon Caldeira', NULL),
(704, 'Pokémon Vigilant', NULL),
(705, 'Pokémon Fourmi Dure', NULL),
(706, 'Pokémon Forêt', NULL),
(707, 'Pokémon Grifacérée', NULL),
(708, 'Pokémon Peaupierre', NULL);

-- --------------------------------------------------------

--
-- Table structure for table `famille`
--

CREATE TABLE `famille` (
  `id` int(11) NOT NULL,
  `id_pokemon_base` int(11) DEFAULT NULL,
  `id_pokemon_level_2` int(11) DEFAULT NULL,
  `id_pokemon_level_3` int(11) DEFAULT NULL,
  `id_pokemon_ex` int(11) DEFAULT NULL,
  `description` mediumtext
) ENGINE=InnoDB DEFAULT CHARSET=latin1;

--
-- Dumping data for table `famille`
--

INSERT INTO `famille` (`id`, `id_pokemon_base`, `id_pokemon_level_2`, `id_pokemon_level_3`, `id_pokemon_ex`, `description`) VALUES
(2, 1, 2, 3, NULL, NULL),
(3, 4, 5, 6, NULL, NULL),
(4, 7, 8, 9, NULL, NULL),
(5, 10, 11, 12, NULL, NULL),
(6, 13, 14, 15, NULL, NULL),
(7, 16, 17, 18, NULL, NULL),
(8, 19, 20, NULL, NULL, NULL),
(9, 21, 22, NULL, NULL, NULL),
(10, 23, 24, NULL, NULL, NULL),
(11, 27, 28, NULL, NULL, NULL),
(12, 29, 30, 31, NULL, NULL),
(13, 32, 33, 34, NULL, NULL),
(14, 37, 38, NULL, NULL, NULL),
(15, 41, 42, 169, NULL, NULL),
(16, 43, 44, 45, NULL, NULL),
(17, 46, 47, NULL, NULL, NULL),
(18, 48, 49, NULL, NULL, NULL),
(19, 50, 51, NULL, NULL, NULL),
(20, 52, 53, NULL, NULL, NULL),
(21, 54, 55, NULL, NULL, NULL),
(22, 56, 57, 979, NULL, NULL),
(23, 58, 59, NULL, NULL, NULL),
(24, 60, 61, 62, NULL, NULL),
(25, 63, 64, 65, NULL, NULL),
(26, 66, 67, 68, NULL, NULL),
(27, 69, 70, 71, NULL, NULL),
(28, 72, 73, NULL, NULL, NULL),
(29, 74, 75, 76, NULL, NULL),
(30, 77, 78, NULL, NULL, NULL),
(31, 79, 80, 199, NULL, NULL),
(32, 81, 82, 462, NULL, NULL),
(33, 84, 85, NULL, NULL, NULL),
(34, 86, 87, NULL, NULL, NULL),
(35, 88, 89, NULL, NULL, NULL),
(36, 90, 91, NULL, NULL, NULL),
(37, 92, 93, 94, NULL, NULL),
(38, 95, 208, NULL, NULL, NULL),
(39, 96, 97, NULL, NULL, NULL),
(40, 98, 99, NULL, NULL, NULL),
(41, 100, 101, NULL, NULL, NULL),
(42, 102, 103, NULL, NULL, NULL),
(43, 104, 105, NULL, NULL, NULL),
(44, 108, 463, NULL, NULL, NULL),
(45, 109, 110, NULL, NULL, NULL),
(46, 111, 112, 464, NULL, NULL),
(47, 114, 465, NULL, NULL, NULL),
(48, 116, 117, 230, NULL, NULL),
(49, 118, 119, NULL, NULL, NULL),
(50, 120, 121, NULL, NULL, NULL),
(51, 123, 212, 900, NULL, NULL),
(52, 129, 130, NULL, NULL, NULL),
(53, 133, 134, 135, NULL, NULL),
(54, 137, 233, 474, NULL, NULL),
(55, 138, 139, NULL, NULL, NULL),
(56, 140, 141, NULL, NULL, NULL),
(57, 147, 148, 149, NULL, NULL),
(58, 152, 153, 154, NULL, NULL),
(59, 155, 156, 157, NULL, NULL),
(60, 158, 159, 160, NULL, NULL),
(61, 161, 162, NULL, NULL, NULL),
(62, 163, 164, NULL, NULL, NULL),
(63, 165, 166, NULL, NULL, NULL),
(64, 167, 168, NULL, NULL, NULL),
(65, 170, 171, NULL, NULL, NULL),
(66, 172, 25, 26, NULL, NULL),
(67, 173, 35, 36, NULL, NULL),
(68, 174, 39, 40, NULL, NULL),
(69, 175, 176, 468, NULL, NULL),
(70, 177, 178, NULL, NULL, NULL),
(71, 179, 180, 181, NULL, NULL),
(72, 187, 188, 189, NULL, NULL),
(73, 190, 424, NULL, NULL, NULL),
(74, 191, 192, NULL, NULL, NULL),
(75, 193, 469, NULL, NULL, NULL),
(76, 194, 195, NULL, NULL, NULL),
(77, 198, 430, NULL, NULL, NULL),
(78, 200, 429, NULL, NULL, NULL),
(79, 203, 981, NULL, NULL, NULL),
(80, 204, 205, NULL, NULL, NULL),
(81, 206, 982, NULL, NULL, NULL),
(82, 207, 472, NULL, NULL, NULL),
(83, 209, 210, NULL, NULL, NULL),
(84, 215, 461, NULL, NULL, NULL),
(85, 216, 217, 901, NULL, NULL),
(86, 218, 219, NULL, NULL, NULL),
(87, 220, 221, 473, NULL, NULL),
(88, 223, 224, NULL, NULL, NULL),
(89, 228, 229, NULL, NULL, NULL),
(90, 231, 232, NULL, NULL, NULL),
(91, 234, 899, NULL, NULL, NULL),
(92, 236, 106, 107, NULL, NULL),
(93, 238, 124, NULL, NULL, NULL),
(94, 239, 125, 466, NULL, NULL),
(95, 240, 126, 467, NULL, NULL),
(96, 246, 247, 248, NULL, NULL),
(97, 252, 253, 254, NULL, NULL),
(98, 255, 256, 257, NULL, NULL),
(99, 258, 259, 260, NULL, NULL),
(100, 261, 262, NULL, NULL, NULL),
(101, 263, 264, NULL, NULL, NULL),
(102, 265, 266, 267, NULL, NULL),
(103, 270, 271, 272, NULL, NULL),
(104, 273, 274, 275, NULL, NULL),
(105, 276, 277, NULL, NULL, NULL),
(106, 278, 279, NULL, NULL, NULL),
(107, 280, 281, 282, NULL, NULL),
(108, 283, 284, NULL, NULL, NULL),
(109, 285, 286, NULL, NULL, NULL),
(110, 287, 288, 289, NULL, NULL),
(111, 290, 291, 292, NULL, NULL),
(112, 293, 294, 295, NULL, NULL),
(113, 296, 297, NULL, NULL, NULL),
(114, 298, 183, 184, NULL, NULL),
(115, 299, 476, NULL, NULL, NULL),
(116, 300, 301, NULL, NULL, NULL),
(117, 304, 305, 306, NULL, NULL),
(118, 307, 308, NULL, NULL, NULL),
(119, 309, 310, NULL, NULL, NULL),
(120, 316, 317, NULL, NULL, NULL),
(121, 318, 319, NULL, NULL, NULL),
(122, 320, 321, NULL, NULL, NULL),
(123, 322, 323, NULL, NULL, NULL),
(124, 325, 326, NULL, NULL, NULL),
(125, 328, 329, 330, NULL, NULL),
(126, 331, 332, NULL, NULL, NULL),
(127, 333, 334, NULL, NULL, NULL),
(128, 339, 340, NULL, NULL, NULL),
(129, 341, 342, NULL, NULL, NULL),
(130, 343, 344, NULL, NULL, NULL),
(131, 345, 346, NULL, NULL, NULL),
(132, 347, 348, NULL, NULL, NULL),
(133, 349, 350, NULL, NULL, NULL),
(134, 353, 354, NULL, NULL, NULL),
(135, 355, 356, 477, NULL, NULL),
(136, 360, 202, NULL, NULL, NULL),
(137, 361, 362, 478, NULL, NULL),
(138, 363, 364, 365, NULL, NULL),
(139, 366, 367, 368, NULL, NULL),
(140, 371, 372, 373, NULL, NULL),
(141, 374, 375, 376, NULL, NULL),
(142, 387, 388, 389, NULL, NULL),
(143, 390, 391, 392, NULL, NULL),
(144, 393, 394, 395, NULL, NULL),
(145, 396, 397, 398, NULL, NULL),
(146, 399, 400, NULL, NULL, NULL),
(147, 401, 402, NULL, NULL, NULL),
(148, 403, 404, 405, NULL, NULL),
(149, 406, 315, 407, NULL, NULL),
(150, 408, 409, NULL, NULL, NULL),
(151, 410, 411, NULL, NULL, NULL),
(152, 412, 413, 414, NULL, NULL),
(153, 415, 416, NULL, NULL, NULL),
(154, 418, 419, NULL, NULL, NULL),
(155, 420, 421, NULL, NULL, NULL),
(156, 422, 423, NULL, NULL, NULL),
(157, 425, 426, NULL, NULL, NULL),
(158, 427, 428, NULL, NULL, NULL),
(159, 431, 432, NULL, NULL, NULL),
(160, 433, 358, NULL, NULL, NULL),
(161, 434, 435, NULL, NULL, NULL),
(162, 436, 437, NULL, NULL, NULL),
(163, 438, 185, NULL, NULL, NULL),
(164, 439, 122, NULL, NULL, NULL),
(165, 440, 113, 242, NULL, NULL),
(166, 443, 444, 445, NULL, NULL),
(167, 446, 446, NULL, NULL, NULL),
(168, 447, 448, NULL, NULL, NULL),
(169, 449, 450, NULL, NULL, NULL),
(170, 451, 452, NULL, NULL, NULL),
(171, 453, 454, NULL, NULL, NULL),
(172, 456, 457, NULL, NULL, NULL),
(173, 458, 226, NULL, NULL, NULL),
(174, 459, 460, NULL, NULL, NULL),
(175, 495, 496, 497, NULL, NULL),
(176, 498, 499, 500, NULL, NULL),
(177, 501, 502, 503, NULL, NULL),
(178, 504, 505, NULL, NULL, NULL),
(179, 506, 507, 508, NULL, NULL),
(180, 509, 510, NULL, NULL, NULL),
(181, 511, 512, NULL, NULL, NULL),
(182, 513, 514, NULL, NULL, NULL),
(183, 515, 516, NULL, NULL, NULL),
(184, 517, 518, NULL, NULL, NULL),
(185, 519, 520, 521, NULL, NULL),
(186, 522, 523, NULL, NULL, NULL),
(187, 524, 525, 526, NULL, NULL),
(188, 527, 528, NULL, NULL, NULL),
(189, 529, 530, NULL, NULL, NULL),
(190, 532, 533, 534, NULL, NULL),
(191, 535, 536, 537, NULL, NULL),
(192, 540, 541, 542, NULL, NULL),
(193, 543, 544, 545, NULL, NULL),
(194, 546, 547, NULL, NULL, NULL),
(195, 548, 549, 549, NULL, NULL),
(196, 550, 902, NULL, NULL, NULL),
(197, 551, 552, 553, NULL, NULL),
(198, 554, 555, NULL, NULL, NULL),
(199, 557, 558, NULL, NULL, NULL),
(200, 559, 560, NULL, NULL, NULL),
(201, 562, 563, NULL, NULL, NULL),
(202, 564, 565, NULL, NULL, NULL),
(203, 566, 567, NULL, NULL, NULL),
(204, 568, 569, NULL, NULL, NULL),
(205, 570, 571, NULL, NULL, NULL),
(206, 572, 573, NULL, NULL, NULL),
(207, 574, 575, 576, NULL, NULL),
(208, 577, 578, 579, NULL, NULL),
(209, 580, 581, NULL, NULL, NULL),
(210, 582, 583, 584, NULL, NULL),
(211, 585, 586, NULL, NULL, NULL),
(212, 588, 589, NULL, NULL, NULL),
(213, 590, 591, NULL, NULL, NULL),
(214, 592, 593, NULL, NULL, NULL),
(215, 595, 596, NULL, NULL, NULL),
(216, 597, 598, NULL, NULL, NULL),
(217, 599, 600, 601, NULL, NULL),
(218, 602, 603, 604, NULL, NULL),
(219, 605, 606, NULL, NULL, NULL),
(220, 607, 608, 609, NULL, NULL),
(221, 610, 611, 612, NULL, NULL),
(222, 613, 614, NULL, NULL, NULL),
(223, 616, 617, NULL, NULL, NULL),
(224, 619, 620, NULL, NULL, NULL),
(225, 622, 623, NULL, NULL, NULL),
(226, 624, 625, 983, NULL, NULL),
(227, 627, 628, 628, NULL, NULL),
(228, 629, 630, NULL, NULL, NULL),
(229, 633, 634, 635, NULL, NULL),
(230, 636, 637, NULL, NULL, NULL),
(231, 650, 651, 652, NULL, NULL),
(232, 653, 654, 655, NULL, NULL),
(233, 656, 657, 658, NULL, NULL),
(234, 659, 660, NULL, NULL, NULL),
(235, 661, 662, 663, NULL, NULL),
(236, 664, 665, 666, NULL, NULL),
(237, 667, 668, NULL, NULL, NULL),
(238, 669, 670, 671, NULL, NULL),
(239, 672, 673, NULL, NULL, NULL),
(240, 674, 675, NULL, NULL, NULL),
(241, 677, 678, NULL, NULL, NULL),
(242, 679, 680, 681, NULL, NULL),
(243, 682, 683, NULL, NULL, NULL),
(244, 684, 685, NULL, NULL, NULL),
(245, 686, 687, NULL, NULL, NULL),
(246, 688, 689, NULL, NULL, NULL),
(247, 690, 691, NULL, NULL, NULL),
(248, 692, 693, NULL, NULL, NULL),
(249, 694, 695, NULL, NULL, NULL),
(250, 696, 697, NULL, NULL, NULL),
(251, 698, 699, NULL, NULL, NULL),
(252, 704, 705, 706, NULL, NULL),
(253, 708, 709, NULL, NULL, NULL),
(254, 710, 711, NULL, NULL, NULL),
(255, 712, 713, 713, NULL, NULL),
(256, 714, 715, NULL, NULL, NULL),
(257, 722, 723, 724, NULL, NULL),
(258, 725, 726, 727, NULL, NULL),
(259, 728, 729, 730, NULL, NULL),
(260, 731, 732, 733, NULL, NULL),
(261, 734, 735, NULL, NULL, NULL),
(262, 736, 737, 738, NULL, NULL),
(263, 739, 740, NULL, NULL, NULL),
(264, 742, 743, NULL, NULL, NULL),
(265, 744, 745, NULL, NULL, NULL),
(266, 747, 748, NULL, NULL, NULL),
(267, 749, 750, NULL, NULL, NULL),
(268, 751, 752, NULL, NULL, NULL),
(269, 753, 754, NULL, NULL, NULL),
(270, 755, 756, NULL, NULL, NULL),
(271, 757, 758, NULL, NULL, NULL),
(272, 759, 760, NULL, NULL, NULL),
(273, 761, 762, 763, NULL, NULL),
(274, 767, 768, NULL, NULL, NULL),
(275, 769, 770, NULL, NULL, NULL),
(276, 772, 773, NULL, NULL, NULL),
(277, 782, 783, 784, NULL, NULL),
(278, 789, 790, 791, NULL, NULL),
(279, 803, 804, NULL, NULL, NULL),
(280, 808, 809, NULL, NULL, NULL),
(281, 810, 811, 812, NULL, NULL),
(282, 813, 814, 815, NULL, NULL),
(283, 816, 817, 818, NULL, NULL),
(284, 819, 820, NULL, NULL, NULL),
(285, 821, 822, 823, NULL, NULL),
(286, 824, 825, 826, NULL, NULL),
(287, 827, 828, NULL, NULL, NULL),
(288, 829, 830, NULL, NULL, NULL),
(289, 831, 832, NULL, NULL, NULL),
(290, 833, 834, NULL, NULL, NULL),
(291, 835, 836, NULL, NULL, NULL),
(292, 837, 838, 839, NULL, NULL),
(293, 840, 841, 842, NULL, NULL),
(294, 843, 844, NULL, NULL, NULL),
(295, 846, 847, NULL, NULL, NULL),
(296, 848, 849, NULL, NULL, NULL),
(297, 850, 851, NULL, NULL, NULL),
(298, 852, 853, NULL, NULL, NULL),
(299, 854, 855, NULL, NULL, NULL),
(300, 856, 857, 858, NULL, NULL),
(301, 859, 860, 861, NULL, NULL),
(302, 868, 869, NULL, NULL, NULL),
(303, 872, 873, NULL, NULL, NULL),
(304, 878, 879, NULL, NULL, NULL),
(305, 884, 1018, NULL, NULL, NULL),
(306, 885, 886, 887, NULL, NULL),
(307, 891, 892, NULL, NULL, NULL),
(308, 906, 907, 908, NULL, NULL),
(309, 909, 910, 911, NULL, NULL),
(310, 912, 913, 914, NULL, NULL),
(311, 915, 916, NULL, NULL, NULL),
(312, 917, 918, NULL, NULL, NULL),
(313, 919, 920, NULL, NULL, NULL),
(314, 921, 922, 923, NULL, NULL),
(315, 924, 925, NULL, NULL, NULL),
(316, 926, 927, NULL, NULL, NULL),
(317, 928, 929, 930, NULL, NULL),
(318, 932, 933, 934, NULL, NULL),
(319, 935, 936, 937, NULL, NULL),
(320, 938, 939, NULL, NULL, NULL),
(321, 940, 941, NULL, NULL, NULL),
(322, 942, 943, NULL, NULL, NULL),
(323, 944, 945, NULL, NULL, NULL),
(324, 946, 947, NULL, NULL, NULL),
(325, 948, 949, NULL, NULL, NULL),
(326, 951, 952, NULL, NULL, NULL),
(327, 953, 954, NULL, NULL, NULL),
(328, 955, 956, NULL, NULL, NULL),
(329, 957, 958, 959, NULL, NULL),
(330, 960, 961, NULL, NULL, NULL),
(331, 963, 964, NULL, NULL, NULL),
(332, 965, 966, NULL, NULL, NULL),
(333, 969, 970, NULL, NULL, NULL),
(334, 971, 972, NULL, NULL, NULL),
(335, 974, 975, NULL, NULL, NULL),
(336, 996, 997, 998, NULL, NULL),
(337, 999, 1000, NULL, NULL, NULL),
(338, 1012, 1013, NULL, NULL, NULL);

-- --------------------------------------------------------

--
-- Table structure for table `generation`
--

CREATE TABLE `generation` (
  `id` int(11) NOT NULL,
  `description` mediumtext
) ENGINE=InnoDB DEFAULT CHARSET=latin1;

--
-- Dumping data for table `generation`
--

INSERT INTO `generation` (`id`, `description`) VALUES
(1, 'generation 1'),
(2, 'generation 2'),
(3, 'generation 3'),
(4, 'generation 4'),
(5, 'generation 5'),
(6, 'generation 6'),
(7, 'generation 7'),
(8, 'generation 8'),
(9, 'generation 9');

-- --------------------------------------------------------

--
-- Table structure for table `link_faiblesse`
--

CREATE TABLE `link_faiblesse` (
  `id_pokemon` int(11) NOT NULL,
  `id_type` int(11) NOT NULL
) ENGINE=InnoDB DEFAULT CHARSET=latin1;

--
-- Dumping data for table `link_faiblesse`
--

INSERT INTO `link_faiblesse` (`id_pokemon`, `id_type`) VALUES
(1, 1),
(2, 1),
(3, 1),
(10, 1),
(11, 1),
(12, 1),
(13, 1),
(14, 1),
(15, 1),
(43, 1),
(44, 1),
(45, 1),
(48, 1),
(49, 1),
(69, 1),
(70, 1),
(71, 1),
(81, 1),
(82, 1),
(102, 1),
(103, 1),
(114, 1),
(123, 1),
(124, 1),
(127, 1),
(144, 1),
(152, 1),
(153, 1),
(154, 1),
(165, 1),
(166, 1),
(167, 1),
(168, 1),
(182, 1),
(187, 1),
(188, 1),
(189, 1),
(191, 1),
(192, 1),
(193, 1),
(204, 1),
(208, 1),
(214, 1),
(215, 1),
(225, 1),
(227, 1),
(238, 1),
(251, 1),
(252, 1),
(253, 1),
(254, 1),
(265, 1),
(266, 1),
(267, 1),
(268, 1),
(269, 1),
(273, 1),
(274, 1),
(275, 1),
(284, 1),
(285, 1),
(286, 1),
(290, 1),
(291, 1),
(303, 1),
(313, 1),
(314, 1),
(315, 1),
(331, 1),
(332, 1),
(357, 1),
(361, 1),
(362, 1),
(374, 1),
(375, 1),
(376, 1),
(378, 1),
(379, 1),
(385, 1),
(387, 1),
(388, 1),
(389, 1),
(401, 1),
(402, 1),
(406, 1),
(407, 1),
(412, 1),
(414, 1),
(415, 1),
(416, 1),
(420, 1),
(421, 1),
(437, 1),
(448, 1),
(451, 1),
(455, 1),
(461, 1),
(462, 1),
(465, 1),
(469, 1),
(470, 1),
(471, 1),
(478, 1),
(492, 1),
(495, 1),
(496, 1),
(497, 1),
(511, 1),
(512, 1),
(530, 1),
(543, 1),
(544, 1),
(545, 1),
(546, 1),
(547, 1),
(548, 1),
(549, 1),
(556, 1),
(582, 1),
(583, 1),
(584, 1),
(585, 1),
(586, 1),
(588, 1),
(590, 1),
(591, 1),
(595, 1),
(596, 1),
(599, 1),
(600, 1),
(601, 1),
(613, 1),
(614, 1),
(615, 1),
(616, 1),
(617, 1),
(624, 1),
(625, 1),
(638, 1),
(640, 1),
(650, 1),
(651, 1),
(652, 1),
(664, 1),
(665, 1),
(666, 1),
(672, 1),
(673, 1),
(679, 1),
(680, 1),
(681, 1),
(707, 1),
(708, 1),
(709, 1),
(710, 1),
(711, 1),
(712, 1),
(713, 1),
(722, 1),
(723, 1),
(724, 1),
(736, 1),
(737, 1),
(738, 1),
(740, 1),
(742, 1),
(743, 1),
(753, 1),
(754, 1),
(755, 1),
(756, 1),
(761, 1),
(762, 1),
(763, 1),
(777, 1),
(781, 1),
(787, 1),
(791, 1),
(794, 1),
(795, 1),
(797, 1),
(801, 1),
(808, 1),
(809, 1),
(810, 1),
(811, 1),
(812, 1),
(823, 1),
(824, 1),
(825, 1),
(826, 1),
(829, 1),
(830, 1),
(863, 1),
(866, 1),
(875, 1),
(878, 1),
(879, 1),
(881, 1),
(893, 1),
(896, 1),
(898, 1),
(906, 1),
(907, 1),
(908, 1),
(917, 1),
(918, 1),
(919, 1),
(920, 1),
(928, 1),
(929, 1),
(930, 1),
(946, 1),
(947, 1),
(948, 1),
(949, 1),
(951, 1),
(953, 1),
(954, 1),
(957, 1),
(958, 1),
(959, 1),
(965, 1),
(966, 1),
(968, 1),
(974, 1),
(975, 1),
(983, 1),
(986, 1),
(988, 1),
(990, 1),
(1000, 1),
(1001, 1),
(1002, 1),
(1010, 1),
(1012, 1),
(1013, 1),
(1017, 1),
(1023, 1),
(4, 2),
(5, 2),
(23, 2),
(24, 2),
(25, 2),
(26, 2),
(29, 2),
(30, 2),
(31, 2),
(32, 2),
(33, 2),
(34, 2),
(37, 2),
(38, 2),
(58, 2),
(59, 2),
(72, 2),
(73, 2),
(74, 2),
(75, 2),
(76, 2),
(77, 2),
(78, 2),
(88, 2),
(89, 2),
(94, 2),
(95, 2),
(100, 2),
(101, 2),
(111, 2),
(112, 2),
(125, 2),
(126, 2),
(135, 2),
(136, 2),
(138, 2),
(139, 2),
(140, 2),
(141, 2),
(155, 2),
(156, 2),
(157, 2),
(170, 2),
(171, 2),
(172, 2),
(179, 2),
(180, 2),
(181, 2),
(185, 2),
(208, 2),
(211, 2),
(218, 2),
(222, 2),
(228, 2),
(229, 2),
(239, 2),
(240, 2),
(243, 2),
(244, 2),
(246, 2),
(247, 2),
(248, 2),
(255, 2),
(256, 2),
(257, 2),
(299, 2),
(303, 2),
(309, 2),
(310, 2),
(311, 2),
(312, 2),
(316, 2),
(317, 2),
(322, 2),
(323, 2),
(324, 2),
(336, 2),
(369, 2),
(374, 2),
(375, 2),
(376, 2),
(377, 2),
(379, 2),
(385, 2),
(390, 2),
(391, 2),
(392, 2),
(395, 2),
(403, 2),
(404, 2),
(405, 2),
(408, 2),
(409, 2),
(417, 2),
(434, 2),
(435, 2),
(438, 2),
(448, 2),
(452, 2),
(453, 2),
(454, 2),
(464, 2),
(466, 2),
(467, 2),
(479, 2),
(483, 2),
(494, 2),
(498, 2),
(499, 2),
(500, 2),
(513, 2),
(514, 2),
(522, 2),
(523, 2),
(524, 2),
(525, 2),
(526, 2),
(530, 2),
(554, 2),
(555, 2),
(564, 2),
(565, 2),
(568, 2),
(569, 2),
(599, 2),
(600, 2),
(601, 2),
(607, 2),
(608, 2),
(609, 2),
(618, 2),
(624, 2),
(625, 2),
(631, 2),
(638, 2),
(639, 2),
(643, 2),
(644, 2),
(653, 2),
(654, 2),
(655, 2),
(667, 2),
(668, 2),
(679, 2),
(680, 2),
(681, 2),
(688, 2),
(689, 2),
(690, 2),
(691, 2),
(694, 2),
(695, 2),
(696, 2),
(697, 2),
(698, 2),
(699, 2),
(702, 2),
(703, 2),
(707, 2),
(719, 2),
(721, 2),
(725, 2),
(726, 2),
(727, 2),
(744, 2),
(745, 2),
(747, 2),
(748, 2),
(776, 2),
(785, 2),
(791, 2),
(796, 2),
(801, 2),
(803, 2),
(804, 2),
(806, 2),
(807, 2),
(808, 2),
(809, 2),
(813, 2),
(814, 2),
(815, 2),
(834, 2),
(835, 2),
(836, 2),
(837, 2),
(863, 2),
(871, 2),
(874, 2),
(877, 2),
(878, 2),
(879, 2),
(880, 2),
(881, 2),
(884, 2),
(890, 2),
(894, 2),
(903, 2),
(904, 2),
(909, 2),
(910, 2),
(911, 2),
(921, 2),
(922, 2),
(923, 2),
(932, 2),
(933, 2),
(934, 2),
(935, 2),
(936, 2),
(937, 2),
(938, 2),
(939, 2),
(944, 2),
(945, 2),
(950, 2),
(957, 2),
(958, 2),
(959, 2),
(968, 2),
(980, 2),
(983, 2),
(989, 2),
(990, 2),
(992, 2),
(1000, 2),
(1004, 2),
(1008, 2),
(1014, 2),
(1015, 2),
(1016, 2),
(1018, 2),
(1020, 2),
(1021, 2),
(1022, 2),
(1023, 2),
(1025, 2),
(35, 3),
(36, 3),
(39, 3),
(40, 3),
(74, 3),
(75, 3),
(76, 3),
(95, 3),
(111, 3),
(112, 3),
(122, 3),
(124, 3),
(142, 3),
(144, 3),
(173, 3),
(174, 3),
(175, 3),
(176, 3),
(185, 3),
(209, 3),
(210, 3),
(213, 3),
(215, 3),
(220, 3),
(221, 3),
(225, 3),
(238, 3),
(246, 3),
(247, 3),
(248, 3),
(280, 3),
(281, 3),
(282, 3),
(298, 3),
(299, 3),
(337, 3),
(338, 3),
(345, 3),
(346, 3),
(347, 3),
(348, 3),
(361, 3),
(362, 3),
(377, 3),
(378, 3),
(408, 3),
(409, 3),
(438, 3),
(439, 3),
(459, 3),
(460, 3),
(461, 3),
(464, 3),
(468, 3),
(471, 3),
(473, 3),
(478, 3),
(524, 3),
(525, 3),
(526, 3),
(546, 3),
(547, 3),
(557, 3),
(558, 3),
(566, 3),
(567, 3),
(582, 3),
(583, 3),
(584, 3),
(613, 3),
(614, 3),
(615, 3),
(639, 3),
(646, 3),
(669, 3),
(670, 3),
(671, 3),
(682, 3),
(683, 3),
(684, 3),
(685, 3),
(696, 3),
(697, 3),
(700, 3),
(712, 3),
(713, 3),
(716, 3),
(740, 3),
(742, 3),
(743, 3),
(744, 3),
(745, 3),
(755, 3),
(756, 3),
(764, 3),
(774, 3),
(778, 3),
(786, 3),
(787, 3),
(793, 3),
(837, 3),
(858, 3),
(859, 3),
(860, 3),
(861, 3),
(866, 3),
(868, 3),
(869, 3),
(872, 3),
(873, 3),
(874, 3),
(875, 3),
(888, 3),
(896, 3),
(900, 3),
(905, 3),
(926, 3),
(927, 3),
(932, 3),
(933, 3),
(934, 3),
(950, 3),
(969, 3),
(970, 3),
(974, 3),
(975, 3),
(985, 3),
(987, 3),
(996, 3),
(997, 3),
(998, 3),
(1002, 3),
(1006, 3),
(1016, 3),
(1022, 3),
(63, 4),
(64, 4),
(65, 4),
(79, 4),
(80, 4),
(92, 4),
(93, 4),
(94, 4),
(96, 4),
(97, 4),
(102, 4),
(103, 4),
(121, 4),
(122, 4),
(124, 4),
(150, 4),
(151, 4),
(177, 4),
(178, 4),
(196, 4),
(199, 4),
(200, 4),
(201, 4),
(202, 4),
(238, 4),
(249, 4),
(251, 4),
(280, 4),
(281, 4),
(282, 4),
(292, 4),
(307, 4),
(308, 4),
(325, 4),
(326, 4),
(337, 4),
(338, 4),
(343, 4),
(344, 4),
(353, 4),
(354, 4),
(355, 4),
(356, 4),
(358, 4),
(360, 4),
(374, 4),
(375, 4),
(376, 4),
(380, 4),
(381, 4),
(385, 4),
(386, 4),
(425, 4),
(426, 4),
(429, 4),
(433, 4),
(436, 4),
(437, 4),
(439, 4),
(475, 4),
(477, 4),
(478, 4),
(479, 4),
(480, 4),
(481, 4),
(482, 4),
(487, 4),
(488, 4),
(494, 4),
(517, 4),
(518, 4),
(527, 4),
(528, 4),
(561, 4),
(562, 4),
(563, 4),
(574, 4),
(575, 4),
(576, 4),
(577, 4),
(578, 4),
(579, 4),
(592, 4),
(593, 4),
(605, 4),
(606, 4),
(607, 4),
(608, 4),
(609, 4),
(622, 4),
(623, 4),
(655, 4),
(677, 4),
(678, 4),
(679, 4),
(680, 4),
(681, 4),
(708, 4),
(709, 4),
(710, 4),
(711, 4),
(724, 4),
(741, 4),
(769, 4),
(770, 4),
(778, 4),
(779, 4),
(781, 4),
(786, 4),
(789, 4),
(790, 4),
(791, 4),
(800, 4),
(802, 4),
(806, 4),
(825, 4),
(826, 4),
(854, 4),
(855, 4),
(856, 4),
(857, 4),
(858, 4),
(864, 4),
(866, 4),
(867, 4),
(885, 4),
(886, 4),
(887, 4),
(897, 4),
(898, 4),
(902, 4),
(911, 4),
(936, 4),
(937, 4),
(946, 4),
(947, 4),
(954, 4),
(955, 4),
(956, 4),
(971, 4),
(972, 4),
(976, 4),
(979, 4),
(985, 4),
(987, 4),
(999, 4),
(1000, 4),
(1010, 4),
(1012, 4),
(1013, 4),
(1015, 4),
(1022, 4),
(1023, 4),
(1025, 4),
(1, 5),
(2, 5),
(3, 5),
(10, 5),
(11, 5),
(12, 5),
(13, 5),
(14, 5),
(15, 5),
(43, 5),
(44, 5),
(45, 5),
(48, 5),
(49, 5),
(56, 5),
(57, 5),
(62, 5),
(66, 5),
(67, 5),
(68, 5),
(69, 5),
(70, 5),
(71, 5),
(102, 5),
(103, 5),
(106, 5),
(107, 5),
(114, 5),
(123, 5),
(127, 5),
(152, 5),
(153, 5),
(154, 5),
(165, 5),
(166, 5),
(167, 5),
(168, 5),
(182, 5),
(187, 5),
(188, 5),
(189, 5),
(191, 5),
(192, 5),
(193, 5),
(204, 5),
(236, 5),
(237, 5),
(251, 5),
(252, 5),
(253, 5),
(254, 5),
(256, 5),
(257, 5),
(265, 5),
(266, 5),
(267, 5),
(268, 5),
(269, 5),
(270, 5),
(271, 5),
(272, 5),
(273, 5),
(274, 5),
(275, 5),
(283, 5),
(284, 5),
(285, 5),
(290, 5),
(291, 5),
(292, 5),
(296, 5),
(297, 5),
(307, 5),
(308, 5),
(313, 5),
(314, 5),
(315, 5),
(331, 5),
(332, 5),
(357, 5),
(387, 5),
(388, 5),
(389, 5),
(391, 5),
(392, 5),
(401, 5),
(402, 5),
(406, 5),
(407, 5),
(412, 5),
(414, 5),
(415, 5),
(416, 5),
(420, 5),
(421, 5),
(447, 5),
(451, 5),
(453, 5),
(454, 5),
(455, 5),
(459, 5),
(460, 5),
(465, 5),
(469, 5),
(470, 5),
(475, 5),
(492, 5),
(495, 5),
(496, 5),
(497, 5),
(499, 5),
(500, 5),
(511, 5),
(512, 5),
(532, 5),
(533, 5),
(534, 5),
(538, 5),
(539, 5),
(543, 5),
(544, 5),
(545, 5),
(546, 5),
(547, 5),
(548, 5),
(549, 5),
(556, 5),
(559, 5),
(560, 5),
(585, 5),
(586, 5),
(588, 5),
(590, 5),
(591, 5),
(616, 5),
(617, 5),
(619, 5),
(620, 5),
(636, 5),
(637, 5),
(647, 5),
(650, 5),
(651, 5),
(664, 5),
(665, 5),
(666, 5),
(672, 5),
(673, 5),
(674, 5),
(675, 5),
(701, 5),
(708, 5),
(709, 5),
(710, 5),
(711, 5),
(722, 5),
(723, 5),
(724, 5),
(736, 5),
(739, 5),
(740, 5),
(742, 5),
(743, 5),
(751, 5),
(752, 5),
(753, 5),
(754, 5),
(755, 5),
(756, 5),
(759, 5),
(760, 5),
(761, 5),
(762, 5),
(763, 5),
(766, 5),
(767, 5),
(768, 5),
(781, 5),
(783, 5),
(784, 5),
(787, 5),
(802, 5),
(810, 5),
(811, 5),
(812, 5),
(824, 5),
(825, 5),
(826, 5),
(829, 5),
(830, 5),
(840, 5),
(841, 5),
(842, 5),
(850, 5),
(851, 5),
(852, 5),
(853, 5),
(865, 5),
(870, 5),
(872, 5),
(873, 5),
(889, 5),
(891, 5),
(892, 5),
(893, 5),
(898, 5),
(903, 5),
(906, 5),
(907, 5),
(908, 5),
(914, 5),
(917, 5),
(918, 5),
(919, 5),
(920, 5),
(928, 5),
(929, 5),
(930, 5),
(946, 5),
(947, 5),
(948, 5),
(949, 5),
(951, 5),
(952, 5),
(953, 5),
(954, 5),
(973, 5),
(979, 5),
(984, 5),
(986, 5),
(1001, 5),
(1006, 5),
(1007, 5),
(1010, 5),
(1011, 5),
(1012, 5),
(1013, 5),
(1014, 5),
(1017, 5),
(1019, 5),
(56, 6),
(57, 6),
(62, 6),
(66, 6),
(67, 6),
(68, 6),
(106, 6),
(107, 6),
(147, 6),
(148, 6),
(149, 6),
(197, 6),
(198, 6),
(214, 6),
(215, 6),
(230, 6),
(236, 6),
(237, 6),
(248, 6),
(261, 6),
(262, 6),
(274, 6),
(275, 6),
(286, 6),
(296, 6),
(297, 6),
(302, 6),
(307, 6),
(308, 6),
(318, 6),
(319, 6),
(329, 6),
(330, 6),
(332, 6),
(334, 6),
(342, 6),
(359, 6),
(371, 6),
(372, 6),
(373, 6),
(380, 6),
(381, 6),
(384, 6),
(430, 6),
(442, 6),
(443, 6),
(444, 6),
(445, 6),
(447, 6),
(461, 6),
(475, 6),
(484, 6),
(487, 6),
(491, 6),
(509, 6),
(510, 6),
(532, 6),
(533, 6),
(534, 6),
(538, 6),
(539, 6),
(551, 6),
(552, 6),
(553, 6),
(570, 6),
(571, 6),
(610, 6),
(611, 6),
(612, 6),
(619, 6),
(620, 6),
(621, 6),
(629, 6),
(630, 6),
(639, 6),
(640, 6),
(644, 6),
(646, 6),
(647, 6),
(652, 6),
(658, 6),
(674, 6),
(686, 6),
(687, 6),
(696, 6),
(697, 6),
(701, 6),
(704, 6),
(705, 6),
(706, 6),
(714, 6),
(715, 6),
(717, 6),
(718, 6),
(739, 6),
(740, 6),
(759, 6),
(760, 6),
(766, 6),
(780, 6),
(782, 6),
(794, 6),
(795, 6),
(802, 6),
(827, 6),
(828, 6),
(840, 6),
(841, 6),
(842, 6),
(852, 6),
(853, 6),
(859, 6),
(860, 6),
(861, 6),
(862, 6),
(865, 6),
(870, 6),
(877, 6),
(880, 6),
(882, 6),
(885, 6),
(886, 6),
(887, 6),
(889, 6),
(891, 6),
(893, 6),
(895, 6),
(908, 6),
(914, 6),
(920, 6),
(922, 6),
(923, 6),
(942, 6),
(943, 6),
(962, 6),
(967, 6),
(973, 6),
(978, 6),
(979, 6),
(984, 6),
(986, 6),
(988, 6),
(992, 6),
(993, 6),
(996, 6),
(997, 6),
(998, 6),
(1001, 6),
(1002, 6),
(1003, 6),
(1006, 6),
(1008, 6),
(1009, 6),
(1011, 6),
(1019, 6),
(1021, 6),
(147, 7),
(148, 7),
(149, 7),
(230, 7),
(329, 7),
(330, 7),
(334, 7),
(371, 7),
(372, 7),
(373, 7),
(380, 7),
(381, 7),
(384, 7),
(443, 7),
(444, 7),
(445, 7),
(484, 7),
(487, 7),
(610, 7),
(611, 7),
(612, 7),
(621, 7),
(633, 7),
(634, 7),
(635, 7),
(643, 7),
(644, 7),
(646, 7),
(691, 7),
(696, 7),
(697, 7),
(704, 7),
(705, 7),
(706, 7),
(714, 7),
(715, 7),
(718, 7),
(776, 7),
(780, 7),
(782, 7),
(783, 7),
(784, 7),
(799, 7),
(804, 7),
(840, 7),
(841, 7),
(842, 7),
(880, 7),
(882, 7),
(885, 7),
(886, 7),
(887, 7),
(890, 7),
(895, 7),
(967, 7),
(978, 7),
(996, 7),
(997, 7),
(998, 7),
(1005, 7),
(1007, 7),
(1008, 7),
(1009, 7),
(1011, 7),
(1019, 7),
(1020, 7),
(1021, 7),
(46, 8),
(47, 8),
(63, 8),
(64, 8),
(65, 8),
(79, 8),
(80, 8),
(96, 8),
(97, 8),
(114, 8),
(121, 8),
(124, 8),
(150, 8),
(151, 8),
(152, 8),
(153, 8),
(154, 8),
(182, 8),
(191, 8),
(192, 8),
(196, 8),
(197, 8),
(199, 8),
(201, 8),
(202, 8),
(203, 8),
(215, 8),
(238, 8),
(248, 8),
(252, 8),
(253, 8),
(254, 8),
(261, 8),
(262, 8),
(270, 8),
(271, 8),
(272, 8),
(273, 8),
(285, 8),
(318, 8),
(319, 8),
(325, 8),
(326, 8),
(331, 8),
(337, 8),
(338, 8),
(342, 8),
(343, 8),
(344, 8),
(345, 8),
(346, 8),
(358, 8),
(359, 8),
(360, 8),
(380, 8),
(381, 8),
(386, 8),
(387, 8),
(388, 8),
(389, 8),
(413, 8),
(420, 8),
(421, 8),
(433, 8),
(455, 8),
(459, 8),
(460, 8),
(461, 8),
(465, 8),
(470, 8),
(480, 8),
(481, 8),
(482, 8),
(488, 8),
(491, 8),
(495, 8),
(496, 8),
(497, 8),
(509, 8),
(510, 8),
(511, 8),
(512, 8),
(517, 8),
(518, 8),
(540, 8),
(541, 8),
(542, 8),
(548, 8),
(549, 8),
(551, 8),
(552, 8),
(553, 8),
(556, 8),
(570, 8),
(571, 8),
(574, 8),
(575, 8),
(576, 8),
(577, 8),
(578, 8),
(579, 8),
(585, 8),
(586, 8),
(605, 8),
(606, 8),
(633, 8),
(634, 8),
(635, 8),
(648, 8),
(650, 8),
(651, 8),
(658, 8),
(672, 8),
(673, 8),
(677, 8),
(678, 8),
(753, 8),
(754, 8),
(761, 8),
(762, 8),
(763, 8),
(765, 8),
(779, 8),
(789, 8),
(790, 8),
(799, 8),
(800, 8),
(810, 8),
(811, 8),
(812, 8),
(825, 8),
(826, 8),
(827, 8),
(828, 8),
(829, 8),
(830, 8),
(840, 8),
(841, 8),
(842, 8),
(856, 8),
(857, 8),
(862, 8),
(866, 8),
(876, 8),
(877, 8),
(899, 8),
(906, 8),
(907, 8),
(920, 8),
(928, 8),
(929, 8),
(930, 8),
(942, 8),
(943, 8),
(948, 8),
(949, 8),
(951, 8),
(954, 8),
(955, 8),
(956, 8),
(976, 8),
(981, 8),
(1002, 8),
(1003, 8),
(1005, 8),
(1011, 8),
(1017, 8),
(1019, 8),
(1022, 8),
(7, 9),
(8, 9),
(9, 9),
(27, 9),
(28, 9),
(50, 9),
(51, 9),
(54, 9),
(55, 9),
(60, 9),
(61, 9),
(62, 9),
(79, 9),
(80, 9),
(86, 9),
(87, 9),
(90, 9),
(91, 9),
(98, 9),
(99, 9),
(104, 9),
(105, 9),
(116, 9),
(117, 9),
(118, 9),
(119, 9),
(120, 9),
(121, 9),
(129, 9),
(131, 9),
(134, 9),
(158, 9),
(159, 9),
(160, 9),
(170, 9),
(171, 9),
(185, 9),
(186, 9),
(199, 9),
(220, 9),
(221, 9),
(223, 9),
(224, 9),
(231, 9),
(232, 9),
(245, 9),
(248, 9),
(258, 9),
(299, 9),
(318, 9),
(319, 9),
(320, 9),
(321, 9),
(328, 9),
(337, 9),
(338, 9),
(341, 9),
(342, 9),
(343, 9),
(344, 9),
(349, 9),
(350, 9),
(363, 9),
(364, 9),
(365, 9),
(366, 9),
(367, 9),
(368, 9),
(370, 9),
(377, 9),
(382, 9),
(383, 9),
(393, 9),
(394, 9),
(400, 9),
(408, 9),
(409, 9),
(418, 9),
(419, 9),
(422, 9),
(438, 9),
(449, 9),
(450, 9),
(456, 9),
(457, 9),
(473, 9),
(489, 9),
(490, 9),
(501, 9),
(502, 9),
(503, 9),
(515, 9),
(516, 9),
(524, 9),
(525, 9),
(526, 9),
(529, 9),
(535, 9),
(550, 9),
(551, 9),
(552, 9),
(553, 9),
(592, 9),
(593, 9),
(594, 9),
(618, 9),
(622, 9),
(623, 9),
(639, 9),
(647, 9),
(656, 9),
(657, 9),
(658, 9),
(660, 9),
(692, 9),
(693, 9),
(698, 9),
(699, 9),
(703, 9),
(719, 9),
(728, 9),
(729, 9),
(730, 9),
(744, 9),
(745, 9),
(746, 9),
(749, 9),
(750, 9),
(769, 9),
(770, 9),
(771, 9),
(779, 9),
(788, 9),
(816, 9),
(817, 9),
(818, 9),
(833, 9),
(837, 9),
(843, 9),
(844, 9),
(846, 9),
(847, 9),
(867, 9),
(874, 9),
(883, 9),
(901, 9),
(902, 9),
(912, 9),
(913, 9),
(914, 9),
(932, 9),
(933, 9),
(934, 9),
(950, 9),
(960, 9),
(961, 9),
(963, 9),
(964, 9),
(976, 9),
(977, 9),
(984, 9),
(989, 9),
(991, 9),
(995, 9),
(1003, 9),
(1022, 9),
(6, 10),
(7, 10),
(8, 10),
(9, 10),
(12, 10),
(16, 10),
(17, 10),
(18, 10),
(21, 10),
(22, 10),
(41, 10),
(42, 10),
(54, 10),
(55, 10),
(60, 10),
(61, 10),
(62, 10),
(72, 10),
(73, 10),
(79, 10),
(80, 10),
(83, 10),
(84, 10),
(85, 10),
(86, 10),
(87, 10),
(90, 10),
(91, 10),
(98, 10),
(99, 10),
(116, 10),
(117, 10),
(118, 10),
(120, 10),
(121, 10),
(123, 10),
(129, 10),
(131, 10),
(134, 10),
(138, 10),
(139, 10),
(140, 10),
(141, 10),
(142, 10),
(144, 10),
(146, 10),
(158, 10),
(159, 10),
(160, 10),
(163, 10),
(164, 10),
(165, 10),
(166, 10),
(169, 10),
(176, 10),
(177, 10),
(178, 10),
(183, 10),
(184, 10),
(186, 10),
(193, 10),
(198, 10),
(199, 10),
(211, 10),
(222, 10),
(223, 10),
(224, 10),
(225, 10),
(227, 10),
(245, 10),
(249, 10),
(250, 10),
(258, 10),
(267, 10),
(276, 10),
(277, 10),
(283, 10),
(284, 10),
(291, 10),
(318, 10),
(319, 10),
(320, 10),
(321, 10),
(333, 10),
(341, 10),
(342, 10),
(349, 10),
(350, 10),
(363, 10),
(364, 10),
(365, 10),
(366, 10),
(367, 10),
(368, 10),
(369, 10),
(370, 10),
(382, 10),
(393, 10),
(394, 10),
(395, 10),
(396, 10),
(397, 10),
(398, 10),
(400, 10),
(414, 10),
(415, 10),
(416, 10),
(418, 10),
(419, 10),
(422, 10),
(425, 10),
(426, 10),
(430, 10),
(441, 10),
(456, 10),
(457, 10),
(468, 10),
(469, 10),
(489, 10),
(490, 10),
(501, 10),
(502, 10),
(503, 10),
(515, 10),
(516, 10),
(519, 10),
(520, 10),
(521, 10),
(527, 10),
(528, 10),
(535, 10),
(550, 10),
(561, 10),
(564, 10),
(565, 10),
(566, 10),
(567, 10),
(592, 10),
(593, 10),
(594, 10),
(627, 10),
(628, 10),
(629, 10),
(630, 10),
(641, 10),
(647, 10),
(656, 10),
(657, 10),
(658, 10),
(661, 10),
(662, 10),
(663, 10),
(666, 10),
(688, 10),
(689, 10),
(690, 10),
(692, 10),
(693, 10),
(701, 10),
(717, 10),
(721, 10),
(728, 10),
(729, 10),
(730, 10),
(731, 10),
(732, 10),
(733, 10),
(741, 10),
(746, 10),
(747, 10),
(748, 10),
(751, 10),
(752, 10),
(767, 10),
(768, 10),
(771, 10),
(774, 10),
(779, 10),
(788, 10),
(797, 10),
(816, 10),
(817, 10),
(818, 10),
(821, 10),
(822, 10),
(823, 10),
(833, 10),
(834, 10),
(846, 10),
(847, 10),
(883, 10),
(902, 10),
(905, 10),
(912, 10),
(913, 10),
(914, 10),
(931, 10),
(960, 10),
(961, 10),
(962, 10),
(963, 10),
(964, 10),
(973, 10),
(976, 10),
(977, 10),
(991, 10),
(993, 10),
(19, 12),
(20, 12),
(52, 12),
(53, 12),
(74, 12),
(75, 12),
(76, 12),
(81, 12),
(82, 12),
(87, 12),
(91, 12),
(95, 12),
(108, 12),
(111, 12),
(112, 12),
(113, 12),
(115, 12),
(128, 12),
(131, 12),
(132, 12),
(133, 12),
(137, 12),
(138, 12),
(139, 12),
(140, 12),
(141, 12),
(143, 12),
(161, 12),
(162, 12),
(185, 12),
(190, 12),
(197, 12),
(206, 12),
(208, 12),
(216, 12),
(217, 12),
(219, 12),
(220, 12),
(221, 12),
(222, 12),
(228, 12),
(229, 12),
(233, 12),
(234, 12),
(235, 12),
(241, 12),
(242, 12),
(246, 12),
(247, 12),
(261, 12),
(262, 12),
(263, 12),
(264, 12),
(274, 12),
(275, 12),
(287, 12),
(288, 12),
(289, 12),
(293, 12),
(294, 12),
(295, 12),
(299, 12),
(300, 12),
(301, 12),
(318, 12),
(319, 12),
(327, 12),
(332, 12),
(335, 12),
(342, 12),
(345, 12),
(346, 12),
(351, 12),
(352, 12),
(359, 12),
(361, 12),
(362, 12),
(363, 12),
(364, 12),
(365, 12),
(369, 12),
(377, 12),
(378, 12),
(379, 12),
(395, 12),
(399, 12),
(400, 12),
(408, 12),
(409, 12),
(424, 12),
(427, 12),
(428, 12),
(431, 12),
(432, 12),
(438, 12),
(440, 12),
(446, 12),
(448, 12),
(459, 12),
(460, 12),
(462, 12),
(463, 12),
(464, 12),
(471, 12),
(473, 12),
(474, 12),
(483, 12),
(485, 12),
(486, 12),
(491, 12),
(493, 12),
(504, 12),
(505, 12),
(506, 12),
(507, 12),
(508, 12),
(509, 12),
(510, 12),
(524, 12),
(525, 12),
(526, 12),
(530, 12),
(531, 12),
(551, 12),
(552, 12),
(553, 12),
(559, 12),
(560, 12),
(564, 12),
(565, 12),
(570, 12),
(571, 12),
(572, 12),
(573, 12),
(582, 12),
(583, 12),
(584, 12),
(585, 12),
(586, 12),
(597, 12),
(598, 12),
(599, 12),
(600, 12),
(601, 12),
(613, 12),
(614, 12),
(615, 12),
(626, 12),
(633, 12),
(634, 12),
(635, 12),
(638, 12),
(639, 12),
(646, 12),
(658, 12),
(659, 12),
(660, 12),
(667, 12),
(668, 12),
(675, 12),
(676, 12),
(688, 12),
(689, 12),
(694, 12),
(695, 12),
(696, 12),
(697, 12),
(712, 12),
(713, 12),
(727, 12),
(734, 12),
(735, 12),
(740, 12),
(744, 12),
(745, 12),
(759, 12),
(760, 12),
(772, 12),
(773, 12),
(775, 12),
(777, 12),
(780, 12),
(798, 12),
(799, 12),
(808, 12),
(809, 12),
(819, 12),
(820, 12),
(827, 12),
(828, 12),
(831, 12),
(832, 12),
(834, 12),
(837, 12),
(838, 12),
(839, 12),
(863, 12),
(874, 12),
(875, 12),
(877, 12),
(878, 12),
(879, 12),
(881, 12),
(883, 12),
(884, 12),
(892, 12),
(893, 12),
(896, 12),
(901, 12),
(908, 12),
(915, 12),
(916, 12),
(924, 12),
(925, 12),
(928, 12),
(929, 12),
(930, 12),
(932, 12),
(933, 12),
(934, 12),
(942, 12),
(943, 12),
(950, 12),
(967, 12),
(968, 12),
(974, 12),
(975, 12),
(982, 12),
(986, 12),
(990, 12),
(991, 12),
(995, 12),
(996, 12),
(997, 12),
(998, 12),
(1001, 12),
(1003, 12),
(1004, 12),
(1005, 12),
(1018, 12),
(1024, 12),
(4, 13),
(5, 13),
(10, 13),
(11, 13),
(13, 13),
(14, 13),
(15, 13),
(16, 13),
(17, 13),
(18, 13),
(21, 13),
(22, 13),
(37, 13),
(38, 13),
(41, 13),
(42, 13),
(46, 13),
(47, 13),
(48, 13),
(49, 13),
(58, 13),
(59, 13),
(77, 13),
(78, 13),
(83, 13),
(84, 13),
(85, 13),
(87, 13),
(91, 13),
(124, 13),
(126, 13),
(127, 13),
(130, 13),
(131, 13),
(136, 13),
(142, 13),
(145, 13),
(149, 13),
(155, 13),
(156, 13),
(157, 13),
(163, 13),
(164, 13),
(167, 13),
(168, 13),
(169, 13),
(176, 13),
(177, 13),
(178, 13),
(187, 13),
(188, 13),
(189, 13),
(198, 13),
(204, 13),
(213, 13),
(215, 13),
(218, 13),
(219, 13),
(226, 13),
(228, 13),
(229, 13),
(238, 13),
(240, 13),
(244, 13),
(249, 13),
(255, 13),
(265, 13),
(266, 13),
(268, 13),
(269, 13),
(276, 13),
(277, 13),
(278, 13),
(279, 13),
(283, 13),
(292, 13),
(313, 13),
(314, 13),
(324, 13),
(333, 13),
(334, 13),
(347, 13),
(348, 13),
(357, 13),
(361, 13),
(362, 13),
(363, 13),
(364, 13),
(365, 13),
(373, 13),
(378, 13),
(384, 13),
(390, 13),
(396, 13),
(397, 13),
(398, 13),
(401, 13),
(402, 13),
(412, 13),
(413, 13),
(425, 13),
(426, 13),
(430, 13),
(441, 13),
(451, 13),
(458, 13),
(459, 13),
(460, 13),
(461, 13),
(467, 13),
(468, 13),
(471, 13),
(478, 13),
(494, 13),
(498, 13),
(513, 13),
(514, 13),
(519, 13),
(520, 13),
(521, 13),
(527, 13),
(528, 13),
(540, 13),
(541, 13),
(542, 13),
(543, 13),
(544, 13),
(545, 13),
(554, 13),
(555, 13),
(557, 13),
(558, 13),
(561, 13),
(566, 13),
(567, 13),
(580, 13),
(581, 13),
(582, 13),
(583, 13),
(584, 13),
(587, 13),
(588, 13),
(595, 13),
(596, 13),
(607, 13),
(608, 13),
(609, 13),
(613, 13),
(614, 13),
(615, 13),
(616, 13),
(617, 13),
(627, 13),
(628, 13),
(629, 13),
(630, 13),
(631, 13),
(641, 13),
(642, 13),
(643, 13),
(646, 13),
(653, 13),
(654, 13),
(655, 13),
(661, 13),
(664, 13),
(665, 13),
(667, 13),
(668, 13),
(698, 13),
(699, 13),
(712, 13),
(713, 13),
(714, 13),
(715, 13),
(717, 13),
(721, 13),
(722, 13),
(723, 13),
(725, 13),
(726, 13),
(727, 13),
(731, 13),
(732, 13),
(733, 13),
(736, 13),
(737, 13),
(738, 13),
(741, 13),
(742, 13),
(743, 13),
(751, 13),
(752, 13),
(757, 13),
(758, 13),
(767, 13),
(768, 13),
(774, 13),
(776, 13),
(806, 13),
(813, 13),
(814, 13),
(815, 13),
(821, 13),
(822, 13),
(824, 13),
(825, 13),
(826, 13),
(838, 13),
(839, 13),
(845, 13),
(866, 13),
(875, 13),
(881, 13),
(883, 13),
(896, 13),
(900, 13),
(905, 13),
(909, 13),
(910, 13),
(911, 13),
(917, 13),
(918, 13),
(919, 13),
(920, 13),
(931, 13),
(935, 13),
(936, 13),
(937, 13),
(940, 13),
(941, 13),
(952, 13),
(953, 13),
(954, 13),
(962, 13),
(974, 13),
(975, 13),
(991, 13),
(993, 13),
(994, 13),
(996, 13),
(997, 13),
(998, 13),
(1002, 13),
(1004, 13),
(1020, 13),
(1, 14),
(2, 14),
(3, 14),
(13, 14),
(14, 14),
(15, 14),
(23, 14),
(24, 14),
(29, 14),
(30, 14),
(31, 14),
(32, 14),
(33, 14),
(34, 14),
(41, 14),
(42, 14),
(43, 14),
(44, 14),
(45, 14),
(48, 14),
(49, 14),
(56, 14),
(57, 14),
(62, 14),
(66, 14),
(67, 14),
(68, 14),
(69, 14),
(70, 14),
(71, 14),
(72, 14),
(73, 14),
(88, 14),
(89, 14),
(92, 14),
(93, 14),
(94, 14),
(106, 14),
(107, 14),
(109, 14),
(110, 14),
(167, 14),
(168, 14),
(169, 14),
(211, 14),
(214, 14),
(236, 14),
(237, 14),
(256, 14),
(257, 14),
(269, 14),
(286, 14),
(296, 14),
(297, 14),
(315, 14),
(316, 14),
(317, 14),
(336, 14),
(391, 14),
(392, 14),
(406, 14),
(407, 14),
(447, 14),
(451, 14),
(499, 14),
(500, 14),
(532, 14),
(533, 14),
(534, 14),
(538, 14),
(539, 14),
(543, 14),
(544, 14),
(545, 14),
(568, 14),
(569, 14),
(590, 14),
(591, 14),
(619, 14),
(620, 14),
(639, 14),
(640, 14),
(647, 14),
(652, 14),
(674, 14),
(690, 14),
(691, 14),
(701, 14),
(739, 14),
(740, 14),
(747, 14),
(748, 14),
(757, 14),
(758, 14),
(759, 14),
(760, 14),
(766, 14),
(783, 14),
(784, 14),
(793, 14),
(794, 14),
(795, 14),
(802, 14),
(803, 14),
(804, 14),
(848, 14),
(849, 14),
(852, 14),
(853, 14),
(865, 14),
(870, 14),
(889, 14),
(890, 14),
(891, 14),
(914, 14),
(922, 14),
(923, 14),
(944, 14),
(945, 14),
(969, 14),
(970, 14),
(973, 14),
(979, 14),
(980, 14),
(984, 14),
(988, 14),
(992, 14),
(994, 14),
(1006, 14),
(1007, 14),
(1016, 14),
(1025, 14),
(35, 15),
(36, 15),
(39, 15),
(40, 15),
(46, 15),
(47, 15),
(102, 15),
(103, 15),
(114, 15),
(122, 15),
(152, 15),
(153, 15),
(154, 15),
(173, 15),
(174, 15),
(175, 15),
(176, 15),
(182, 15),
(183, 15),
(184, 15),
(187, 15),
(188, 15),
(189, 15),
(191, 15),
(192, 15),
(209, 15),
(210, 15),
(251, 15),
(252, 15),
(253, 15),
(254, 15),
(270, 15),
(271, 15),
(272, 15),
(273, 15),
(274, 15),
(275, 15),
(280, 15),
(281, 15),
(282, 15),
(285, 15),
(286, 15),
(298, 15),
(331, 15),
(332, 15),
(357, 15),
(387, 15),
(388, 15),
(413, 15),
(420, 15),
(421, 15),
(439, 15),
(455, 15),
(459, 15),
(460, 15),
(465, 15),
(468, 15),
(470, 15),
(492, 15),
(495, 15),
(496, 15),
(497, 15),
(511, 15),
(512, 15),
(540, 15),
(541, 15),
(542, 15),
(548, 15),
(549, 15),
(556, 15),
(585, 15),
(586, 15),
(640, 15),
(650, 15),
(651, 15),
(652, 15),
(669, 15),
(670, 15),
(671, 15),
(672, 15),
(673, 15),
(682, 15),
(683, 15),
(684, 15),
(685, 15),
(700, 15),
(702, 15),
(716, 15),
(722, 15),
(723, 15),
(730, 15),
(742, 15),
(743, 15),
(753, 15),
(754, 15),
(761, 15),
(762, 15),
(763, 15),
(764, 15),
(785, 15),
(786, 15),
(788, 15),
(810, 15),
(811, 15),
(812, 15),
(829, 15),
(830, 15),
(840, 15),
(841, 15),
(842, 15),
(858, 15),
(859, 15),
(860, 15),
(861, 15),
(868, 15),
(869, 15),
(888, 15),
(893, 15),
(898, 15),
(905, 15),
(906, 15),
(907, 15),
(908, 15),
(926, 15),
(927, 15),
(928, 15),
(929, 15),
(930, 15),
(951, 15),
(952, 15),
(985, 15),
(986, 15),
(1001, 15),
(1006, 15),
(1010, 15),
(1011, 15),
(1017, 15),
(1019, 15),
(1, 16),
(2, 16),
(3, 16),
(12, 16),
(16, 16),
(17, 16),
(18, 16),
(21, 16),
(22, 16),
(27, 16),
(28, 16),
(31, 16),
(34, 16),
(41, 16),
(42, 16),
(43, 16),
(44, 16),
(45, 16),
(46, 16),
(47, 16),
(50, 16),
(51, 16),
(69, 16),
(70, 16),
(71, 16),
(74, 16),
(75, 16),
(76, 16),
(83, 16),
(84, 16),
(85, 16),
(95, 16),
(102, 16),
(103, 16),
(104, 16),
(105, 16),
(111, 16),
(112, 16),
(114, 16),
(123, 16),
(142, 16),
(145, 16),
(147, 16),
(148, 16),
(152, 16),
(153, 16),
(154, 16),
(163, 16),
(164, 16),
(165, 16),
(166, 16),
(169, 16),
(176, 16),
(177, 16),
(178, 16),
(182, 16),
(191, 16),
(192, 16),
(193, 16),
(198, 16),
(231, 16),
(232, 16),
(246, 16),
(247, 16),
(249, 16),
(251, 16),
(252, 16),
(253, 16),
(254, 16),
(267, 16),
(273, 16),
(274, 16),
(275, 16),
(276, 16),
(277, 16),
(284, 16),
(285, 16),
(286, 16),
(290, 16),
(291, 16),
(315, 16),
(328, 16),
(331, 16),
(332, 16),
(333, 16),
(343, 16),
(344, 16),
(345, 16),
(346, 16),
(371, 16),
(372, 16),
(380, 16),
(381, 16),
(383, 16),
(387, 16),
(388, 16),
(396, 16),
(397, 16),
(398, 16),
(406, 16),
(407, 16),
(413, 16),
(414, 16),
(415, 16),
(416, 16),
(420, 16),
(421, 16),
(425, 16),
(426, 16),
(430, 16),
(441, 16),
(449, 16),
(450, 16),
(455, 16),
(464, 16),
(465, 16),
(468, 16),
(469, 16),
(470, 16),
(487, 16),
(492, 16),
(495, 16),
(496, 16),
(497, 16),
(511, 16),
(512, 16),
(519, 16),
(520, 16),
(521, 16),
(527, 16),
(528, 16),
(529, 16),
(540, 16),
(541, 16),
(542, 16),
(546, 16),
(547, 16),
(548, 16),
(549, 16),
(551, 16),
(552, 16),
(553, 16),
(556, 16),
(561, 16),
(566, 16),
(567, 16),
(585, 16),
(586, 16),
(587, 16),
(590, 16),
(591, 16),
(610, 16),
(611, 16),
(612, 16),
(618, 16),
(621, 16),
(622, 16),
(623, 16),
(627, 16),
(628, 16),
(629, 16),
(630, 16),
(633, 16),
(634, 16),
(635, 16),
(640, 16),
(641, 16),
(642, 16),
(644, 16),
(650, 16),
(651, 16),
(652, 16),
(660, 16),
(661, 16),
(666, 16),
(672, 16),
(673, 16),
(691, 16),
(696, 16),
(697, 16),
(701, 16),
(704, 16),
(705, 16),
(706, 16),
(708, 16),
(709, 16),
(710, 16),
(711, 16),
(717, 16),
(724, 16),
(731, 16),
(732, 16),
(733, 16),
(741, 16),
(749, 16),
(750, 16),
(753, 16),
(754, 16),
(755, 16),
(756, 16),
(761, 16),
(762, 16),
(763, 16),
(769, 16),
(770, 16),
(774, 16),
(780, 16),
(781, 16),
(782, 16),
(783, 16),
(784, 16),
(787, 16),
(799, 16),
(804, 16),
(810, 16),
(811, 16),
(812, 16),
(821, 16),
(822, 16),
(829, 16),
(830, 16),
(843, 16),
(844, 16),
(867, 16),
(880, 16),
(885, 16),
(886, 16),
(887, 16),
(890, 16),
(893, 16),
(895, 16),
(898, 16),
(901, 16),
(905, 16),
(906, 16),
(907, 16),
(908, 16),
(928, 16),
(929, 16),
(930, 16),
(931, 16),
(940, 16),
(941, 16),
(946, 16),
(947, 16),
(951, 16),
(962, 16),
(967, 16),
(973, 16),
(980, 16),
(984, 16),
(986, 16),
(989, 16),
(993, 16),
(1001, 16),
(1003, 16),
(1005, 16),
(1007, 16),
(1008, 16),
(1010, 16),
(1012, 16),
(1013, 16),
(1017, 16),
(1021, 16),
(63, 17),
(64, 17),
(65, 17),
(79, 17),
(80, 17),
(92, 17),
(93, 17),
(94, 17),
(96, 17),
(97, 17),
(102, 17),
(103, 17),
(121, 17),
(124, 17),
(150, 17),
(151, 17),
(177, 17),
(178, 17),
(196, 17),
(199, 17),
(200, 17),
(201, 17),
(202, 17),
(203, 17),
(238, 17),
(249, 17),
(251, 17),
(292, 17),
(325, 17),
(326, 17),
(337, 17),
(338, 17),
(343, 17),
(344, 17),
(353, 17),
(354, 17),
(355, 17),
(356, 17),
(358, 17),
(360, 17),
(374, 17),
(375, 17),
(376, 17),
(380, 17),
(381, 17),
(385, 17),
(386, 17),
(425, 17),
(426, 17),
(429, 17),
(433, 17),
(436, 17),
(437, 17),
(477, 17),
(478, 17),
(479, 17),
(480, 17),
(481, 17),
(482, 17),
(487, 17),
(488, 17),
(494, 17),
(517, 17),
(518, 17),
(527, 17),
(528, 17),
(561, 17),
(562, 17),
(563, 17),
(574, 17),
(575, 17),
(576, 17),
(577, 17),
(578, 17),
(579, 17),
(592, 17),
(593, 17),
(605, 17),
(606, 17),
(607, 17),
(608, 17),
(609, 17),
(622, 17),
(623, 17),
(648, 17),
(655, 17),
(677, 17),
(678, 17),
(679, 17),
(680, 17),
(681, 17),
(708, 17),
(709, 17),
(710, 17),
(711, 17),
(724, 17),
(741, 17),
(765, 17),
(769, 17),
(770, 17),
(779, 17),
(781, 17),
(789, 17),
(790, 17),
(791, 17),
(800, 17),
(806, 17),
(825, 17),
(826, 17),
(854, 17),
(855, 17),
(856, 17),
(857, 17),
(864, 17),
(866, 17),
(867, 17),
(876, 17),
(885, 17),
(886, 17),
(887, 17),
(897, 17),
(898, 17),
(899, 17),
(902, 17),
(911, 17),
(936, 17),
(937, 17),
(946, 17),
(947, 17),
(954, 17),
(955, 17),
(956, 17),
(971, 17),
(972, 17),
(976, 17),
(981, 17),
(999, 17),
(1000, 17),
(1010, 17),
(1012, 17),
(1013, 17),
(1015, 17),
(1022, 17),
(1023, 17),
(1025, 17),
(4, 18),
(5, 18),
(6, 18),
(27, 18),
(28, 18),
(31, 18),
(34, 18),
(37, 18),
(38, 18),
(50, 18),
(51, 18),
(58, 18),
(59, 18),
(77, 18),
(78, 18),
(104, 18),
(105, 18),
(126, 18),
(136, 18),
(142, 18),
(146, 18),
(155, 18),
(156, 18),
(157, 18),
(185, 18),
(207, 18),
(208, 18),
(213, 18),
(218, 18),
(220, 18),
(221, 18),
(228, 18),
(229, 18),
(231, 18),
(232, 18),
(240, 18),
(244, 18),
(248, 18),
(250, 18),
(255, 18),
(256, 18),
(257, 18),
(290, 18),
(299, 18),
(304, 18),
(305, 18),
(306, 18),
(324, 18),
(328, 18),
(337, 18),
(338, 18),
(343, 18),
(344, 18),
(347, 18),
(348, 18),
(377, 18),
(383, 18),
(390, 18),
(391, 18),
(392, 18),
(408, 18),
(409, 18),
(410, 18),
(411, 18),
(438, 18),
(449, 18),
(450, 18),
(467, 18),
(472, 18),
(473, 18),
(476, 18),
(485, 18),
(494, 18),
(498, 18),
(499, 18),
(500, 18),
(513, 18),
(514, 18),
(524, 18),
(525, 18),
(526, 18),
(529, 18),
(530, 18),
(551, 18),
(552, 18),
(553, 18),
(554, 18),
(555, 18),
(557, 18),
(558, 18),
(566, 18),
(567, 18),
(607, 18),
(608, 18),
(609, 18),
(618, 18),
(622, 18),
(623, 18),
(631, 18),
(636, 18),
(637, 18),
(639, 18),
(645, 18),
(653, 18),
(654, 18),
(655, 18),
(660, 18),
(662, 18),
(663, 18),
(667, 18),
(668, 18),
(698, 18),
(699, 18),
(703, 18),
(719, 18),
(725, 18),
(726, 18),
(727, 18),
(744, 18),
(745, 18),
(749, 18),
(750, 18),
(757, 18),
(758, 18),
(769, 18),
(770, 18),
(774, 18),
(793, 18),
(805, 18),
(806, 18),
(813, 18),
(814, 18),
(815, 18),
(837, 18),
(843, 18),
(844, 18),
(850, 18),
(851, 18),
(867, 18),
(874, 18),
(900, 18),
(901, 18),
(909, 18),
(910, 18),
(911, 18),
(932, 18),
(933, 18),
(934, 18),
(935, 18),
(936, 18),
(937, 18),
(950, 18),
(969, 18),
(970, 18),
(980, 18),
(984, 18),
(989, 18),
(990, 18),
(994, 18),
(995, 18),
(1003, 18),
(1004, 18),
(1022, 18);

-- --------------------------------------------------------

--
-- Table structure for table `link_generation`
--

CREATE TABLE `link_generation` (
  `id_generation` int(11) NOT NULL,
  `id_pokemon` int(11) NOT NULL
) ENGINE=InnoDB DEFAULT CHARSET=latin1;

--
-- Dumping data for table `link_generation`
--

INSERT INTO `link_generation` (`id_generation`, `id_pokemon`) VALUES
(1, 1),
(1, 2),
(1, 3),
(1, 4),
(1, 5),
(1, 6),
(1, 7),
(1, 8),
(1, 9),
(1, 10),
(1, 11),
(1, 12),
(1, 13),
(1, 14),
(1, 15),
(1, 16),
(1, 17),
(1, 18),
(1, 19),
(1, 20),
(1, 21),
(1, 22),
(1, 23),
(1, 24),
(1, 25),
(1, 26),
(1, 27),
(1, 28),
(1, 29),
(1, 30),
(1, 31),
(1, 32),
(1, 33),
(1, 34),
(1, 35),
(1, 36),
(1, 37),
(1, 38),
(1, 39),
(1, 40),
(1, 41),
(1, 42),
(1, 43),
(1, 44),
(1, 45),
(1, 46),
(1, 47),
(1, 48),
(1, 49),
(1, 50),
(1, 51),
(1, 52),
(1, 53),
(1, 54),
(1, 55),
(1, 56),
(1, 57),
(1, 58),
(1, 59),
(1, 60),
(1, 61),
(1, 62),
(1, 63),
(1, 64),
(1, 65),
(1, 66),
(1, 67),
(1, 68),
(1, 69),
(1, 70),
(1, 71),
(1, 72),
(1, 73),
(1, 74),
(1, 75),
(1, 76),
(1, 77),
(1, 78),
(1, 79),
(1, 80),
(1, 81),
(1, 82),
(1, 83),
(1, 84),
(1, 85),
(1, 86),
(1, 87),
(1, 88),
(1, 89),
(1, 90),
(1, 91),
(1, 92),
(1, 93),
(1, 94),
(1, 95),
(1, 96),
(1, 97),
(1, 98),
(1, 99),
(1, 100),
(1, 101),
(1, 102),
(1, 103),
(1, 104),
(1, 105),
(1, 106),
(1, 107),
(1, 108),
(1, 109),
(1, 110),
(1, 111),
(1, 112),
(1, 113),
(1, 114),
(1, 115),
(1, 116),
(1, 117),
(1, 118),
(1, 119),
(1, 120),
(1, 121),
(1, 122),
(1, 123),
(1, 124),
(1, 125),
(1, 126),
(1, 127),
(1, 128),
(1, 129),
(1, 130),
(1, 131),
(1, 132),
(1, 133),
(1, 134),
(1, 135),
(1, 136),
(1, 137),
(1, 138),
(1, 139),
(1, 140),
(1, 141),
(1, 142),
(1, 143),
(1, 144),
(1, 145),
(1, 146),
(1, 147),
(1, 148),
(1, 149),
(1, 150),
(1, 151),
(2, 152),
(2, 153),
(2, 154),
(2, 155),
(2, 156),
(2, 157),
(2, 158),
(2, 159),
(2, 160),
(2, 161),
(2, 162),
(2, 163),
(2, 164),
(2, 165),
(2, 166),
(2, 167),
(2, 168),
(2, 169),
(2, 170),
(2, 171),
(2, 172),
(2, 173),
(2, 174),
(2, 175),
(2, 176),
(2, 177),
(2, 178),
(2, 179),
(2, 180),
(2, 181),
(2, 182),
(2, 183),
(2, 184),
(2, 185),
(2, 186),
(2, 187),
(2, 188),
(2, 189),
(2, 190),
(2, 191),
(2, 192),
(2, 193),
(2, 194),
(2, 195),
(2, 196),
(2, 197),
(2, 198),
(2, 199),
(2, 200),
(2, 201),
(2, 202),
(2, 203),
(2, 204),
(2, 205),
(2, 206),
(2, 207),
(2, 208),
(2, 209),
(2, 210),
(2, 211),
(2, 212),
(2, 213),
(2, 214),
(2, 215),
(2, 216),
(2, 217),
(2, 218),
(2, 219),
(2, 220),
(2, 221),
(2, 222),
(2, 223),
(2, 224),
(2, 225),
(2, 226),
(2, 227),
(2, 228),
(2, 229),
(2, 230),
(2, 231),
(2, 232),
(2, 233),
(2, 234),
(2, 235),
(2, 236),
(2, 237),
(2, 238),
(2, 239),
(2, 240),
(2, 241),
(2, 242),
(2, 243),
(2, 244),
(2, 245),
(2, 246),
(2, 247),
(2, 248),
(2, 249),
(2, 250),
(2, 251),
(3, 252),
(3, 253),
(3, 254),
(3, 255),
(3, 256),
(3, 257),
(3, 258),
(3, 259),
(3, 260),
(3, 261),
(3, 262),
(3, 263),
(3, 264),
(3, 265),
(3, 266),
(3, 267),
(3, 268),
(3, 269),
(3, 270),
(3, 271),
(3, 272),
(3, 273),
(3, 274),
(3, 275),
(3, 276),
(3, 277),
(3, 278),
(3, 279),
(3, 280),
(3, 281),
(3, 282),
(3, 283),
(3, 284),
(3, 285),
(3, 286),
(3, 287),
(3, 288),
(3, 289),
(3, 290),
(3, 291),
(3, 292),
(3, 293),
(3, 294),
(3, 295),
(3, 296),
(3, 297),
(3, 298),
(3, 299),
(3, 300),
(3, 301),
(3, 302),
(3, 303),
(3, 304),
(3, 305),
(3, 306),
(3, 307),
(3, 308),
(3, 309),
(3, 310),
(3, 311),
(3, 312),
(3, 313),
(3, 314),
(3, 315),
(3, 316),
(3, 317),
(3, 318),
(3, 319),
(3, 320),
(3, 321),
(3, 322),
(3, 323),
(3, 324),
(3, 325),
(3, 326),
(3, 327),
(3, 328),
(3, 329),
(3, 330),
(3, 331),
(3, 332),
(3, 333),
(3, 334),
(3, 335),
(3, 336),
(3, 337),
(3, 338),
(3, 339),
(3, 340),
(3, 341),
(3, 342),
(3, 343),
(3, 344),
(3, 345),
(3, 346),
(3, 347),
(3, 348),
(3, 349),
(3, 350),
(3, 351),
(3, 352),
(3, 353),
(3, 354),
(3, 355),
(3, 356),
(3, 357),
(3, 358),
(3, 359),
(3, 360),
(3, 361),
(3, 362),
(3, 363),
(3, 364),
(3, 365),
(3, 366),
(3, 367),
(3, 368),
(3, 369),
(3, 370),
(3, 371),
(3, 372),
(3, 373),
(3, 374),
(3, 375),
(3, 376),
(3, 377),
(3, 378),
(3, 379),
(3, 380),
(3, 381),
(3, 382),
(3, 383),
(3, 384),
(3, 385),
(3, 386),
(4, 387),
(4, 388),
(4, 389),
(4, 390),
(4, 391),
(4, 392),
(4, 393),
(4, 394),
(4, 395),
(4, 396),
(4, 397),
(4, 398),
(4, 399),
(4, 400),
(4, 401),
(4, 402),
(4, 403),
(4, 404),
(4, 405),
(4, 406),
(4, 407),
(4, 408),
(4, 409),
(4, 410),
(4, 411),
(4, 412),
(4, 413),
(4, 414),
(4, 415),
(4, 416),
(4, 417),
(4, 418),
(4, 419),
(4, 420),
(4, 421),
(4, 422),
(4, 423),
(4, 424),
(4, 425),
(4, 426),
(4, 427),
(4, 428),
(4, 429),
(4, 430),
(4, 431),
(4, 432),
(4, 433),
(4, 434),
(4, 435),
(4, 436),
(4, 437),
(4, 438),
(4, 439),
(4, 440),
(4, 441),
(4, 442),
(4, 443),
(4, 444),
(4, 445),
(4, 446),
(4, 447),
(4, 448),
(4, 449),
(4, 450),
(4, 451),
(4, 452),
(4, 453),
(4, 454),
(4, 455),
(4, 456),
(4, 457),
(4, 458),
(4, 459),
(4, 460),
(4, 461),
(4, 462),
(4, 463),
(4, 464),
(4, 465),
(4, 466),
(4, 467),
(4, 468),
(4, 469),
(4, 470),
(4, 471),
(4, 472),
(4, 473),
(4, 474),
(4, 475),
(4, 476),
(4, 477),
(4, 478),
(4, 479),
(4, 480),
(4, 481),
(4, 482),
(4, 483),
(4, 484),
(4, 485),
(4, 486),
(4, 487),
(4, 488),
(4, 489),
(4, 490),
(4, 491),
(4, 492),
(4, 493),
(5, 494),
(5, 495),
(5, 496),
(5, 497),
(5, 498),
(5, 499),
(5, 500),
(5, 501),
(5, 502),
(5, 503),
(5, 504),
(5, 505),
(5, 506),
(5, 507),
(5, 508),
(5, 509),
(5, 510),
(5, 511),
(5, 512),
(5, 513),
(5, 514),
(5, 515),
(5, 516),
(5, 517),
(5, 518),
(5, 519),
(5, 520),
(5, 521),
(5, 522),
(5, 523),
(5, 524),
(5, 525),
(5, 526),
(5, 527),
(5, 528),
(5, 529),
(5, 530),
(5, 531),
(5, 532),
(5, 533),
(5, 534),
(5, 535),
(5, 536),
(5, 537),
(5, 538),
(5, 539),
(5, 540),
(5, 541),
(5, 542),
(5, 543),
(5, 544),
(5, 545),
(5, 546),
(5, 547),
(5, 548),
(5, 549),
(5, 550),
(5, 551),
(5, 552),
(5, 553),
(5, 554),
(5, 555),
(5, 556),
(5, 557),
(5, 558),
(5, 559),
(5, 560),
(5, 561),
(5, 562),
(5, 563),
(5, 564),
(5, 565),
(5, 566),
(5, 567),
(5, 568),
(5, 569),
(5, 570),
(5, 571),
(5, 572),
(5, 573),
(5, 574),
(5, 575),
(5, 576),
(5, 577),
(5, 578),
(5, 579),
(5, 580),
(5, 581),
(5, 582),
(5, 583),
(5, 584),
(5, 585),
(5, 586),
(5, 587),
(5, 588),
(5, 589),
(5, 590),
(5, 591),
(5, 592),
(5, 593),
(5, 594),
(5, 595),
(5, 596),
(5, 597),
(5, 598),
(5, 599),
(5, 600),
(5, 601),
(5, 602),
(5, 603),
(5, 604),
(5, 605),
(5, 606),
(5, 607),
(5, 608),
(5, 609),
(5, 610),
(5, 611),
(5, 612),
(5, 613),
(5, 614),
(5, 615),
(5, 616),
(5, 617),
(5, 618),
(5, 619),
(5, 620),
(5, 621),
(5, 622),
(5, 623),
(5, 624),
(5, 625),
(5, 626),
(5, 627),
(5, 628),
(5, 629),
(5, 630),
(5, 631),
(5, 632),
(5, 633),
(5, 634),
(5, 635),
(5, 636),
(5, 637),
(5, 638),
(5, 639),
(5, 640),
(5, 641),
(5, 642),
(5, 643),
(5, 644),
(5, 645),
(5, 646),
(5, 647),
(5, 648),
(5, 649),
(6, 650),
(6, 651),
(6, 652),
(6, 653),
(6, 654),
(6, 655),
(6, 656),
(6, 657),
(6, 658),
(6, 659),
(6, 660),
(6, 661),
(6, 662),
(6, 663),
(6, 664),
(6, 665),
(6, 666),
(6, 667),
(6, 668),
(6, 669),
(6, 670),
(6, 671),
(6, 672),
(6, 673),
(6, 674),
(6, 675),
(6, 676),
(6, 677),
(6, 678),
(6, 679),
(6, 680),
(6, 681),
(6, 682),
(6, 683),
(6, 684),
(6, 685),
(6, 686),
(6, 687),
(6, 688),
(6, 689),
(6, 690),
(6, 691),
(6, 692),
(6, 693),
(6, 694),
(6, 695),
(6, 696),
(6, 697),
(6, 698),
(6, 699),
(6, 700),
(6, 701),
(6, 702),
(6, 703),
(6, 704),
(6, 705),
(6, 706),
(6, 707),
(6, 708),
(6, 709),
(6, 710),
(6, 711),
(6, 712),
(6, 713),
(6, 714),
(6, 715),
(6, 716),
(6, 717),
(6, 718),
(6, 719),
(6, 720),
(6, 721),
(7, 722),
(7, 723),
(7, 724),
(7, 725),
(7, 726),
(7, 727),
(7, 728),
(7, 729),
(7, 730),
(7, 731),
(7, 732),
(7, 733),
(7, 734),
(7, 735),
(7, 736),
(7, 737),
(7, 738),
(7, 739),
(7, 740),
(7, 741),
(7, 742),
(7, 743),
(7, 744),
(7, 745),
(7, 746),
(7, 747),
(7, 748),
(7, 749),
(7, 750),
(7, 751),
(7, 752),
(7, 753),
(7, 754),
(7, 755),
(7, 756),
(7, 757),
(7, 758),
(7, 759),
(7, 760),
(7, 761),
(7, 762),
(7, 763),
(7, 764),
(7, 765),
(7, 766),
(7, 767),
(7, 768),
(7, 769),
(7, 770),
(7, 771),
(7, 772),
(7, 773),
(7, 774),
(7, 775),
(7, 776),
(7, 777),
(7, 778),
(7, 779),
(7, 780),
(7, 781),
(7, 782),
(7, 783),
(7, 784),
(7, 785),
(7, 786),
(7, 787),
(7, 788),
(7, 789),
(7, 790),
(7, 791),
(7, 792),
(7, 793),
(7, 794),
(7, 795),
(7, 796),
(7, 797),
(7, 798),
(7, 799),
(7, 800),
(7, 801),
(7, 802),
(7, 803),
(7, 804),
(7, 805),
(7, 806),
(7, 807),
(7, 808),
(7, 809),
(8, 810),
(8, 811),
(8, 812),
(8, 813),
(8, 814),
(8, 815),
(8, 816),
(8, 817),
(8, 818),
(8, 819),
(8, 820),
(8, 821),
(8, 822),
(8, 823),
(8, 824),
(8, 825),
(8, 826),
(8, 827),
(8, 828),
(8, 829),
(8, 830),
(8, 831),
(8, 832),
(8, 833),
(8, 834),
(8, 835),
(8, 836),
(8, 837),
(8, 838),
(8, 839),
(8, 840),
(8, 841),
(8, 842),
(8, 843),
(8, 844),
(8, 845),
(8, 846),
(8, 847),
(8, 848),
(8, 849),
(8, 850),
(8, 851),
(8, 852),
(8, 853),
(8, 854),
(8, 855),
(8, 856),
(8, 857),
(8, 858),
(8, 859),
(8, 860),
(8, 861),
(8, 862),
(8, 863),
(8, 864),
(8, 865),
(8, 866),
(8, 867),
(8, 868),
(8, 869),
(8, 870),
(8, 871),
(8, 872),
(8, 873),
(8, 874),
(8, 875),
(8, 876),
(8, 877),
(8, 878),
(8, 879),
(8, 880),
(8, 881),
(8, 882),
(8, 883),
(8, 884),
(8, 885),
(8, 886),
(8, 887),
(8, 888),
(8, 889),
(8, 890),
(8, 891),
(8, 892),
(8, 893),
(8, 894),
(8, 895),
(8, 896),
(8, 897),
(8, 898),
(8, 899),
(8, 900),
(8, 901),
(8, 902),
(8, 903),
(8, 904),
(8, 905),
(9, 906),
(9, 907),
(9, 908),
(9, 909),
(9, 910),
(9, 911),
(9, 912),
(9, 913),
(9, 914),
(9, 915),
(9, 916),
(9, 917),
(9, 918),
(9, 919),
(9, 920),
(9, 921),
(9, 922),
(9, 923),
(9, 924),
(9, 925),
(9, 926),
(9, 927),
(9, 928),
(9, 929),
(9, 930),
(9, 931),
(9, 932),
(9, 933),
(9, 934),
(9, 935),
(9, 936),
(9, 937),
(9, 938),
(9, 939),
(9, 940),
(9, 941),
(9, 942),
(9, 943),
(9, 944),
(9, 945),
(9, 946),
(9, 947),
(9, 948),
(9, 949),
(9, 950),
(9, 951),
(9, 952),
(9, 953),
(9, 954),
(9, 955),
(9, 956),
(9, 957),
(9, 958),
(9, 959),
(9, 960),
(9, 961),
(9, 962),
(9, 963),
(9, 964),
(9, 965),
(9, 966),
(9, 967),
(9, 968),
(9, 969),
(9, 970),
(9, 971),
(9, 972),
(9, 973),
(9, 974),
(9, 975),
(9, 976),
(9, 977),
(9, 978),
(9, 979),
(9, 980),
(9, 981),
(9, 982),
(9, 983),
(9, 984),
(9, 985),
(9, 986),
(9, 987),
(9, 988),
(9, 989),
(9, 990),
(9, 991),
(9, 992),
(9, 993),
(9, 994),
(9, 995),
(9, 996),
(9, 997),
(9, 998),
(9, 999),
(9, 1000),
(9, 1001),
(9, 1002),
(9, 1003),
(9, 1004),
(9, 1005),
(9, 1006),
(9, 1007),
(9, 1008),
(9, 1009),
(9, 1010),
(9, 1011),
(9, 1012),
(9, 1013),
(9, 1014),
(9, 1015),
(9, 1016),
(9, 1017),
(9, 1018),
(9, 1019),
(9, 1020),
(9, 1021),
(9, 1022),
(9, 1023),
(9, 1024),
(9, 1025);

-- --------------------------------------------------------

--
-- Table structure for table `link_region`
--

CREATE TABLE `link_region` (
  `id_pokemon` int(11) NOT NULL,
  `id_region` int(11) NOT NULL
) ENGINE=InnoDB DEFAULT CHARSET=latin1;

--
-- Dumping data for table `link_region`
--

INSERT INTO `link_region` (`id_pokemon`, `id_region`) VALUES
(128, 1),
(194, 1),
(52, 2),
(77, 2),
(78, 2),
(79, 2),
(80, 2),
(83, 2),
(110, 2),
(122, 2),
(144, 2),
(145, 2),
(146, 2),
(199, 2),
(222, 2),
(263, 2),
(264, 2),
(554, 2),
(555, 2),
(562, 2),
(618, 2),
(19, 3),
(20, 3),
(26, 3),
(27, 3),
(28, 3),
(37, 3),
(38, 3),
(50, 3),
(51, 3),
(52, 3),
(53, 3),
(74, 3),
(75, 3),
(76, 3),
(88, 3),
(89, 3),
(103, 3),
(105, 3),
(58, 4),
(59, 4),
(100, 4),
(101, 4),
(157, 4),
(211, 4),
(215, 4),
(503, 4),
(549, 4),
(570, 4),
(571, 4),
(628, 4),
(705, 4),
(706, 4),
(713, 4),
(724, 4);

-- --------------------------------------------------------

--
-- Table structure for table `link_type`
--

CREATE TABLE `link_type` (
  `id_type` int(11) NOT NULL,
  `id_pokemon` int(11) NOT NULL
) ENGINE=InnoDB DEFAULT CHARSET=latin1;

--
-- Dumping data for table `link_type`
--

INSERT INTO `link_type` (`id_type`, `id_pokemon`) VALUES
(9, 1),
(15, 1),
(9, 2),
(15, 2),
(9, 3),
(15, 3),
(1, 4),
(1, 5),
(1, 6),
(5, 6),
(18, 7),
(18, 8),
(18, 9),
(8, 10),
(8, 11),
(5, 12),
(8, 12),
(8, 13),
(15, 13),
(8, 14),
(15, 14),
(8, 15),
(15, 15),
(5, 16),
(11, 16),
(5, 17),
(11, 17),
(5, 18),
(11, 18),
(11, 19),
(11, 20),
(5, 21),
(11, 21),
(5, 22),
(11, 22),
(15, 23),
(15, 24),
(10, 25),
(10, 26),
(2, 27),
(2, 28),
(15, 29),
(15, 30),
(2, 31),
(15, 31),
(15, 32),
(15, 33),
(2, 34),
(15, 34),
(6, 35),
(6, 36),
(1, 37),
(1, 38),
(6, 39),
(11, 39),
(6, 40),
(11, 40),
(5, 41),
(15, 41),
(5, 42),
(15, 42),
(9, 43),
(15, 43),
(9, 44),
(15, 44),
(9, 45),
(15, 45),
(8, 46),
(9, 46),
(8, 47),
(9, 47),
(8, 48),
(15, 48),
(8, 49),
(15, 49),
(2, 50),
(2, 51),
(11, 52),
(11, 53),
(18, 54),
(18, 55),
(12, 56),
(12, 57),
(1, 58),
(1, 59),
(18, 60),
(18, 61),
(12, 62),
(18, 62),
(14, 63),
(14, 64),
(14, 65),
(12, 66),
(12, 67),
(12, 68),
(9, 69),
(15, 69),
(9, 70),
(15, 70),
(9, 71),
(15, 71),
(15, 72),
(18, 72),
(15, 73),
(18, 73),
(2, 74),
(13, 74),
(2, 75),
(13, 75),
(2, 76),
(13, 76),
(1, 77),
(1, 78),
(14, 79),
(18, 79),
(14, 80),
(18, 80),
(3, 81),
(10, 81),
(3, 82),
(10, 82),
(5, 83),
(11, 83),
(5, 84),
(11, 84),
(5, 85),
(11, 85),
(18, 86),
(16, 87),
(18, 87),
(15, 88),
(15, 89),
(18, 90),
(16, 91),
(18, 91),
(4, 92),
(15, 92),
(4, 93),
(15, 93),
(4, 94),
(15, 94),
(2, 95),
(13, 95),
(14, 96),
(14, 97),
(18, 98),
(18, 99),
(10, 100),
(10, 101),
(9, 102),
(14, 102),
(9, 103),
(14, 103),
(2, 104),
(2, 105),
(12, 106),
(12, 107),
(11, 108),
(15, 109),
(15, 110),
(2, 111),
(13, 111),
(2, 112),
(13, 112),
(11, 113),
(9, 114),
(11, 115),
(18, 116),
(18, 117),
(18, 118),
(18, 119),
(18, 120),
(14, 121),
(18, 121),
(6, 122),
(14, 122),
(5, 123),
(8, 123),
(14, 124),
(16, 124),
(10, 125),
(1, 126),
(8, 127),
(11, 128),
(18, 129),
(5, 130),
(18, 130),
(16, 131),
(18, 131),
(11, 132),
(11, 133),
(18, 134),
(10, 135),
(1, 136),
(11, 137),
(13, 138),
(18, 138),
(13, 139),
(18, 139),
(13, 140),
(18, 140),
(13, 141),
(18, 141),
(5, 142),
(13, 142),
(11, 143),
(5, 144),
(16, 144),
(5, 145),
(10, 145),
(1, 146),
(5, 146),
(7, 147),
(7, 148),
(5, 149),
(7, 149),
(14, 150),
(14, 151),
(9, 152),
(9, 153),
(9, 154),
(1, 155),
(1, 156),
(1, 157),
(18, 158),
(18, 159),
(18, 160),
(11, 161),
(11, 162),
(5, 163),
(11, 163),
(5, 164),
(11, 164),
(5, 165),
(8, 165),
(5, 166),
(8, 166),
(8, 167),
(15, 167),
(8, 168),
(15, 168),
(5, 169),
(15, 169),
(10, 170),
(18, 170),
(10, 171),
(18, 171),
(10, 172),
(6, 173),
(6, 174),
(11, 174),
(6, 175),
(5, 176),
(6, 176),
(5, 177),
(14, 177),
(5, 178),
(14, 178),
(10, 179),
(10, 180),
(10, 181),
(9, 182),
(6, 183),
(18, 183),
(6, 184),
(18, 184),
(13, 185),
(18, 186),
(5, 187),
(9, 187),
(5, 188),
(9, 188),
(5, 189),
(9, 189),
(11, 190),
(9, 191),
(9, 192),
(5, 193),
(8, 193),
(2, 194),
(18, 194),
(2, 195),
(18, 195),
(14, 196),
(17, 197),
(5, 198),
(17, 198),
(14, 199),
(18, 199),
(4, 200),
(14, 201),
(14, 202),
(11, 203),
(14, 203),
(8, 204),
(3, 205),
(8, 205),
(11, 206),
(2, 207),
(5, 207),
(2, 208),
(3, 208),
(6, 209),
(6, 210),
(15, 211),
(18, 211),
(3, 212),
(8, 212),
(8, 213),
(13, 213),
(8, 214),
(12, 214),
(16, 215),
(17, 215),
(11, 216),
(11, 217),
(1, 218),
(1, 219),
(13, 219),
(2, 220),
(16, 220),
(2, 221),
(16, 221),
(13, 222),
(18, 222),
(18, 223),
(18, 224),
(5, 225),
(16, 225),
(5, 226),
(18, 226),
(3, 227),
(5, 227),
(1, 228),
(17, 228),
(1, 229),
(17, 229),
(7, 230),
(18, 230),
(2, 231),
(2, 232),
(11, 233),
(11, 234),
(11, 235),
(12, 236),
(12, 237),
(14, 238),
(16, 238),
(10, 239),
(1, 240),
(11, 241),
(11, 242),
(10, 243),
(1, 244),
(18, 245),
(2, 246),
(13, 246),
(2, 247),
(13, 247),
(13, 248),
(17, 248),
(5, 249),
(14, 249),
(1, 250),
(5, 250),
(9, 251),
(14, 251),
(9, 252),
(9, 253),
(9, 254),
(1, 255),
(1, 256),
(12, 256),
(1, 257),
(12, 257),
(18, 258),
(2, 259),
(18, 259),
(2, 260),
(18, 260),
(17, 261),
(17, 262),
(11, 263),
(11, 264),
(8, 265),
(8, 266),
(5, 267),
(8, 267),
(8, 268),
(8, 269),
(15, 269),
(9, 270),
(18, 270),
(9, 271),
(18, 271),
(9, 272),
(18, 272),
(9, 273),
(9, 274),
(17, 274),
(9, 275),
(17, 275),
(5, 276),
(11, 276),
(5, 277),
(11, 277),
(5, 278),
(18, 278),
(5, 279),
(18, 279),
(6, 280),
(14, 280),
(6, 281),
(14, 281),
(6, 282),
(14, 282),
(8, 283),
(18, 283),
(5, 284),
(8, 284),
(9, 285),
(9, 286),
(12, 286),
(11, 287),
(11, 288),
(11, 289),
(2, 290),
(8, 290),
(5, 291),
(8, 291),
(4, 292),
(8, 292),
(11, 293),
(11, 294),
(11, 295),
(12, 296),
(12, 297),
(6, 298),
(11, 298),
(13, 299),
(11, 300),
(11, 301),
(4, 302),
(17, 302),
(3, 303),
(6, 303),
(3, 304),
(13, 304),
(3, 305),
(13, 305),
(3, 306),
(13, 306),
(12, 307),
(14, 307),
(12, 308),
(14, 308),
(10, 309),
(10, 310),
(10, 311),
(10, 312),
(8, 313),
(8, 314),
(9, 315),
(15, 315),
(15, 316),
(15, 317),
(17, 318),
(18, 318),
(17, 319),
(18, 319),
(18, 320),
(18, 321),
(1, 322),
(2, 322),
(1, 323),
(2, 323),
(1, 324),
(14, 325),
(14, 326),
(11, 327),
(2, 328),
(2, 329),
(7, 329),
(2, 330),
(7, 330),
(9, 331),
(9, 332),
(17, 332),
(5, 333),
(11, 333),
(5, 334),
(7, 334),
(11, 335),
(15, 336),
(13, 337),
(14, 337),
(13, 338),
(14, 338),
(2, 339),
(18, 339),
(2, 340),
(18, 340),
(18, 341),
(17, 342),
(18, 342),
(2, 343),
(14, 343),
(2, 344),
(14, 344),
(9, 345),
(13, 345),
(9, 346),
(13, 346),
(8, 347),
(13, 347),
(8, 348),
(13, 348),
(18, 349),
(18, 350),
(11, 351),
(11, 352),
(4, 353),
(4, 354),
(4, 355),
(4, 356),
(5, 357),
(9, 357),
(14, 358),
(17, 359),
(14, 360),
(16, 361),
(16, 362),
(16, 363),
(18, 363),
(16, 364),
(18, 364),
(16, 365),
(18, 365),
(18, 366),
(18, 367),
(18, 368),
(13, 369),
(18, 369),
(18, 370),
(7, 371),
(7, 372),
(5, 373),
(7, 373),
(3, 374),
(14, 374),
(3, 375),
(14, 375),
(3, 376),
(14, 376),
(13, 377),
(16, 378),
(3, 379),
(7, 380),
(14, 380),
(7, 381),
(14, 381),
(18, 382),
(2, 383),
(5, 384),
(7, 384),
(3, 385),
(14, 385),
(14, 386),
(9, 387),
(9, 388),
(2, 389),
(9, 389),
(1, 390),
(1, 391),
(12, 391),
(1, 392),
(12, 392),
(18, 393),
(18, 394),
(3, 395),
(18, 395),
(5, 396),
(11, 396),
(5, 397),
(11, 397),
(5, 398),
(11, 398),
(11, 399),
(11, 400),
(18, 400),
(8, 401),
(8, 402),
(10, 403),
(10, 404),
(10, 405),
(9, 406),
(15, 406),
(9, 407),
(15, 407),
(13, 408),
(13, 409),
(3, 410),
(13, 410),
(3, 411),
(13, 411),
(8, 412),
(8, 413),
(9, 413),
(5, 414),
(8, 414),
(5, 415),
(8, 415),
(5, 416),
(8, 416),
(10, 417),
(18, 418),
(18, 419),
(9, 420),
(9, 421),
(18, 422),
(2, 423),
(18, 423),
(11, 424),
(4, 425),
(5, 425),
(4, 426),
(5, 426),
(11, 427),
(11, 428),
(4, 429),
(5, 430),
(17, 430),
(11, 431),
(11, 432),
(14, 433),
(15, 434),
(17, 434),
(15, 435),
(17, 435),
(3, 436),
(14, 436),
(3, 437),
(14, 437),
(13, 438),
(6, 439),
(14, 439),
(11, 440),
(5, 441),
(11, 441),
(4, 442),
(17, 442),
(2, 443),
(7, 443),
(2, 444),
(7, 444),
(2, 445),
(7, 445),
(11, 446),
(12, 447),
(3, 448),
(12, 448),
(2, 449),
(2, 450),
(8, 451),
(15, 451),
(15, 452),
(17, 452),
(12, 453),
(15, 453),
(12, 454),
(15, 454),
(9, 455),
(18, 456),
(18, 457),
(5, 458),
(18, 458),
(9, 459),
(16, 459),
(9, 460),
(16, 460),
(16, 461),
(17, 461),
(3, 462),
(10, 462),
(11, 463),
(2, 464),
(13, 464),
(9, 465),
(10, 466),
(1, 467),
(5, 468),
(6, 468),
(5, 469),
(8, 469),
(9, 470),
(16, 471),
(2, 472),
(5, 472),
(2, 473),
(16, 473),
(11, 474),
(12, 475),
(14, 475),
(3, 476),
(13, 476),
(4, 477),
(4, 478),
(16, 478),
(4, 479),
(10, 479),
(14, 480),
(14, 481),
(14, 482),
(3, 483),
(7, 483),
(7, 484),
(18, 484),
(1, 485),
(3, 485),
(11, 486),
(4, 487),
(7, 487),
(14, 488),
(18, 489),
(18, 490),
(17, 491),
(9, 492),
(11, 493),
(1, 494),
(14, 494),
(9, 495),
(9, 496),
(9, 497),
(1, 498),
(1, 499),
(12, 499),
(1, 500),
(12, 500),
(18, 501),
(18, 502),
(18, 503),
(11, 504),
(11, 505),
(11, 506),
(11, 507),
(11, 508),
(17, 509),
(17, 510),
(9, 511),
(9, 512),
(1, 513),
(1, 514),
(18, 515),
(18, 516),
(14, 517),
(14, 518),
(5, 519),
(11, 519),
(5, 520),
(11, 520),
(5, 521),
(11, 521),
(10, 522),
(10, 523),
(13, 524),
(13, 525),
(13, 526),
(5, 527),
(14, 527),
(5, 528),
(14, 528),
(2, 529),
(2, 530),
(3, 530),
(11, 531),
(12, 532),
(12, 533),
(12, 534),
(18, 535),
(2, 536),
(18, 536),
(2, 537),
(18, 537),
(12, 538),
(12, 539),
(8, 540),
(9, 540),
(8, 541),
(9, 541),
(8, 542),
(9, 542),
(8, 543),
(15, 543),
(8, 544),
(15, 544),
(8, 545),
(15, 545),
(6, 546),
(9, 546),
(6, 547),
(9, 547),
(9, 548),
(9, 549),
(18, 550),
(2, 551),
(17, 551),
(2, 552),
(17, 552),
(2, 553),
(17, 553),
(1, 554),
(1, 555),
(9, 556),
(8, 557),
(13, 557),
(8, 558),
(13, 558),
(12, 559),
(17, 559),
(12, 560),
(17, 560),
(5, 561),
(14, 561),
(4, 562),
(4, 563),
(13, 564),
(18, 564),
(13, 565),
(18, 565),
(5, 566),
(13, 566),
(5, 567),
(13, 567),
(15, 568),
(15, 569),
(17, 570),
(17, 571),
(11, 572),
(11, 573),
(14, 574),
(14, 575),
(14, 576),
(14, 577),
(14, 578),
(14, 579),
(5, 580),
(18, 580),
(5, 581),
(18, 581),
(16, 582),
(16, 583),
(16, 584),
(9, 585),
(11, 585),
(9, 586),
(11, 586),
(5, 587),
(10, 587),
(8, 588),
(3, 589),
(8, 589),
(9, 590),
(15, 590),
(9, 591),
(15, 591),
(4, 592),
(18, 592),
(4, 593),
(18, 593),
(18, 594),
(8, 595),
(10, 595),
(8, 596),
(10, 596),
(3, 597),
(9, 597),
(3, 598),
(9, 598),
(3, 599),
(3, 600),
(3, 601),
(10, 602),
(10, 603),
(10, 604),
(14, 605),
(14, 606),
(1, 607),
(4, 607),
(1, 608),
(4, 608),
(1, 609),
(4, 609),
(7, 610),
(7, 611),
(7, 612),
(16, 613),
(16, 614),
(16, 615),
(8, 616),
(8, 617),
(2, 618),
(10, 618),
(12, 619),
(12, 620),
(7, 621),
(2, 622),
(4, 622),
(2, 623),
(4, 623),
(3, 624),
(17, 624),
(3, 625),
(17, 625),
(11, 626),
(5, 627),
(11, 627),
(5, 628),
(11, 628),
(5, 629),
(17, 629),
(5, 630),
(17, 630),
(1, 631),
(3, 632),
(8, 632),
(7, 633),
(17, 633),
(7, 634),
(17, 634),
(7, 635),
(17, 635),
(1, 636),
(8, 636),
(1, 637),
(8, 637),
(3, 638),
(12, 638),
(12, 639),
(13, 639),
(9, 640),
(12, 640),
(5, 641),
(5, 642),
(10, 642),
(1, 643),
(7, 643),
(7, 644),
(10, 644),
(2, 645),
(5, 645),
(7, 646),
(16, 646),
(12, 647),
(18, 647),
(11, 648),
(14, 648),
(3, 649),
(8, 649),
(9, 650),
(9, 651),
(9, 652),
(12, 652),
(1, 653),
(1, 654),
(1, 655),
(14, 655),
(18, 656),
(18, 657),
(17, 658),
(18, 658),
(11, 659),
(2, 660),
(11, 660),
(5, 661),
(11, 661),
(1, 662),
(5, 662),
(1, 663),
(5, 663),
(8, 664),
(8, 665),
(5, 666),
(8, 666),
(1, 667),
(11, 667),
(1, 668),
(11, 668),
(6, 669),
(6, 670),
(6, 671),
(9, 672),
(9, 673),
(12, 674),
(12, 675),
(17, 675),
(11, 676),
(14, 677),
(14, 678),
(3, 679),
(4, 679),
(3, 680),
(4, 680),
(3, 681),
(4, 681),
(6, 682),
(6, 683),
(6, 684),
(6, 685),
(14, 686),
(17, 686),
(14, 687),
(17, 687),
(13, 688),
(18, 688),
(13, 689),
(18, 689),
(15, 690),
(18, 690),
(7, 691),
(15, 691),
(18, 692),
(18, 693),
(10, 694),
(11, 694),
(10, 695),
(11, 695),
(7, 696),
(13, 696),
(7, 697),
(13, 697),
(13, 698),
(16, 698),
(13, 699),
(16, 699),
(6, 700),
(5, 701),
(12, 701),
(6, 702),
(10, 702),
(6, 703),
(13, 703),
(7, 704),
(7, 705),
(7, 706),
(3, 707),
(6, 707),
(4, 708),
(9, 708),
(4, 709),
(9, 709),
(4, 710),
(9, 710),
(4, 711),
(9, 711),
(16, 712),
(16, 713),
(5, 714),
(7, 714),
(5, 715),
(7, 715),
(6, 716),
(5, 717),
(17, 717),
(2, 718),
(7, 718),
(6, 719),
(13, 719),
(4, 720),
(14, 720),
(1, 721),
(18, 721),
(5, 722),
(9, 722),
(5, 723),
(9, 723),
(4, 724),
(9, 724),
(1, 725),
(1, 726),
(1, 727),
(17, 727),
(18, 728),
(18, 729),
(6, 730),
(18, 730),
(5, 731),
(11, 731),
(5, 732),
(11, 732),
(5, 733),
(11, 733),
(11, 734),
(11, 735),
(8, 736),
(8, 737),
(10, 737),
(8, 738),
(10, 738),
(12, 739),
(12, 740),
(16, 740),
(5, 741),
(14, 741),
(6, 742),
(8, 742),
(6, 743),
(8, 743),
(13, 744),
(13, 745),
(18, 746),
(15, 747),
(18, 747),
(15, 748),
(18, 748),
(2, 749),
(2, 750),
(8, 751),
(18, 751),
(8, 752),
(18, 752),
(9, 753),
(9, 754),
(6, 755),
(9, 755),
(6, 756),
(9, 756),
(1, 757),
(15, 757),
(1, 758),
(15, 758),
(11, 759),
(12, 759),
(11, 760),
(12, 760),
(9, 761),
(9, 762),
(9, 763),
(6, 764),
(11, 765),
(14, 765),
(12, 766),
(8, 767),
(18, 767),
(8, 768),
(18, 768),
(2, 769),
(4, 769),
(2, 770),
(4, 770),
(18, 771),
(11, 772),
(11, 773),
(5, 774),
(13, 774),
(11, 775),
(1, 776),
(7, 776),
(3, 777),
(10, 777),
(4, 778),
(6, 778),
(14, 779),
(18, 779),
(7, 780),
(11, 780),
(4, 781),
(9, 781),
(7, 782),
(7, 783),
(12, 783),
(7, 784),
(12, 784),
(6, 785),
(10, 785),
(6, 786),
(14, 786),
(6, 787),
(9, 787),
(6, 788),
(18, 788),
(14, 789),
(14, 790),
(3, 791),
(14, 791),
(4, 792),
(14, 792),
(13, 793),
(15, 793),
(8, 794),
(12, 794),
(8, 795),
(12, 795),
(10, 796),
(3, 797),
(5, 797),
(3, 798),
(9, 798),
(7, 799),
(17, 799),
(14, 800),
(3, 801),
(6, 801),
(4, 802),
(12, 802),
(15, 803),
(7, 804),
(15, 804),
(3, 805),
(13, 805),
(1, 806),
(4, 806),
(10, 807),
(3, 808),
(3, 809),
(9, 810),
(9, 811),
(9, 812),
(1, 813),
(1, 814),
(1, 815),
(18, 816),
(18, 817),
(18, 818),
(11, 819),
(11, 820),
(5, 821),
(5, 822),
(3, 823),
(5, 823),
(8, 824),
(8, 825),
(14, 825),
(8, 826),
(14, 826),
(17, 827),
(17, 828),
(9, 829),
(9, 830),
(11, 831),
(11, 832),
(18, 833),
(13, 834),
(18, 834),
(10, 835),
(10, 836),
(13, 837),
(1, 838),
(13, 838),
(1, 839),
(13, 839),
(7, 840),
(9, 840),
(7, 841),
(9, 841),
(7, 842),
(9, 842),
(2, 843),
(2, 844),
(5, 845),
(18, 845),
(18, 846),
(18, 847),
(10, 848),
(15, 848),
(10, 849),
(15, 849),
(1, 850),
(8, 850),
(1, 851),
(8, 851),
(12, 852),
(12, 853),
(4, 854),
(4, 855),
(14, 856),
(14, 857),
(6, 858),
(14, 858),
(6, 859),
(17, 859),
(6, 860),
(17, 860),
(6, 861),
(17, 861),
(11, 862),
(17, 862),
(3, 863),
(4, 864),
(12, 865),
(14, 866),
(16, 866),
(2, 867),
(4, 867),
(6, 868),
(6, 869),
(12, 870),
(10, 871),
(8, 872),
(16, 872),
(8, 873),
(16, 873),
(13, 874),
(16, 875),
(11, 876),
(14, 876),
(10, 877),
(17, 877),
(3, 878),
(3, 879),
(7, 880),
(10, 880),
(10, 881),
(16, 881),
(7, 882),
(18, 882),
(16, 883),
(18, 883),
(3, 884),
(7, 884),
(4, 885),
(7, 885),
(4, 886),
(7, 886),
(4, 887),
(7, 887),
(6, 888),
(12, 889),
(7, 890),
(15, 890),
(12, 891),
(12, 892),
(17, 892),
(17, 893),
(10, 894),
(7, 895),
(16, 896),
(4, 897),
(9, 898),
(14, 898),
(11, 899),
(14, 899),
(8, 900),
(13, 900),
(2, 901),
(11, 901),
(4, 902),
(18, 902),
(12, 903),
(15, 903),
(15, 904),
(17, 904),
(5, 905),
(6, 905),
(9, 906),
(9, 907),
(9, 908),
(17, 908),
(1, 909),
(1, 910),
(1, 911),
(4, 911),
(18, 912),
(18, 913),
(12, 914),
(18, 914),
(11, 915),
(11, 916),
(8, 917),
(8, 918),
(8, 919),
(8, 920),
(17, 920),
(10, 921),
(10, 922),
(12, 922),
(10, 923),
(12, 923),
(11, 924),
(11, 925),
(6, 926),
(6, 927),
(9, 928),
(11, 928),
(9, 929),
(11, 929),
(9, 930),
(11, 930),
(5, 931),
(11, 931),
(13, 932),
(13, 933),
(13, 934),
(1, 935),
(1, 936),
(14, 936),
(1, 937),
(4, 937),
(10, 938),
(10, 939),
(5, 940),
(10, 940),
(5, 941),
(10, 941),
(17, 942),
(17, 943),
(11, 944),
(15, 944),
(11, 945),
(15, 945),
(4, 946),
(9, 946),
(4, 947),
(9, 947),
(2, 948),
(9, 948),
(2, 949),
(9, 949),
(13, 950),
(9, 951),
(1, 952),
(9, 952),
(8, 953),
(8, 954),
(14, 954),
(14, 955),
(14, 956),
(3, 957),
(6, 957),
(3, 958),
(6, 958),
(3, 959),
(6, 959),
(18, 960),
(18, 961),
(5, 962),
(17, 962),
(18, 963),
(18, 964),
(3, 965),
(15, 965),
(3, 966),
(15, 966),
(7, 967),
(11, 967),
(3, 968),
(13, 969),
(15, 969),
(13, 970),
(15, 970),
(4, 971),
(4, 972),
(5, 973),
(12, 973),
(16, 974),
(16, 975),
(14, 976),
(18, 976),
(18, 977),
(7, 978),
(18, 978),
(4, 979),
(12, 979),
(2, 980),
(15, 980),
(11, 981),
(14, 981),
(11, 982),
(3, 983),
(17, 983),
(2, 984),
(12, 984),
(6, 985),
(14, 985),
(9, 986),
(17, 986),
(4, 987),
(6, 987),
(8, 988),
(12, 988),
(2, 989),
(10, 989),
(2, 990),
(3, 990),
(16, 991),
(18, 991),
(10, 992),
(12, 992),
(5, 993),
(17, 993),
(1, 994),
(15, 994),
(10, 995),
(13, 995),
(7, 996),
(16, 996),
(7, 997),
(16, 997),
(7, 998),
(16, 998),
(4, 999),
(3, 1000),
(4, 1000),
(9, 1001),
(17, 1001),
(16, 1002),
(17, 1002),
(2, 1003),
(17, 1003),
(1, 1004),
(17, 1004),
(7, 1005),
(17, 1005),
(6, 1006),
(12, 1006),
(7, 1007),
(12, 1007),
(7, 1008),
(10, 1008),
(7, 1009),
(18, 1009),
(9, 1010),
(14, 1010),
(7, 1011),
(9, 1011),
(4, 1012),
(9, 1012),
(4, 1013),
(9, 1013),
(12, 1014),
(15, 1014),
(14, 1015),
(15, 1015),
(6, 1016),
(15, 1016),
(9, 1017),
(3, 1018),
(7, 1018),
(7, 1019),
(9, 1019),
(1, 1020),
(7, 1020),
(7, 1021),
(10, 1021),
(13, 1022),
(14, 1022),
(3, 1023),
(14, 1023),
(11, 1024),
(4, 1025),
(15, 1025);

-- --------------------------------------------------------

--
-- Table structure for table `pokemon`
--

CREATE TABLE `pokemon` (
  `id` int(11) NOT NULL,
  `nom` varchar(15) DEFAULT NULL,
  `path_to_image` varchar(100) DEFAULT NULL,
  `id_categorie` int(11) DEFAULT NULL,
  `taille` varchar(15) DEFAULT NULL,
  `poids` varchar(15) DEFAULT NULL,
  `pv` int(11) DEFAULT NULL,
  `attack` int(11) DEFAULT NULL,
  `defense` int(11) DEFAULT NULL,
  `vitesse` int(11) DEFAULT NULL,
  `path_to_image_shiny` varchar(100) DEFAULT NULL
) ENGINE=InnoDB DEFAULT CHARSET=latin1;

--
-- Dumping data for table `pokemon`
--

INSERT INTO `pokemon` (`id`, `nom`, `path_to_image`, `id_categorie`, `taille`, `poids`, `pv`, `attack`, `defense`, `vitesse`, `path_to_image_shiny`) VALUES
(1, 'Bulbizarre', 'https://raw.githubusercontent.com/Yarkis01/TyraDex/images/sprites/1/regular.png', 99, '0,7 m', '6,9 kg', 45, 49, 49, 45, 'https://raw.githubusercontent.com/Yarkis01/TyraDex/images/sprites/1/shiny.png'),
(2, 'Herbizarre', 'https://raw.githubusercontent.com/Yarkis01/TyraDex/images/sprites/2/regular.png', 99, '1,0 m', '13,0 kg', 60, 62, 63, 60, 'https://raw.githubusercontent.com/Yarkis01/TyraDex/images/sprites/2/shiny.png'),
(3, 'Florizarre', 'https://raw.githubusercontent.com/Yarkis01/TyraDex/images/sprites/3/regular.png', 99, '2,0 m', '100,0 kg', 80, 82, 83, 80, 'https://raw.githubusercontent.com/Yarkis01/TyraDex/images/sprites/3/shiny.png'),
(4, 'Salamèche', 'https://raw.githubusercontent.com/Yarkis01/TyraDex/images/sprites/4/regular.png', 506, '0,6 m', '8,5 kg', 39, 52, 43, 65, 'https://raw.githubusercontent.com/Yarkis01/TyraDex/images/sprites/4/shiny.png'),
(5, 'Reptincel', 'https://raw.githubusercontent.com/Yarkis01/TyraDex/images/sprites/5/regular.png', 557, '1,1 m', '19,0 kg', 58, 64, 58, 80, 'https://raw.githubusercontent.com/Yarkis01/TyraDex/images/sprites/5/shiny.png'),
(6, 'Dracaufeu', 'https://raw.githubusercontent.com/Yarkis01/TyraDex/images/sprites/6/regular.png', 557, '1,7 m', '90,5 kg', 78, 84, 78, 100, 'https://raw.githubusercontent.com/Yarkis01/TyraDex/images/sprites/6/shiny.png'),
(7, 'Carapuce', 'https://raw.githubusercontent.com/Yarkis01/TyraDex/images/sprites/7/regular.png', 542, '0,5 m', '9,0 kg', 44, 48, 65, 43, 'https://raw.githubusercontent.com/Yarkis01/TyraDex/images/sprites/7/shiny.png'),
(8, 'Carabaffe', 'https://raw.githubusercontent.com/Yarkis01/TyraDex/images/sprites/8/regular.png', 572, '1,0 m', '22,5 kg', 59, 63, 80, 58, 'https://raw.githubusercontent.com/Yarkis01/TyraDex/images/sprites/8/shiny.png'),
(9, 'Tortank', 'https://raw.githubusercontent.com/Yarkis01/TyraDex/images/sprites/9/regular.png', 38, '1,6 m', '85,5 kg', 79, 83, 100, 78, 'https://raw.githubusercontent.com/Yarkis01/TyraDex/images/sprites/9/shiny.png'),
(10, 'Chenipan', 'https://raw.githubusercontent.com/Yarkis01/TyraDex/images/sprites/10/regular.png', 605, '0,3 m', '2,9 kg', 45, 30, 35, 45, 'https://raw.githubusercontent.com/Yarkis01/TyraDex/images/sprites/10/shiny.png'),
(11, 'Chrysacier', 'https://raw.githubusercontent.com/Yarkis01/TyraDex/images/sprites/11/regular.png', 611, '0,7 m', '9,9 kg', 50, 20, 55, 30, 'https://raw.githubusercontent.com/Yarkis01/TyraDex/images/sprites/11/shiny.png'),
(12, 'Papilusion', 'https://raw.githubusercontent.com/Yarkis01/TyraDex/images/sprites/12/regular.png', 8, '1,1 m', '32,0 kg', 60, 45, 50, 70, 'https://raw.githubusercontent.com/Yarkis01/TyraDex/images/sprites/12/shiny.png'),
(13, 'Aspicot', 'https://raw.githubusercontent.com/Yarkis01/TyraDex/images/sprites/13/regular.png', 16, '0,3 m', '3,2 kg', 40, 35, 30, 50, 'https://raw.githubusercontent.com/Yarkis01/TyraDex/images/sprites/13/shiny.png'),
(14, 'Coconfort', 'https://raw.githubusercontent.com/Yarkis01/TyraDex/images/sprites/14/regular.png', 611, '0,6 m', '10,0 kg', 45, 25, 50, 35, 'https://raw.githubusercontent.com/Yarkis01/TyraDex/images/sprites/14/shiny.png'),
(15, 'Dardargnan', 'https://raw.githubusercontent.com/Yarkis01/TyraDex/images/sprites/15/regular.png', 177, '1,0 m', '29,5 kg', 65, 90, 40, 75, 'https://raw.githubusercontent.com/Yarkis01/TyraDex/images/sprites/15/shiny.png'),
(16, 'Roucool', 'https://raw.githubusercontent.com/Yarkis01/TyraDex/images/sprites/16/regular.png', 419, '0,3 m', '1,8 kg', 40, 45, 40, 56, 'https://raw.githubusercontent.com/Yarkis01/TyraDex/images/sprites/16/shiny.png'),
(17, 'Roucoups', 'https://raw.githubusercontent.com/Yarkis01/TyraDex/images/sprites/17/regular.png', 561, '1,1 m', '30,0 kg', 63, 60, 55, 71, 'https://raw.githubusercontent.com/Yarkis01/TyraDex/images/sprites/17/shiny.png'),
(18, 'Roucarnage', 'https://raw.githubusercontent.com/Yarkis01/TyraDex/images/sprites/18/regular.png', 561, '1,5 m', '39,5 kg', 83, 80, 75, 101, 'https://raw.githubusercontent.com/Yarkis01/TyraDex/images/sprites/18/shiny.png'),
(19, 'Rattata', 'https://raw.githubusercontent.com/Yarkis01/TyraDex/images/sprites/19/regular.png', 28, '0,3 m', '3,5 kg', 30, 56, 35, 72, 'https://raw.githubusercontent.com/Yarkis01/TyraDex/images/sprites/19/shiny.png'),
(20, 'Rattatac', 'https://raw.githubusercontent.com/Yarkis01/TyraDex/images/sprites/20/regular.png', 28, '0,7 m', '18,5 kg', 55, 81, 60, 97, 'https://raw.githubusercontent.com/Yarkis01/TyraDex/images/sprites/20/shiny.png'),
(21, 'Piafabec', 'https://raw.githubusercontent.com/Yarkis01/TyraDex/images/sprites/21/regular.png', 419, '0,3 m', '2,0 kg', 40, 60, 30, 70, 'https://raw.githubusercontent.com/Yarkis01/TyraDex/images/sprites/21/shiny.png'),
(22, 'Rapasdepic', 'https://raw.githubusercontent.com/Yarkis01/TyraDex/images/sprites/22/regular.png', 183, '1,2 m', '38,0 kg', 65, 90, 65, 100, 'https://raw.githubusercontent.com/Yarkis01/TyraDex/images/sprites/22/shiny.png'),
(23, 'Abo', 'https://raw.githubusercontent.com/Yarkis01/TyraDex/images/sprites/23/regular.png', 388, '2,0 m', '6,9 kg', 35, 60, 44, 55, 'https://raw.githubusercontent.com/Yarkis01/TyraDex/images/sprites/23/shiny.png'),
(24, 'Arbok', 'https://raw.githubusercontent.com/Yarkis01/TyraDex/images/sprites/24/regular.png', 688, '3,5 m', '65,0 kg', 60, 95, 69, 80, 'https://raw.githubusercontent.com/Yarkis01/TyraDex/images/sprites/24/shiny.png'),
(25, 'Pikachu', 'https://raw.githubusercontent.com/Yarkis01/TyraDex/images/sprites/25/regular.png', 28, '0,4 m', '6,0 kg', 45, 80, 50, 120, 'https://raw.githubusercontent.com/Yarkis01/TyraDex/images/sprites/25/shiny.png'),
(26, 'Raichu', 'https://raw.githubusercontent.com/Yarkis01/TyraDex/images/sprites/26/regular.png', 28, '0,8 m', '30,0 kg', 60, 90, 55, 110, 'https://raw.githubusercontent.com/Yarkis01/TyraDex/images/sprites/26/shiny.png'),
(27, 'Sabelette', 'https://raw.githubusercontent.com/Yarkis01/TyraDex/images/sprites/27/regular.png', 28, '0,6 m', '12,0 kg', 50, 75, 85, 40, 'https://raw.githubusercontent.com/Yarkis01/TyraDex/images/sprites/27/shiny.png'),
(28, 'Sablaireau', 'https://raw.githubusercontent.com/Yarkis01/TyraDex/images/sprites/28/regular.png', 28, '1,0 m', '29,5 kg', 75, 100, 110, 65, 'https://raw.githubusercontent.com/Yarkis01/TyraDex/images/sprites/28/shiny.png'),
(29, 'Nidoran', 'https://raw.githubusercontent.com/Yarkis01/TyraDex/images/sprites/29/regular.png', 201, '0,4 m', '7,0 kg', 55, 47, 52, 41, 'https://raw.githubusercontent.com/Yarkis01/TyraDex/images/sprites/29/shiny.png'),
(30, 'Nidorina', 'https://raw.githubusercontent.com/Yarkis01/TyraDex/images/sprites/30/regular.png', 201, '0,8 m', '20,0 kg', 70, 62, 67, 56, 'https://raw.githubusercontent.com/Yarkis01/TyraDex/images/sprites/30/shiny.png'),
(31, 'Nidoqueen', 'https://raw.githubusercontent.com/Yarkis01/TyraDex/images/sprites/31/regular.png', 488, '1,3 m', '60,0 kg', 90, 92, 87, 76, 'https://raw.githubusercontent.com/Yarkis01/TyraDex/images/sprites/31/shiny.png'),
(32, 'Nidoran', 'https://raw.githubusercontent.com/Yarkis01/TyraDex/images/sprites/32/regular.png', 201, '0,5 m', '9,0 kg', 46, 57, 40, 50, 'https://raw.githubusercontent.com/Yarkis01/TyraDex/images/sprites/32/shiny.png'),
(33, 'Nidorino', 'https://raw.githubusercontent.com/Yarkis01/TyraDex/images/sprites/33/regular.png', 201, '0,9 m', '19,5 kg', 61, 72, 57, 65, 'https://raw.githubusercontent.com/Yarkis01/TyraDex/images/sprites/33/shiny.png'),
(34, 'Nidoking', 'https://raw.githubusercontent.com/Yarkis01/TyraDex/images/sprites/34/regular.png', 488, '1,4 m', '62,0 kg', 81, 102, 77, 85, 'https://raw.githubusercontent.com/Yarkis01/TyraDex/images/sprites/34/shiny.png'),
(35, 'Mélofée', 'https://raw.githubusercontent.com/Yarkis01/TyraDex/images/sprites/35/regular.png', 152, '0,6 m', '7,5 kg', 70, 45, 48, 35, 'https://raw.githubusercontent.com/Yarkis01/TyraDex/images/sprites/35/shiny.png'),
(36, 'Mélodelfe', 'https://raw.githubusercontent.com/Yarkis01/TyraDex/images/sprites/36/regular.png', 152, '1,3 m', '40,0 kg', 95, 70, 73, 60, 'https://raw.githubusercontent.com/Yarkis01/TyraDex/images/sprites/36/shiny.png'),
(37, 'Goupix', 'https://raw.githubusercontent.com/Yarkis01/TyraDex/images/sprites/37/regular.png', 42, '0,6 m', '9,9 kg', 38, 41, 40, 65, 'https://raw.githubusercontent.com/Yarkis01/TyraDex/images/sprites/37/shiny.png'),
(38, 'Feunard', 'https://raw.githubusercontent.com/Yarkis01/TyraDex/images/sprites/38/regular.png', 42, '1,1 m', '19,9 kg', 73, 76, 75, 100, 'https://raw.githubusercontent.com/Yarkis01/TyraDex/images/sprites/38/shiny.png'),
(39, 'Rondoudou', 'https://raw.githubusercontent.com/Yarkis01/TyraDex/images/sprites/39/regular.png', 71, '0,5 m', '5,5 kg', 115, 45, 20, 20, 'https://raw.githubusercontent.com/Yarkis01/TyraDex/images/sprites/39/shiny.png'),
(40, 'Grodoudou', 'https://raw.githubusercontent.com/Yarkis01/TyraDex/images/sprites/40/regular.png', 71, '1,0 m', '12,0 kg', 140, 70, 45, 45, 'https://raw.githubusercontent.com/Yarkis01/TyraDex/images/sprites/40/shiny.png'),
(41, 'Nosferapti', 'https://raw.githubusercontent.com/Yarkis01/TyraDex/images/sprites/41/regular.png', 68, '0,8 m', '7,5 kg', 40, 45, 35, 55, 'https://raw.githubusercontent.com/Yarkis01/TyraDex/images/sprites/41/shiny.png'),
(42, 'Nosferalto', 'https://raw.githubusercontent.com/Yarkis01/TyraDex/images/sprites/42/regular.png', 68, '1,6 m', '55,0 kg', 75, 80, 70, 90, 'https://raw.githubusercontent.com/Yarkis01/TyraDex/images/sprites/42/shiny.png'),
(43, 'Mystherbe', 'https://raw.githubusercontent.com/Yarkis01/TyraDex/images/sprites/43/regular.png', 521, '0,5 m', '5,4 kg', 45, 50, 55, 30, 'https://raw.githubusercontent.com/Yarkis01/TyraDex/images/sprites/43/shiny.png'),
(44, 'Ortide', 'https://raw.githubusercontent.com/Yarkis01/TyraDex/images/sprites/44/regular.png', 521, '0,8 m', '8,6 kg', 60, 65, 70, 40, 'https://raw.githubusercontent.com/Yarkis01/TyraDex/images/sprites/44/shiny.png'),
(45, 'Rafflesia', 'https://raw.githubusercontent.com/Yarkis01/TyraDex/images/sprites/45/regular.png', 74, '1,2 m', '18,6 kg', 75, 80, 85, 50, 'https://raw.githubusercontent.com/Yarkis01/TyraDex/images/sprites/45/shiny.png'),
(46, 'Paras', 'https://raw.githubusercontent.com/Yarkis01/TyraDex/images/sprites/46/regular.png', 303, '0,3 m', '5,4 kg', 35, 70, 55, 25, 'https://raw.githubusercontent.com/Yarkis01/TyraDex/images/sprites/46/shiny.png'),
(47, 'Parasect', 'https://raw.githubusercontent.com/Yarkis01/TyraDex/images/sprites/47/regular.png', 303, '1,0 m', '29,5 kg', 60, 95, 80, 30, 'https://raw.githubusercontent.com/Yarkis01/TyraDex/images/sprites/47/shiny.png'),
(48, 'Mimitoss', 'https://raw.githubusercontent.com/Yarkis01/TyraDex/images/sprites/48/regular.png', 116, '1,0 m', '30,0 kg', 60, 55, 50, 45, 'https://raw.githubusercontent.com/Yarkis01/TyraDex/images/sprites/48/shiny.png'),
(49, 'Aéromite', 'https://raw.githubusercontent.com/Yarkis01/TyraDex/images/sprites/49/regular.png', 70, '1,5 m', '12,5 kg', 70, 65, 60, 90, 'https://raw.githubusercontent.com/Yarkis01/TyraDex/images/sprites/49/shiny.png'),
(50, 'Taupiqueur', 'https://raw.githubusercontent.com/Yarkis01/TyraDex/images/sprites/50/regular.png', 175, '0,2 m', '0,8 kg', 10, 55, 25, 95, 'https://raw.githubusercontent.com/Yarkis01/TyraDex/images/sprites/50/shiny.png'),
(51, 'Triopikeur', 'https://raw.githubusercontent.com/Yarkis01/TyraDex/images/sprites/51/regular.png', 175, '0,7 m', '33,3 kg', 35, 100, 50, 120, 'https://raw.githubusercontent.com/Yarkis01/TyraDex/images/sprites/51/shiny.png'),
(52, 'Miaouss', 'https://raw.githubusercontent.com/Yarkis01/TyraDex/images/sprites/52/regular.png', 292, '0,4 m', '4,2 kg', 40, 45, 35, 90, 'https://raw.githubusercontent.com/Yarkis01/TyraDex/images/sprites/52/shiny.png'),
(53, 'Persian', 'https://raw.githubusercontent.com/Yarkis01/TyraDex/images/sprites/53/regular.png', 354, '1,0 m', '32,0 kg', 65, 70, 60, 115, 'https://raw.githubusercontent.com/Yarkis01/TyraDex/images/sprites/53/shiny.png'),
(54, 'Psykokwak', 'https://raw.githubusercontent.com/Yarkis01/TyraDex/images/sprites/54/regular.png', 53, '0,8 m', '19,6 kg', 50, 52, 48, 55, 'https://raw.githubusercontent.com/Yarkis01/TyraDex/images/sprites/54/shiny.png'),
(55, 'Akwakwak', 'https://raw.githubusercontent.com/Yarkis01/TyraDex/images/sprites/55/regular.png', 53, '1,7 m', '76,6 kg', 80, 82, 78, 85, 'https://raw.githubusercontent.com/Yarkis01/TyraDex/images/sprites/55/shiny.png'),
(56, 'Férosinge', 'https://raw.githubusercontent.com/Yarkis01/TyraDex/images/sprites/56/regular.png', 519, '0,5 m', '28,0 kg', 40, 80, 35, 70, 'https://raw.githubusercontent.com/Yarkis01/TyraDex/images/sprites/56/shiny.png'),
(57, 'Colossinge', 'https://raw.githubusercontent.com/Yarkis01/TyraDex/images/sprites/57/regular.png', 519, '1,0 m', '32,0 kg', 65, 105, 60, 95, 'https://raw.githubusercontent.com/Yarkis01/TyraDex/images/sprites/57/shiny.png'),
(58, 'Caninos', 'https://raw.githubusercontent.com/Yarkis01/TyraDex/images/sprites/58/regular.png', 579, '0,7 m', '19,0 kg', 55, 70, 45, 60, 'https://raw.githubusercontent.com/Yarkis01/TyraDex/images/sprites/58/shiny.png'),
(59, 'Arcanin', 'https://raw.githubusercontent.com/Yarkis01/TyraDex/images/sprites/59/regular.png', 30, '1,9 m', '155,0 kg', 90, 110, 80, 95, 'https://raw.githubusercontent.com/Yarkis01/TyraDex/images/sprites/59/shiny.png'),
(60, 'Ptitard', 'https://raw.githubusercontent.com/Yarkis01/TyraDex/images/sprites/60/regular.png', 143, '0,6 m', '12,4 kg', 40, 50, 40, 90, 'https://raw.githubusercontent.com/Yarkis01/TyraDex/images/sprites/60/shiny.png'),
(61, 'Têtarte', 'https://raw.githubusercontent.com/Yarkis01/TyraDex/images/sprites/61/regular.png', 143, '1,0 m', '20,0 kg', 65, 65, 65, 90, 'https://raw.githubusercontent.com/Yarkis01/TyraDex/images/sprites/61/shiny.png'),
(62, 'Tartard', 'https://raw.githubusercontent.com/Yarkis01/TyraDex/images/sprites/62/regular.png', 143, '1,3 m', '54,0 kg', 90, 95, 95, 70, 'https://raw.githubusercontent.com/Yarkis01/TyraDex/images/sprites/62/shiny.png'),
(63, 'Abra', 'https://raw.githubusercontent.com/Yarkis01/TyraDex/images/sprites/63/regular.png', 455, '0,9 m', '19,5 kg', 25, 20, 15, 90, 'https://raw.githubusercontent.com/Yarkis01/TyraDex/images/sprites/63/shiny.png'),
(64, 'Kadabra', 'https://raw.githubusercontent.com/Yarkis01/TyraDex/images/sprites/64/regular.png', 455, '1,3 m', '56,5 kg', 40, 35, 30, 105, 'https://raw.githubusercontent.com/Yarkis01/TyraDex/images/sprites/64/shiny.png'),
(65, 'Alakazam', 'https://raw.githubusercontent.com/Yarkis01/TyraDex/images/sprites/65/regular.png', 455, '1,5 m', '48,0 kg', 55, 50, 45, 120, 'https://raw.githubusercontent.com/Yarkis01/TyraDex/images/sprites/65/shiny.png'),
(66, 'Machoc', 'https://raw.githubusercontent.com/Yarkis01/TyraDex/images/sprites/66/regular.png', 679, '0,8 m', '19,5 kg', 70, 80, 50, 35, 'https://raw.githubusercontent.com/Yarkis01/TyraDex/images/sprites/66/shiny.png'),
(67, 'Machopeur', 'https://raw.githubusercontent.com/Yarkis01/TyraDex/images/sprites/67/regular.png', 679, '1,5 m', '70,5 kg', 80, 100, 70, 45, 'https://raw.githubusercontent.com/Yarkis01/TyraDex/images/sprites/67/shiny.png'),
(68, 'Mackogneur', 'https://raw.githubusercontent.com/Yarkis01/TyraDex/images/sprites/68/regular.png', 679, '1,6 m', '130,0 kg', 90, 130, 80, 55, 'https://raw.githubusercontent.com/Yarkis01/TyraDex/images/sprites/68/shiny.png'),
(69, 'Chétiflor', 'https://raw.githubusercontent.com/Yarkis01/TyraDex/images/sprites/69/regular.png', 74, '0,7 m', '4,0 kg', 50, 75, 35, 40, 'https://raw.githubusercontent.com/Yarkis01/TyraDex/images/sprites/69/shiny.png'),
(70, 'Boustiflor', 'https://raw.githubusercontent.com/Yarkis01/TyraDex/images/sprites/70/regular.png', 624, '1,0 m', '6,4 kg', 65, 90, 50, 55, 'https://raw.githubusercontent.com/Yarkis01/TyraDex/images/sprites/70/shiny.png'),
(71, 'Empiflor', 'https://raw.githubusercontent.com/Yarkis01/TyraDex/images/sprites/71/regular.png', 624, '1,7 m', '15,5 kg', 80, 105, 65, 70, 'https://raw.githubusercontent.com/Yarkis01/TyraDex/images/sprites/71/shiny.png'),
(72, 'Tentacool', 'https://raw.githubusercontent.com/Yarkis01/TyraDex/images/sprites/72/regular.png', 341, '0,9 m', '45,5 kg', 40, 40, 35, 70, 'https://raw.githubusercontent.com/Yarkis01/TyraDex/images/sprites/72/shiny.png'),
(73, 'Tentacruel', 'https://raw.githubusercontent.com/Yarkis01/TyraDex/images/sprites/73/regular.png', 341, '1,6 m', '55,0 kg', 80, 70, 65, 100, 'https://raw.githubusercontent.com/Yarkis01/TyraDex/images/sprites/73/shiny.png'),
(74, 'Racaillou', 'https://raw.githubusercontent.com/Yarkis01/TyraDex/images/sprites/74/regular.png', 599, '0,4 m', '20,0 kg', 40, 80, 100, 20, 'https://raw.githubusercontent.com/Yarkis01/TyraDex/images/sprites/74/shiny.png'),
(75, 'Gravalanch', 'https://raw.githubusercontent.com/Yarkis01/TyraDex/images/sprites/75/regular.png', 599, '1,0 m', '105,0 kg', 55, 95, 115, 35, 'https://raw.githubusercontent.com/Yarkis01/TyraDex/images/sprites/75/shiny.png'),
(76, 'Grolem', 'https://raw.githubusercontent.com/Yarkis01/TyraDex/images/sprites/76/regular.png', 407, '1,4 m', '300,0 kg', 80, 120, 130, 45, 'https://raw.githubusercontent.com/Yarkis01/TyraDex/images/sprites/76/shiny.png'),
(77, 'Ponyta', 'https://raw.githubusercontent.com/Yarkis01/TyraDex/images/sprites/77/regular.png', 373, '1,0 m', '30,0 kg', 50, 85, 55, 90, 'https://raw.githubusercontent.com/Yarkis01/TyraDex/images/sprites/77/shiny.png'),
(78, 'Galopa', 'https://raw.githubusercontent.com/Yarkis01/TyraDex/images/sprites/78/regular.png', 373, '1,7 m', '95,0 kg', 65, 100, 70, 105, 'https://raw.githubusercontent.com/Yarkis01/TyraDex/images/sprites/78/shiny.png'),
(79, 'Ramoloss', 'https://raw.githubusercontent.com/Yarkis01/TyraDex/images/sprites/79/regular.png', 647, '1,2 m', '36,0 kg', 90, 65, 65, 15, 'https://raw.githubusercontent.com/Yarkis01/TyraDex/images/sprites/79/shiny.png'),
(80, 'Flagadoss', 'https://raw.githubusercontent.com/Yarkis01/TyraDex/images/sprites/80/regular.png', 525, '1,6 m', '78,5 kg', 95, 75, 110, 30, 'https://raw.githubusercontent.com/Yarkis01/TyraDex/images/sprites/80/shiny.png'),
(81, 'Magnéti', 'https://raw.githubusercontent.com/Yarkis01/TyraDex/images/sprites/81/regular.png', 122, '0,3 m', '6,0 kg', 25, 35, 70, 45, 'https://raw.githubusercontent.com/Yarkis01/TyraDex/images/sprites/81/shiny.png'),
(82, 'Magnéton', 'https://raw.githubusercontent.com/Yarkis01/TyraDex/images/sprites/82/regular.png', 122, '1,0 m', '60,0 kg', 50, 60, 95, 70, 'https://raw.githubusercontent.com/Yarkis01/TyraDex/images/sprites/82/shiny.png'),
(83, 'Canarticho', 'https://raw.githubusercontent.com/Yarkis01/TyraDex/images/sprites/83/regular.png', 576, '0,8 m', '15,0 kg', 52, 90, 55, 60, 'https://raw.githubusercontent.com/Yarkis01/TyraDex/images/sprites/83/shiny.png'),
(84, 'Doduo', 'https://raw.githubusercontent.com/Yarkis01/TyraDex/images/sprites/84/regular.png', 19, '1,4 m', '39,2 kg', 35, 85, 45, 75, 'https://raw.githubusercontent.com/Yarkis01/TyraDex/images/sprites/84/shiny.png'),
(85, 'Dodrio', 'https://raw.githubusercontent.com/Yarkis01/TyraDex/images/sprites/85/regular.png', 141, '1,8 m', '85,2 kg', 60, 110, 70, 110, 'https://raw.githubusercontent.com/Yarkis01/TyraDex/images/sprites/85/shiny.png'),
(86, 'Otaria', 'https://raw.githubusercontent.com/Yarkis01/TyraDex/images/sprites/86/regular.png', 166, '1,1 m', '90,0 kg', 65, 45, 55, 45, 'https://raw.githubusercontent.com/Yarkis01/TyraDex/images/sprites/86/shiny.png'),
(87, 'Lamantine', 'https://raw.githubusercontent.com/Yarkis01/TyraDex/images/sprites/87/regular.png', 166, '1,7 m', '120,0 kg', 90, 70, 80, 70, 'https://raw.githubusercontent.com/Yarkis01/TyraDex/images/sprites/87/shiny.png'),
(88, 'Tadmorv', 'https://raw.githubusercontent.com/Yarkis01/TyraDex/images/sprites/88/regular.png', 237, '0,9 m', '30,0 kg', 80, 80, 50, 25, 'https://raw.githubusercontent.com/Yarkis01/TyraDex/images/sprites/88/shiny.png'),
(89, 'Grotadmorv', 'https://raw.githubusercontent.com/Yarkis01/TyraDex/images/sprites/89/regular.png', 237, '1,2 m', '30,0 kg', 105, 105, 75, 50, 'https://raw.githubusercontent.com/Yarkis01/TyraDex/images/sprites/89/shiny.png'),
(90, 'Kokiyas', 'https://raw.githubusercontent.com/Yarkis01/TyraDex/images/sprites/90/regular.png', 453, '0,3 m', '4,0 kg', 30, 65, 100, 40, 'https://raw.githubusercontent.com/Yarkis01/TyraDex/images/sprites/90/shiny.png'),
(91, 'Crustabri', 'https://raw.githubusercontent.com/Yarkis01/TyraDex/images/sprites/91/regular.png', 453, '1,5 m', '132,5 kg', 50, 95, 180, 70, 'https://raw.githubusercontent.com/Yarkis01/TyraDex/images/sprites/91/shiny.png'),
(92, 'Fantominus', 'https://raw.githubusercontent.com/Yarkis01/TyraDex/images/sprites/92/regular.png', 438, '1,3 m', '0,1 kg', 30, 35, 30, 80, 'https://raw.githubusercontent.com/Yarkis01/TyraDex/images/sprites/92/shiny.png'),
(93, 'Spectrum', 'https://raw.githubusercontent.com/Yarkis01/TyraDex/images/sprites/93/regular.png', 438, '1,6 m', '0,1 kg', 45, 50, 45, 95, 'https://raw.githubusercontent.com/Yarkis01/TyraDex/images/sprites/93/shiny.png'),
(94, 'Ectoplasma', 'https://raw.githubusercontent.com/Yarkis01/TyraDex/images/sprites/94/regular.png', 139, '1,5 m', '40,5 kg', 60, 65, 60, 110, 'https://raw.githubusercontent.com/Yarkis01/TyraDex/images/sprites/94/shiny.png'),
(95, 'Onix', 'https://raw.githubusercontent.com/Yarkis01/TyraDex/images/sprites/95/regular.png', 325, '8,8 m', '210,0 kg', 35, 45, 160, 70, 'https://raw.githubusercontent.com/Yarkis01/TyraDex/images/sprites/95/shiny.png'),
(96, 'Soporifik', 'https://raw.githubusercontent.com/Yarkis01/TyraDex/images/sprites/96/regular.png', 489, '1,0 m', '32,4 kg', 60, 48, 45, 42, 'https://raw.githubusercontent.com/Yarkis01/TyraDex/images/sprites/96/shiny.png'),
(97, 'Hypnomade', 'https://raw.githubusercontent.com/Yarkis01/TyraDex/images/sprites/97/regular.png', 489, '1,6 m', '75,6 kg', 85, 73, 70, 67, 'https://raw.githubusercontent.com/Yarkis01/TyraDex/images/sprites/97/shiny.png'),
(98, 'Krabby', 'https://raw.githubusercontent.com/Yarkis01/TyraDex/images/sprites/98/regular.png', 25, '0,4 m', '6,5 kg', 30, 105, 90, 50, 'https://raw.githubusercontent.com/Yarkis01/TyraDex/images/sprites/98/shiny.png'),
(99, 'Krabboss', 'https://raw.githubusercontent.com/Yarkis01/TyraDex/images/sprites/99/regular.png', 551, '1,3 m', '60,0 kg', 55, 130, 115, 75, 'https://raw.githubusercontent.com/Yarkis01/TyraDex/images/sprites/99/shiny.png'),
(100, 'Voltorbe', 'https://raw.githubusercontent.com/Yarkis01/TyraDex/images/sprites/100/regular.png', 186, '0,5 m', '10,4 kg', 40, 30, 50, 100, 'https://raw.githubusercontent.com/Yarkis01/TyraDex/images/sprites/100/shiny.png'),
(101, 'Électrode', 'https://raw.githubusercontent.com/Yarkis01/TyraDex/images/sprites/101/regular.png', 186, '1,2 m', '66,6 kg', 60, 50, 70, 150, 'https://raw.githubusercontent.com/Yarkis01/TyraDex/images/sprites/101/shiny.png'),
(102, 'Noeunoeuf', 'https://raw.githubusercontent.com/Yarkis01/TyraDex/images/sprites/102/regular.png', 326, '0,4 m', '2,5 kg', 60, 40, 80, 40, 'https://raw.githubusercontent.com/Yarkis01/TyraDex/images/sprites/102/shiny.png'),
(103, 'Noadkoko', 'https://raw.githubusercontent.com/Yarkis01/TyraDex/images/sprites/103/regular.png', 669, '2,0 m', '120,0 kg', 95, 95, 85, 55, 'https://raw.githubusercontent.com/Yarkis01/TyraDex/images/sprites/103/shiny.png'),
(104, 'Osselait', 'https://raw.githubusercontent.com/Yarkis01/TyraDex/images/sprites/104/regular.png', 193, '0,4 m', '6,5 kg', 50, 50, 95, 35, 'https://raw.githubusercontent.com/Yarkis01/TyraDex/images/sprites/104/shiny.png'),
(105, 'Ossatueur', 'https://raw.githubusercontent.com/Yarkis01/TyraDex/images/sprites/105/regular.png', 447, '1,0 m', '45,0 kg', 60, 80, 110, 45, 'https://raw.githubusercontent.com/Yarkis01/TyraDex/images/sprites/105/shiny.png'),
(106, 'Kicklee', 'https://raw.githubusercontent.com/Yarkis01/TyraDex/images/sprites/106/regular.png', 333, '1,5 m', '49,8 kg', 50, 120, 53, 87, 'https://raw.githubusercontent.com/Yarkis01/TyraDex/images/sprites/106/shiny.png'),
(107, 'Tygnon', 'https://raw.githubusercontent.com/Yarkis01/TyraDex/images/sprites/107/regular.png', 314, '1,4 m', '50,2 kg', 50, 105, 79, 76, 'https://raw.githubusercontent.com/Yarkis01/TyraDex/images/sprites/107/shiny.png'),
(108, 'Excelangue', 'https://raw.githubusercontent.com/Yarkis01/TyraDex/images/sprites/108/regular.png', 657, '1,2 m', '65,5 kg', 90, 55, 75, 30, 'https://raw.githubusercontent.com/Yarkis01/TyraDex/images/sprites/108/shiny.png'),
(109, 'Smogo', 'https://raw.githubusercontent.com/Yarkis01/TyraDex/images/sprites/109/regular.png', 119, '0,6 m', '1,0 kg', 40, 65, 95, 35, 'https://raw.githubusercontent.com/Yarkis01/TyraDex/images/sprites/109/shiny.png'),
(110, 'Smogogo', 'https://raw.githubusercontent.com/Yarkis01/TyraDex/images/sprites/110/regular.png', 119, '1,2 m', '9,5 kg', 65, 90, 120, 60, 'https://raw.githubusercontent.com/Yarkis01/TyraDex/images/sprites/110/shiny.png'),
(111, 'Rhinocorne', 'https://raw.githubusercontent.com/Yarkis01/TyraDex/images/sprites/111/regular.png', 648, '1,0 m', '115,0 kg', 80, 85, 95, 25, 'https://raw.githubusercontent.com/Yarkis01/TyraDex/images/sprites/111/shiny.png'),
(112, 'Rhinoféros', 'https://raw.githubusercontent.com/Yarkis01/TyraDex/images/sprites/112/regular.png', 488, '1,9 m', '120,0 kg', 105, 130, 120, 40, 'https://raw.githubusercontent.com/Yarkis01/TyraDex/images/sprites/112/shiny.png'),
(113, 'Leveinard', 'https://raw.githubusercontent.com/Yarkis01/TyraDex/images/sprites/113/regular.png', 326, '1,1 m', '34,6 kg', 250, 5, 5, 50, 'https://raw.githubusercontent.com/Yarkis01/TyraDex/images/sprites/113/shiny.png'),
(114, 'Saquedeneu', 'https://raw.githubusercontent.com/Yarkis01/TyraDex/images/sprites/114/regular.png', 641, '1,0 m', '35,0 kg', 65, 55, 115, 60, 'https://raw.githubusercontent.com/Yarkis01/TyraDex/images/sprites/114/shiny.png'),
(115, 'Kangourex', 'https://raw.githubusercontent.com/Yarkis01/TyraDex/images/sprites/115/regular.png', 459, '2,2 m', '80,0 kg', 105, 95, 80, 90, 'https://raw.githubusercontent.com/Yarkis01/TyraDex/images/sprites/115/shiny.png'),
(116, 'Hypotrempe', 'https://raw.githubusercontent.com/Yarkis01/TyraDex/images/sprites/116/regular.png', 250, '0,4 m', '8,0 kg', 30, 40, 70, 60, 'https://raw.githubusercontent.com/Yarkis01/TyraDex/images/sprites/116/shiny.png'),
(117, 'Hypocéan', 'https://raw.githubusercontent.com/Yarkis01/TyraDex/images/sprites/117/regular.png', 250, '1,2 m', '25,0 kg', 55, 65, 95, 85, 'https://raw.githubusercontent.com/Yarkis01/TyraDex/images/sprites/117/shiny.png'),
(118, 'Poissirène', 'https://raw.githubusercontent.com/Yarkis01/TyraDex/images/sprites/118/regular.png', 32, '0,6 m', '15,0 kg', 45, 67, 60, 63, 'https://raw.githubusercontent.com/Yarkis01/TyraDex/images/sprites/118/shiny.png'),
(119, 'Poissoroy', 'https://raw.githubusercontent.com/Yarkis01/TyraDex/images/sprites/119/regular.png', 32, '1,3 m', '39,0 kg', 80, 92, 65, 68, 'https://raw.githubusercontent.com/Yarkis01/TyraDex/images/sprites/119/shiny.png'),
(120, 'Stari', 'https://raw.githubusercontent.com/Yarkis01/TyraDex/images/sprites/120/regular.png', 558, '0,8 m', '34,5 kg', 30, 45, 55, 85, 'https://raw.githubusercontent.com/Yarkis01/TyraDex/images/sprites/120/shiny.png'),
(121, 'Staross', 'https://raw.githubusercontent.com/Yarkis01/TyraDex/images/sprites/121/regular.png', 259, '1,1 m', '80,0 kg', 60, 75, 85, 115, 'https://raw.githubusercontent.com/Yarkis01/TyraDex/images/sprites/121/shiny.png'),
(122, 'M. Mime', 'https://raw.githubusercontent.com/Yarkis01/TyraDex/images/sprites/122/regular.png', 397, '1,3 m', '54,5 kg', 40, 45, 65, 90, 'https://raw.githubusercontent.com/Yarkis01/TyraDex/images/sprites/122/shiny.png'),
(123, 'Insécateur', 'https://raw.githubusercontent.com/Yarkis01/TyraDex/images/sprites/123/regular.png', 456, '1,5 m', '56,0 kg', 70, 110, 80, 105, 'https://raw.githubusercontent.com/Yarkis01/TyraDex/images/sprites/123/shiny.png'),
(124, 'Lippoutou', 'https://raw.githubusercontent.com/Yarkis01/TyraDex/images/sprites/124/regular.png', 203, '1,4 m', '40,6 kg', 65, 50, 35, 95, 'https://raw.githubusercontent.com/Yarkis01/TyraDex/images/sprites/124/shiny.png'),
(125, 'Élektek', 'https://raw.githubusercontent.com/Yarkis01/TyraDex/images/sprites/125/regular.png', 301, '1,1 m', '30,0 kg', 65, 83, 57, 105, 'https://raw.githubusercontent.com/Yarkis01/TyraDex/images/sprites/125/shiny.png'),
(126, 'Magmar', 'https://raw.githubusercontent.com/Yarkis01/TyraDex/images/sprites/126/regular.png', 420, '1,3 m', '44,5 kg', 65, 95, 57, 93, 'https://raw.githubusercontent.com/Yarkis01/TyraDex/images/sprites/126/shiny.png'),
(127, 'Scarabrute', 'https://raw.githubusercontent.com/Yarkis01/TyraDex/images/sprites/127/regular.png', 468, '1,5 m', '55,0 kg', 65, 125, 100, 85, 'https://raw.githubusercontent.com/Yarkis01/TyraDex/images/sprites/127/shiny.png'),
(128, 'Tauros', 'https://raw.githubusercontent.com/Yarkis01/TyraDex/images/sprites/128/regular.png', 135, '1,4 m', '88,4 kg', 75, 100, 95, 110, 'https://raw.githubusercontent.com/Yarkis01/TyraDex/images/sprites/128/shiny.png'),
(129, 'Magicarpe', 'https://raw.githubusercontent.com/Yarkis01/TyraDex/images/sprites/129/regular.png', 32, '0,9 m', '10,0 kg', 20, 10, 55, 80, 'https://raw.githubusercontent.com/Yarkis01/TyraDex/images/sprites/129/shiny.png'),
(130, 'Léviator', 'https://raw.githubusercontent.com/Yarkis01/TyraDex/images/sprites/130/regular.png', 366, '6,5 m', '235,0 kg', 95, 125, 79, 81, 'https://raw.githubusercontent.com/Yarkis01/TyraDex/images/sprites/130/shiny.png'),
(131, 'Lokhlass', 'https://raw.githubusercontent.com/Yarkis01/TyraDex/images/sprites/131/regular.png', 21, '2,5 m', '220,0 kg', 130, 85, 80, 60, 'https://raw.githubusercontent.com/Yarkis01/TyraDex/images/sprites/131/shiny.png'),
(132, 'Métamorph', 'https://raw.githubusercontent.com/Yarkis01/TyraDex/images/sprites/132/regular.png', 671, '0,3 m', '4,0 kg', 48, 48, 48, 48, 'https://raw.githubusercontent.com/Yarkis01/TyraDex/images/sprites/132/shiny.png'),
(133, 'Évoli', 'https://raw.githubusercontent.com/Yarkis01/TyraDex/images/sprites/133/regular.png', 3, '0,3 m', '6,5 kg', 65, 75, 70, 75, 'https://raw.githubusercontent.com/Yarkis01/TyraDex/images/sprites/133/shiny.png'),
(134, 'Aquali', 'https://raw.githubusercontent.com/Yarkis01/TyraDex/images/sprites/134/regular.png', 564, '1,0 m', '29,0 kg', 130, 65, 60, 65, 'https://raw.githubusercontent.com/Yarkis01/TyraDex/images/sprites/134/shiny.png'),
(135, 'Voltali', 'https://raw.githubusercontent.com/Yarkis01/TyraDex/images/sprites/135/regular.png', 223, '0,8 m', '24,5 kg', 65, 65, 60, 130, 'https://raw.githubusercontent.com/Yarkis01/TyraDex/images/sprites/135/shiny.png'),
(136, 'Pyroli', 'https://raw.githubusercontent.com/Yarkis01/TyraDex/images/sprites/136/regular.png', 557, '0,9 m', '25,0 kg', 65, 130, 60, 65, 'https://raw.githubusercontent.com/Yarkis01/TyraDex/images/sprites/136/shiny.png'),
(137, 'Porygon', 'https://raw.githubusercontent.com/Yarkis01/TyraDex/images/sprites/137/regular.png', 534, '0,8 m', '36,5 kg', 65, 60, 70, 40, 'https://raw.githubusercontent.com/Yarkis01/TyraDex/images/sprites/137/shiny.png'),
(138, 'Amonita', 'https://raw.githubusercontent.com/Yarkis01/TyraDex/images/sprites/138/regular.png', 552, '0,4 m', '7,5 kg', 35, 40, 100, 35, 'https://raw.githubusercontent.com/Yarkis01/TyraDex/images/sprites/138/shiny.png'),
(139, 'Amonistar', 'https://raw.githubusercontent.com/Yarkis01/TyraDex/images/sprites/139/regular.png', 552, '1,0 m', '35,0 kg', 70, 60, 125, 55, 'https://raw.githubusercontent.com/Yarkis01/TyraDex/images/sprites/139/shiny.png'),
(140, 'Kabuto', 'https://raw.githubusercontent.com/Yarkis01/TyraDex/images/sprites/140/regular.png', 38, '0,5 m', '11,5 kg', 30, 80, 90, 55, 'https://raw.githubusercontent.com/Yarkis01/TyraDex/images/sprites/140/shiny.png'),
(141, 'Kabutops', 'https://raw.githubusercontent.com/Yarkis01/TyraDex/images/sprites/141/regular.png', 38, '1,3 m', '40,5 kg', 60, 115, 105, 80, 'https://raw.githubusercontent.com/Yarkis01/TyraDex/images/sprites/141/shiny.png'),
(142, 'Ptéra', 'https://raw.githubusercontent.com/Yarkis01/TyraDex/images/sprites/142/regular.png', 117, '1,8 m', '59,0 kg', 80, 105, 65, 130, 'https://raw.githubusercontent.com/Yarkis01/TyraDex/images/sprites/142/shiny.png'),
(143, 'Ronflex', 'https://raw.githubusercontent.com/Yarkis01/TyraDex/images/sprites/143/regular.png', 460, '2,1 m', '460,0 kg', 160, 110, 65, 30, 'https://raw.githubusercontent.com/Yarkis01/TyraDex/images/sprites/143/shiny.png'),
(144, 'Artikodin', 'https://raw.githubusercontent.com/Yarkis01/TyraDex/images/sprites/144/regular.png', 266, '1,7 m', '55,4 kg', 90, 85, 100, 85, 'https://raw.githubusercontent.com/Yarkis01/TyraDex/images/sprites/144/shiny.png'),
(145, 'Électhor', 'https://raw.githubusercontent.com/Yarkis01/TyraDex/images/sprites/145/regular.png', 301, '1,6 m', '52,6 kg', 90, 90, 85, 100, 'https://raw.githubusercontent.com/Yarkis01/TyraDex/images/sprites/145/shiny.png'),
(146, 'Sulfura', 'https://raw.githubusercontent.com/Yarkis01/TyraDex/images/sprites/146/regular.png', 557, '2,0 m', '60,0 kg', 90, 100, 90, 90, 'https://raw.githubusercontent.com/Yarkis01/TyraDex/images/sprites/146/shiny.png'),
(147, 'Minidraco', 'https://raw.githubusercontent.com/Yarkis01/TyraDex/images/sprites/147/regular.png', 250, '1,8 m', '3,3 kg', 41, 64, 45, 50, 'https://raw.githubusercontent.com/Yarkis01/TyraDex/images/sprites/147/shiny.png'),
(148, 'Draco', 'https://raw.githubusercontent.com/Yarkis01/TyraDex/images/sprites/148/regular.png', 250, '4,0 m', '16,5 kg', 61, 84, 65, 70, 'https://raw.githubusercontent.com/Yarkis01/TyraDex/images/sprites/148/shiny.png'),
(149, 'Dracolosse', 'https://raw.githubusercontent.com/Yarkis01/TyraDex/images/sprites/149/regular.png', 250, '2,2 m', '210,0 kg', 91, 134, 95, 80, 'https://raw.githubusercontent.com/Yarkis01/TyraDex/images/sprites/149/shiny.png'),
(150, 'Mewtwo', 'https://raw.githubusercontent.com/Yarkis01/TyraDex/images/sprites/150/regular.png', 507, '2,0 m', '122,0 kg', 106, 110, 90, 130, 'https://raw.githubusercontent.com/Yarkis01/TyraDex/images/sprites/150/shiny.png'),
(151, 'Mew', 'https://raw.githubusercontent.com/Yarkis01/TyraDex/images/sprites/151/regular.png', 81, '0,4 m', '4,0 kg', 100, 100, 100, 100, 'https://raw.githubusercontent.com/Yarkis01/TyraDex/images/sprites/151/shiny.png'),
(152, 'Germignon', 'https://raw.githubusercontent.com/Yarkis01/TyraDex/images/sprites/152/regular.png', 231, '0,9 m', '6,4 kg', 45, 49, 65, 45, 'https://raw.githubusercontent.com/Yarkis01/TyraDex/images/sprites/152/shiny.png'),
(153, 'Macronium', 'https://raw.githubusercontent.com/Yarkis01/TyraDex/images/sprites/153/regular.png', 231, '1,2 m', '15,8 kg', 60, 62, 80, 60, 'https://raw.githubusercontent.com/Yarkis01/TyraDex/images/sprites/153/shiny.png'),
(154, 'Méganium', 'https://raw.githubusercontent.com/Yarkis01/TyraDex/images/sprites/154/regular.png', 556, '1,8 m', '100,5 kg', 80, 82, 100, 80, 'https://raw.githubusercontent.com/Yarkis01/TyraDex/images/sprites/154/shiny.png'),
(155, 'Héricendre', 'https://raw.githubusercontent.com/Yarkis01/TyraDex/images/sprites/155/regular.png', 133, '0,5 m', '7,9 kg', 39, 52, 43, 65, 'https://raw.githubusercontent.com/Yarkis01/TyraDex/images/sprites/155/shiny.png'),
(156, 'Feurisson', 'https://raw.githubusercontent.com/Yarkis01/TyraDex/images/sprites/156/regular.png', 454, '0,9 m', '19,0 kg', 58, 64, 58, 80, 'https://raw.githubusercontent.com/Yarkis01/TyraDex/images/sprites/156/shiny.png'),
(157, 'Typhlosion', 'https://raw.githubusercontent.com/Yarkis01/TyraDex/images/sprites/157/regular.png', 454, '1,7 m', '79,5 kg', 78, 84, 78, 100, 'https://raw.githubusercontent.com/Yarkis01/TyraDex/images/sprites/157/shiny.png'),
(158, 'Kaiminus', 'https://raw.githubusercontent.com/Yarkis01/TyraDex/images/sprites/158/regular.png', 151, '0,6 m', '9,5 kg', 50, 65, 64, 43, 'https://raw.githubusercontent.com/Yarkis01/TyraDex/images/sprites/158/shiny.png'),
(159, 'Crocrodil', 'https://raw.githubusercontent.com/Yarkis01/TyraDex/images/sprites/159/regular.png', 151, '1,1 m', '25,0 kg', 65, 80, 80, 58, 'https://raw.githubusercontent.com/Yarkis01/TyraDex/images/sprites/159/shiny.png'),
(160, 'Aligatueur', 'https://raw.githubusercontent.com/Yarkis01/TyraDex/images/sprites/160/regular.png', 151, '2,3 m', '88,8 kg', 85, 105, 100, 78, 'https://raw.githubusercontent.com/Yarkis01/TyraDex/images/sprites/160/shiny.png'),
(161, 'Fouinette', 'https://raw.githubusercontent.com/Yarkis01/TyraDex/images/sprites/161/regular.png', 123, '0,8 m', '6,0 kg', 35, 46, 34, 20, 'https://raw.githubusercontent.com/Yarkis01/TyraDex/images/sprites/161/shiny.png'),
(162, 'Fouinar', 'https://raw.githubusercontent.com/Yarkis01/TyraDex/images/sprites/162/regular.png', 300, '1,8 m', '32,5 kg', 85, 76, 64, 90, 'https://raw.githubusercontent.com/Yarkis01/TyraDex/images/sprites/162/shiny.png'),
(163, 'Hoothoot', 'https://raw.githubusercontent.com/Yarkis01/TyraDex/images/sprites/163/regular.png', 649, '0,7 m', '21,2 kg', 60, 30, 30, 50, 'https://raw.githubusercontent.com/Yarkis01/TyraDex/images/sprites/163/shiny.png'),
(164, 'Noarfang', 'https://raw.githubusercontent.com/Yarkis01/TyraDex/images/sprites/164/regular.png', 649, '1,6 m', '40,8 kg', 100, 50, 50, 70, 'https://raw.githubusercontent.com/Yarkis01/TyraDex/images/sprites/164/shiny.png'),
(165, 'Coxy', 'https://raw.githubusercontent.com/Yarkis01/TyraDex/images/sprites/165/regular.png', 204, '1,0 m', '10,8 kg', 40, 20, 30, 55, 'https://raw.githubusercontent.com/Yarkis01/TyraDex/images/sprites/165/shiny.png'),
(166, 'Coxyclaque', 'https://raw.githubusercontent.com/Yarkis01/TyraDex/images/sprites/166/regular.png', 204, '1,4 m', '35,6 kg', 55, 35, 50, 85, 'https://raw.githubusercontent.com/Yarkis01/TyraDex/images/sprites/166/shiny.png'),
(167, 'Mimigal', 'https://raw.githubusercontent.com/Yarkis01/TyraDex/images/sprites/167/regular.png', 285, '0,5 m', '8,5 kg', 40, 60, 40, 30, 'https://raw.githubusercontent.com/Yarkis01/TyraDex/images/sprites/167/shiny.png'),
(168, 'Migalos', 'https://raw.githubusercontent.com/Yarkis01/TyraDex/images/sprites/168/regular.png', 128, '1,1 m', '33,5 kg', 70, 90, 70, 40, 'https://raw.githubusercontent.com/Yarkis01/TyraDex/images/sprites/168/shiny.png'),
(169, 'Nostenfer', 'https://raw.githubusercontent.com/Yarkis01/TyraDex/images/sprites/169/regular.png', 68, '1,8 m', '75,0 kg', 85, 90, 80, 130, 'https://raw.githubusercontent.com/Yarkis01/TyraDex/images/sprites/169/shiny.png'),
(170, 'Loupio', 'https://raw.githubusercontent.com/Yarkis01/TyraDex/images/sprites/170/regular.png', 32, '0,5 m', '12,0 kg', 75, 38, 38, 67, 'https://raw.githubusercontent.com/Yarkis01/TyraDex/images/sprites/170/shiny.png'),
(171, 'Lanturn', 'https://raw.githubusercontent.com/Yarkis01/TyraDex/images/sprites/171/regular.png', 547, '1,2 m', '22,5 kg', 125, 58, 58, 67, 'https://raw.githubusercontent.com/Yarkis01/TyraDex/images/sprites/171/shiny.png'),
(172, 'Pichu', 'https://raw.githubusercontent.com/Yarkis01/TyraDex/images/sprites/172/regular.png', 469, '0,3 m', '2,0 kg', 20, 40, 15, 60, 'https://raw.githubusercontent.com/Yarkis01/TyraDex/images/sprites/172/shiny.png'),
(173, 'Mélo', 'https://raw.githubusercontent.com/Yarkis01/TyraDex/images/sprites/173/regular.png', 558, '0,3 m', '3,0 kg', 50, 25, 28, 15, 'https://raw.githubusercontent.com/Yarkis01/TyraDex/images/sprites/173/shiny.png'),
(174, 'Toudoudou', 'https://raw.githubusercontent.com/Yarkis01/TyraDex/images/sprites/174/regular.png', 71, '0,3 m', '1,0 kg', 90, 30, 15, 15, 'https://raw.githubusercontent.com/Yarkis01/TyraDex/images/sprites/174/shiny.png'),
(175, 'Togepi', 'https://raw.githubusercontent.com/Yarkis01/TyraDex/images/sprites/175/regular.png', 483, '0,3 m', '1,5 kg', 35, 20, 65, 20, 'https://raw.githubusercontent.com/Yarkis01/TyraDex/images/sprites/175/shiny.png'),
(176, 'Togetic', 'https://raw.githubusercontent.com/Yarkis01/TyraDex/images/sprites/176/regular.png', 267, '0,6 m', '3,2 kg', 55, 40, 85, 40, 'https://raw.githubusercontent.com/Yarkis01/TyraDex/images/sprites/176/shiny.png'),
(177, 'Natu', 'https://raw.githubusercontent.com/Yarkis01/TyraDex/images/sprites/177/regular.png', 419, '0,2 m', '2,0 kg', 40, 50, 45, 70, 'https://raw.githubusercontent.com/Yarkis01/TyraDex/images/sprites/177/shiny.png'),
(178, 'Xatu', 'https://raw.githubusercontent.com/Yarkis01/TyraDex/images/sprites/178/regular.png', 170, '1,5 m', '15,0 kg', 65, 75, 70, 95, 'https://raw.githubusercontent.com/Yarkis01/TyraDex/images/sprites/178/shiny.png'),
(179, 'Wattouat', 'https://raw.githubusercontent.com/Yarkis01/TyraDex/images/sprites/179/regular.png', 610, '0,6 m', '7,8 kg', 55, 40, 40, 35, 'https://raw.githubusercontent.com/Yarkis01/TyraDex/images/sprites/179/shiny.png'),
(180, 'Lainergie', 'https://raw.githubusercontent.com/Yarkis01/TyraDex/images/sprites/180/regular.png', 610, '0,8 m', '13,3 kg', 70, 55, 55, 45, 'https://raw.githubusercontent.com/Yarkis01/TyraDex/images/sprites/180/shiny.png'),
(181, 'Pharamp', 'https://raw.githubusercontent.com/Yarkis01/TyraDex/images/sprites/181/regular.png', 547, '1,4 m', '61,5 kg', 90, 75, 85, 55, 'https://raw.githubusercontent.com/Yarkis01/TyraDex/images/sprites/181/shiny.png'),
(182, 'Joliflor', 'https://raw.githubusercontent.com/Yarkis01/TyraDex/images/sprites/182/regular.png', 74, '0,4 m', '5,8 kg', 75, 80, 95, 50, 'https://raw.githubusercontent.com/Yarkis01/TyraDex/images/sprites/182/shiny.png'),
(183, 'Marill', 'https://raw.githubusercontent.com/Yarkis01/TyraDex/images/sprites/183/regular.png', 687, '0,4 m', '8,5 kg', 70, 20, 50, 40, 'https://raw.githubusercontent.com/Yarkis01/TyraDex/images/sprites/183/shiny.png'),
(184, 'Azumarill', 'https://raw.githubusercontent.com/Yarkis01/TyraDex/images/sprites/184/regular.png', 663, '0,8 m', '28,5 kg', 100, 50, 80, 50, 'https://raw.githubusercontent.com/Yarkis01/TyraDex/images/sprites/184/shiny.png'),
(185, 'Simularbre', 'https://raw.githubusercontent.com/Yarkis01/TyraDex/images/sprites/185/regular.png', 399, '1,2 m', '38,0 kg', 70, 100, 115, 30, 'https://raw.githubusercontent.com/Yarkis01/TyraDex/images/sprites/185/shiny.png'),
(186, 'Tarpaud', 'https://raw.githubusercontent.com/Yarkis01/TyraDex/images/sprites/186/regular.png', 323, '1,1 m', '33,9 kg', 90, 75, 75, 70, 'https://raw.githubusercontent.com/Yarkis01/TyraDex/images/sprites/186/shiny.png'),
(187, 'Granivol', 'https://raw.githubusercontent.com/Yarkis01/TyraDex/images/sprites/187/regular.png', 448, '0,4 m', '0,5 kg', 35, 35, 40, 50, 'https://raw.githubusercontent.com/Yarkis01/TyraDex/images/sprites/187/shiny.png'),
(188, 'Floravol', 'https://raw.githubusercontent.com/Yarkis01/TyraDex/images/sprites/188/regular.png', 448, '0,6 m', '1,0 kg', 55, 45, 50, 80, 'https://raw.githubusercontent.com/Yarkis01/TyraDex/images/sprites/188/shiny.png'),
(189, 'Cotovol', 'https://raw.githubusercontent.com/Yarkis01/TyraDex/images/sprites/189/regular.png', 448, '0,8 m', '3,0 kg', 75, 55, 70, 110, 'https://raw.githubusercontent.com/Yarkis01/TyraDex/images/sprites/189/shiny.png'),
(190, 'Capumain', 'https://raw.githubusercontent.com/Yarkis01/TyraDex/images/sprites/190/regular.png', 82, '0,8 m', '11,5 kg', 55, 70, 55, 85, 'https://raw.githubusercontent.com/Yarkis01/TyraDex/images/sprites/190/shiny.png'),
(191, 'Tournegrin', 'https://raw.githubusercontent.com/Yarkis01/TyraDex/images/sprites/191/regular.png', 99, '0,3 m', '1,8 kg', 30, 30, 30, 30, 'https://raw.githubusercontent.com/Yarkis01/TyraDex/images/sprites/191/shiny.png'),
(192, 'Héliatronc', 'https://raw.githubusercontent.com/Yarkis01/TyraDex/images/sprites/192/regular.png', 658, '0,8 m', '8,5 kg', 75, 75, 55, 30, 'https://raw.githubusercontent.com/Yarkis01/TyraDex/images/sprites/192/shiny.png'),
(193, 'Yanma', 'https://raw.githubusercontent.com/Yarkis01/TyraDex/images/sprites/193/regular.png', 162, '1,2 m', '38,0 kg', 65, 65, 45, 95, 'https://raw.githubusercontent.com/Yarkis01/TyraDex/images/sprites/193/shiny.png'),
(194, 'Axoloto', 'https://raw.githubusercontent.com/Yarkis01/TyraDex/images/sprites/194/regular.png', 32, '0,4 m', '8,5 kg', 55, 45, 45, 15, 'https://raw.githubusercontent.com/Yarkis01/TyraDex/images/sprites/194/shiny.png'),
(195, 'Maraiste', 'https://raw.githubusercontent.com/Yarkis01/TyraDex/images/sprites/195/regular.png', 32, '1,4 m', '75,0 kg', 95, 85, 85, 35, 'https://raw.githubusercontent.com/Yarkis01/TyraDex/images/sprites/195/shiny.png'),
(196, 'Mentali', 'https://raw.githubusercontent.com/Yarkis01/TyraDex/images/sprites/196/regular.png', 658, '0,9 m', '26,5 kg', 65, 65, 60, 110, 'https://raw.githubusercontent.com/Yarkis01/TyraDex/images/sprites/196/shiny.png'),
(197, 'Noctali', 'https://raw.githubusercontent.com/Yarkis01/TyraDex/images/sprites/197/regular.png', 199, '1,0 m', '27,0 kg', 95, 65, 110, 65, 'https://raw.githubusercontent.com/Yarkis01/TyraDex/images/sprites/197/shiny.png'),
(198, 'Cornèbre', 'https://raw.githubusercontent.com/Yarkis01/TyraDex/images/sprites/198/regular.png', 115, '0,5 m', '2,1 kg', 60, 85, 42, 91, 'https://raw.githubusercontent.com/Yarkis01/TyraDex/images/sprites/198/shiny.png'),
(199, 'Roigada', 'https://raw.githubusercontent.com/Yarkis01/TyraDex/images/sprites/199/regular.png', 494, '2,0 m', '79,5 kg', 95, 75, 80, 30, 'https://raw.githubusercontent.com/Yarkis01/TyraDex/images/sprites/199/shiny.png'),
(200, 'Feuforêve', 'https://raw.githubusercontent.com/Yarkis01/TyraDex/images/sprites/200/regular.png', 393, '0,7 m', '1,0 kg', 60, 60, 60, 85, 'https://raw.githubusercontent.com/Yarkis01/TyraDex/images/sprites/200/shiny.png'),
(201, 'Zarbi', 'https://raw.githubusercontent.com/Yarkis01/TyraDex/images/sprites/201/regular.png', 100, '0,5 m', '5,0 kg', 48, 72, 48, 48, 'https://raw.githubusercontent.com/Yarkis01/TyraDex/images/sprites/201/shiny.png'),
(202, 'Qulbutoké', 'https://raw.githubusercontent.com/Yarkis01/TyraDex/images/sprites/202/regular.png', 350, '1,3 m', '28,5 kg', 190, 33, 58, 33, 'https://raw.githubusercontent.com/Yarkis01/TyraDex/images/sprites/202/shiny.png'),
(203, 'Girafarig', 'https://raw.githubusercontent.com/Yarkis01/TyraDex/images/sprites/203/regular.png', 607, '1,5 m', '41,5 kg', 70, 80, 65, 85, 'https://raw.githubusercontent.com/Yarkis01/TyraDex/images/sprites/203/shiny.png'),
(204, 'Pomdepik', 'https://raw.githubusercontent.com/Yarkis01/TyraDex/images/sprites/204/regular.png', 696, '0,6 m', '7,2 kg', 50, 65, 90, 15, 'https://raw.githubusercontent.com/Yarkis01/TyraDex/images/sprites/204/shiny.png'),
(205, 'Foretress', 'https://raw.githubusercontent.com/Yarkis01/TyraDex/images/sprites/205/regular.png', 696, '1,2 m', '125,8 kg', 75, 90, 140, 40, 'https://raw.githubusercontent.com/Yarkis01/TyraDex/images/sprites/205/shiny.png'),
(206, 'Insolourdo', 'https://raw.githubusercontent.com/Yarkis01/TyraDex/images/sprites/206/regular.png', 388, '1,5 m', '14,0 kg', 100, 70, 70, 45, 'https://raw.githubusercontent.com/Yarkis01/TyraDex/images/sprites/206/shiny.png'),
(207, 'Scorplane', 'https://raw.githubusercontent.com/Yarkis01/TyraDex/images/sprites/207/regular.png', 230, '1,1 m', '64,8 kg', 65, 75, 105, 85, 'https://raw.githubusercontent.com/Yarkis01/TyraDex/images/sprites/207/shiny.png'),
(208, 'Steelix', 'https://raw.githubusercontent.com/Yarkis01/TyraDex/images/sprites/208/regular.png', 684, '9,2 m', '400,0 kg', 75, 85, 200, 30, 'https://raw.githubusercontent.com/Yarkis01/TyraDex/images/sprites/208/shiny.png'),
(209, 'Snubbull', 'https://raw.githubusercontent.com/Yarkis01/TyraDex/images/sprites/209/regular.png', 152, '0,6 m', '7,8 kg', 60, 80, 50, 30, 'https://raw.githubusercontent.com/Yarkis01/TyraDex/images/sprites/209/shiny.png'),
(210, 'Granbull', 'https://raw.githubusercontent.com/Yarkis01/TyraDex/images/sprites/210/regular.png', 152, '1,4 m', '48,7 kg', 90, 120, 75, 45, 'https://raw.githubusercontent.com/Yarkis01/TyraDex/images/sprites/210/shiny.png'),
(211, 'Qwilfish', 'https://raw.githubusercontent.com/Yarkis01/TyraDex/images/sprites/211/regular.png', 71, '0,5 m', '3,9 kg', 65, 95, 85, 85, 'https://raw.githubusercontent.com/Yarkis01/TyraDex/images/sprites/211/shiny.png'),
(212, 'Cizayox', 'https://raw.githubusercontent.com/Yarkis01/TyraDex/images/sprites/212/regular.png', 551, '1,8 m', '118,0 kg', 70, 130, 100, 65, 'https://raw.githubusercontent.com/Yarkis01/TyraDex/images/sprites/212/shiny.png'),
(213, 'Caratroc', 'https://raw.githubusercontent.com/Yarkis01/TyraDex/images/sprites/213/regular.png', 651, '0,6 m', '20,5 kg', 20, 10, 230, 5, 'https://raw.githubusercontent.com/Yarkis01/TyraDex/images/sprites/213/shiny.png'),
(214, 'Scarhino', 'https://raw.githubusercontent.com/Yarkis01/TyraDex/images/sprites/214/regular.png', 253, '1,5 m', '54,0 kg', 80, 125, 75, 85, 'https://raw.githubusercontent.com/Yarkis01/TyraDex/images/sprites/214/shiny.png'),
(215, 'Farfuret', 'https://raw.githubusercontent.com/Yarkis01/TyraDex/images/sprites/215/regular.png', 707, '0,9 m', '28,0 kg', 55, 95, 55, 115, 'https://raw.githubusercontent.com/Yarkis01/TyraDex/images/sprites/215/shiny.png'),
(216, 'Teddiursa', 'https://raw.githubusercontent.com/Yarkis01/TyraDex/images/sprites/216/regular.png', 43, '0,6 m', '8,8 kg', 60, 80, 50, 40, 'https://raw.githubusercontent.com/Yarkis01/TyraDex/images/sprites/216/shiny.png'),
(217, 'Ursaring', 'https://raw.githubusercontent.com/Yarkis01/TyraDex/images/sprites/217/regular.png', 632, '1,8 m', '125,8 kg', 90, 130, 75, 55, 'https://raw.githubusercontent.com/Yarkis01/TyraDex/images/sprites/217/shiny.png'),
(218, 'Limagma', 'https://raw.githubusercontent.com/Yarkis01/TyraDex/images/sprites/218/regular.png', 51, '0,7 m', '35,0 kg', 40, 40, 40, 20, 'https://raw.githubusercontent.com/Yarkis01/TyraDex/images/sprites/218/shiny.png'),
(219, 'Volcaropod', 'https://raw.githubusercontent.com/Yarkis01/TyraDex/images/sprites/219/regular.png', 51, '0,8 m', '55,0 kg', 60, 50, 120, 30, 'https://raw.githubusercontent.com/Yarkis01/TyraDex/images/sprites/219/shiny.png'),
(220, 'Marcacrin', 'https://raw.githubusercontent.com/Yarkis01/TyraDex/images/sprites/220/regular.png', 234, '0,4 m', '6,5 kg', 50, 50, 40, 50, 'https://raw.githubusercontent.com/Yarkis01/TyraDex/images/sprites/220/shiny.png'),
(221, 'Cochignon', 'https://raw.githubusercontent.com/Yarkis01/TyraDex/images/sprites/221/regular.png', 363, '1,1 m', '55,8 kg', 100, 100, 80, 50, 'https://raw.githubusercontent.com/Yarkis01/TyraDex/images/sprites/221/shiny.png'),
(222, 'Corayon', 'https://raw.githubusercontent.com/Yarkis01/TyraDex/images/sprites/222/regular.png', 252, '0,6 m', '5,0 kg', 65, 55, 95, 35, 'https://raw.githubusercontent.com/Yarkis01/TyraDex/images/sprites/222/shiny.png');
INSERT INTO `pokemon` (`id`, `nom`, `path_to_image`, `id_categorie`, `taille`, `poids`, `pv`, `attack`, `defense`, `vitesse`, `path_to_image_shiny`) VALUES
(223, 'Rémoraid', 'https://raw.githubusercontent.com/Yarkis01/TyraDex/images/sprites/223/regular.png', 541, '0,6 m', '12,0 kg', 35, 65, 35, 65, 'https://raw.githubusercontent.com/Yarkis01/TyraDex/images/sprites/223/shiny.png'),
(224, 'Octillery', 'https://raw.githubusercontent.com/Yarkis01/TyraDex/images/sprites/224/regular.png', 541, '0,9 m', '28,5 kg', 75, 105, 75, 45, 'https://raw.githubusercontent.com/Yarkis01/TyraDex/images/sprites/224/shiny.png'),
(225, 'Cadoizo', 'https://raw.githubusercontent.com/Yarkis01/TyraDex/images/sprites/225/regular.png', 189, '0,9 m', '16,0 kg', 45, 55, 45, 75, 'https://raw.githubusercontent.com/Yarkis01/TyraDex/images/sprites/225/shiny.png'),
(226, 'Démanta', 'https://raw.githubusercontent.com/Yarkis01/TyraDex/images/sprites/226/regular.png', 656, '2,1 m', '220,0 kg', 85, 40, 70, 70, 'https://raw.githubusercontent.com/Yarkis01/TyraDex/images/sprites/226/shiny.png'),
(227, 'Airmure', 'https://raw.githubusercontent.com/Yarkis01/TyraDex/images/sprites/227/regular.png', 355, '1,7 m', '50,5 kg', 65, 80, 140, 70, 'https://raw.githubusercontent.com/Yarkis01/TyraDex/images/sprites/227/shiny.png'),
(228, 'Malosse', 'https://raw.githubusercontent.com/Yarkis01/TyraDex/images/sprites/228/regular.png', 293, '0,6 m', '10,8 kg', 45, 60, 30, 65, 'https://raw.githubusercontent.com/Yarkis01/TyraDex/images/sprites/228/shiny.png'),
(229, 'Démolosse', 'https://raw.githubusercontent.com/Yarkis01/TyraDex/images/sprites/229/regular.png', 293, '1,4 m', '35,0 kg', 75, 90, 50, 95, 'https://raw.githubusercontent.com/Yarkis01/TyraDex/images/sprites/229/shiny.png'),
(230, 'Hyporoi', 'https://raw.githubusercontent.com/Yarkis01/TyraDex/images/sprites/230/regular.png', 250, '1,8 m', '152,0 kg', 75, 95, 95, 85, 'https://raw.githubusercontent.com/Yarkis01/TyraDex/images/sprites/230/shiny.png'),
(231, 'Phanpy', 'https://raw.githubusercontent.com/Yarkis01/TyraDex/images/sprites/231/regular.png', 400, '0,5 m', '33,5 kg', 90, 60, 60, 40, 'https://raw.githubusercontent.com/Yarkis01/TyraDex/images/sprites/231/shiny.png'),
(232, 'Donphan', 'https://raw.githubusercontent.com/Yarkis01/TyraDex/images/sprites/232/regular.png', 29, '1,1 m', '120,0 kg', 90, 120, 120, 50, 'https://raw.githubusercontent.com/Yarkis01/TyraDex/images/sprites/232/shiny.png'),
(233, 'Porygon2', 'https://raw.githubusercontent.com/Yarkis01/TyraDex/images/sprites/233/regular.png', 534, '0,6 m', '32,5 kg', 85, 80, 90, 60, 'https://raw.githubusercontent.com/Yarkis01/TyraDex/images/sprites/233/shiny.png'),
(234, 'Cerfrousse', 'https://raw.githubusercontent.com/Yarkis01/TyraDex/images/sprites/234/regular.png', 484, '1,4 m', '71,2 kg', 73, 95, 62, 85, 'https://raw.githubusercontent.com/Yarkis01/TyraDex/images/sprites/234/shiny.png'),
(235, 'Queulorior', 'https://raw.githubusercontent.com/Yarkis01/TyraDex/images/sprites/235/regular.png', 218, '1,2 m', '58,0 kg', 55, 20, 35, 75, 'https://raw.githubusercontent.com/Yarkis01/TyraDex/images/sprites/235/shiny.png'),
(236, 'Debugant', 'https://raw.githubusercontent.com/Yarkis01/TyraDex/images/sprites/236/regular.png', 103, '0,7 m', '21,0 kg', 35, 35, 35, 35, 'https://raw.githubusercontent.com/Yarkis01/TyraDex/images/sprites/236/shiny.png'),
(237, 'Kapoera', 'https://raw.githubusercontent.com/Yarkis01/TyraDex/images/sprites/237/regular.png', 75, '1,4 m', '48,0 kg', 50, 95, 95, 70, 'https://raw.githubusercontent.com/Yarkis01/TyraDex/images/sprites/237/shiny.png'),
(238, 'Lippouti', 'https://raw.githubusercontent.com/Yarkis01/TyraDex/images/sprites/238/regular.png', 627, '0,6 m', '6,0 kg', 45, 30, 15, 65, 'https://raw.githubusercontent.com/Yarkis01/TyraDex/images/sprites/238/shiny.png'),
(239, 'Élekid', 'https://raw.githubusercontent.com/Yarkis01/TyraDex/images/sprites/239/regular.png', 301, '0,6 m', '23,5 kg', 45, 63, 37, 95, 'https://raw.githubusercontent.com/Yarkis01/TyraDex/images/sprites/239/shiny.png'),
(240, 'Magby', 'https://raw.githubusercontent.com/Yarkis01/TyraDex/images/sprites/240/regular.png', 174, '0,7 m', '21,4 kg', 45, 75, 37, 83, 'https://raw.githubusercontent.com/Yarkis01/TyraDex/images/sprites/240/shiny.png'),
(241, 'Écrémeuh', 'https://raw.githubusercontent.com/Yarkis01/TyraDex/images/sprites/241/regular.png', 59, '1,2 m', '75,5 kg', 95, 80, 105, 100, 'https://raw.githubusercontent.com/Yarkis01/TyraDex/images/sprites/241/shiny.png'),
(242, 'Leuphorie', 'https://raw.githubusercontent.com/Yarkis01/TyraDex/images/sprites/242/regular.png', 267, '1,5 m', '46,8 kg', 255, 10, 10, 55, 'https://raw.githubusercontent.com/Yarkis01/TyraDex/images/sprites/242/shiny.png'),
(243, 'Raikou', 'https://raw.githubusercontent.com/Yarkis01/TyraDex/images/sprites/243/regular.png', 471, '1,9 m', '178,0 kg', 90, 85, 75, 115, 'https://raw.githubusercontent.com/Yarkis01/TyraDex/images/sprites/243/shiny.png'),
(244, 'Entei', 'https://raw.githubusercontent.com/Yarkis01/TyraDex/images/sprites/244/regular.png', 454, '2,1 m', '198,0 kg', 115, 115, 85, 100, 'https://raw.githubusercontent.com/Yarkis01/TyraDex/images/sprites/244/shiny.png'),
(245, 'Suicune', 'https://raw.githubusercontent.com/Yarkis01/TyraDex/images/sprites/245/regular.png', 226, '2,0 m', '187,0 kg', 100, 75, 115, 85, 'https://raw.githubusercontent.com/Yarkis01/TyraDex/images/sprites/245/shiny.png'),
(246, 'Embrylex', 'https://raw.githubusercontent.com/Yarkis01/TyraDex/images/sprites/246/regular.png', 708, '0,6 m', '72,0 kg', 50, 64, 50, 41, 'https://raw.githubusercontent.com/Yarkis01/TyraDex/images/sprites/246/shiny.png'),
(247, 'Ymphect', 'https://raw.githubusercontent.com/Yarkis01/TyraDex/images/sprites/247/regular.png', 623, '1,2 m', '152,0 kg', 70, 84, 70, 51, 'https://raw.githubusercontent.com/Yarkis01/TyraDex/images/sprites/247/shiny.png'),
(248, 'Tyranocif', 'https://raw.githubusercontent.com/Yarkis01/TyraDex/images/sprites/248/regular.png', 29, '2,0 m', '202,0 kg', 100, 134, 110, 61, 'https://raw.githubusercontent.com/Yarkis01/TyraDex/images/sprites/248/shiny.png'),
(249, 'Lugia', 'https://raw.githubusercontent.com/Yarkis01/TyraDex/images/sprites/249/regular.png', 131, '5,2 m', '216,0 kg', 106, 90, 130, 110, 'https://raw.githubusercontent.com/Yarkis01/TyraDex/images/sprites/249/shiny.png'),
(250, 'Ho-Oh', 'https://raw.githubusercontent.com/Yarkis01/TyraDex/images/sprites/250/regular.png', 554, '3,8 m', '199,0 kg', 106, 130, 90, 90, 'https://raw.githubusercontent.com/Yarkis01/TyraDex/images/sprites/250/shiny.png'),
(251, 'Celebi', 'https://raw.githubusercontent.com/Yarkis01/TyraDex/images/sprites/251/regular.png', 598, '0,6 m', '5,0 kg', 100, 100, 100, 100, 'https://raw.githubusercontent.com/Yarkis01/TyraDex/images/sprites/251/shiny.png'),
(252, 'Arcko', 'https://raw.githubusercontent.com/Yarkis01/TyraDex/images/sprites/252/regular.png', 40, '0,5 m', '5,0 kg', 40, 45, 35, 70, 'https://raw.githubusercontent.com/Yarkis01/TyraDex/images/sprites/252/shiny.png'),
(253, 'Massko', 'https://raw.githubusercontent.com/Yarkis01/TyraDex/images/sprites/253/regular.png', 40, '0,9 m', '21,6 kg', 50, 65, 45, 95, 'https://raw.githubusercontent.com/Yarkis01/TyraDex/images/sprites/253/shiny.png'),
(254, 'Jungko', 'https://raw.githubusercontent.com/Yarkis01/TyraDex/images/sprites/254/regular.png', 706, '1,7 m', '52,2 kg', 70, 85, 65, 120, 'https://raw.githubusercontent.com/Yarkis01/TyraDex/images/sprites/254/shiny.png'),
(255, 'Poussifeu', 'https://raw.githubusercontent.com/Yarkis01/TyraDex/images/sprites/255/regular.png', 418, '0,4 m', '2,5 kg', 45, 60, 40, 45, 'https://raw.githubusercontent.com/Yarkis01/TyraDex/images/sprites/255/shiny.png'),
(256, 'Galifeu', 'https://raw.githubusercontent.com/Yarkis01/TyraDex/images/sprites/256/regular.png', 20, '0,9 m', '19,5 kg', 60, 85, 60, 55, 'https://raw.githubusercontent.com/Yarkis01/TyraDex/images/sprites/256/shiny.png'),
(257, 'Braségali', 'https://raw.githubusercontent.com/Yarkis01/TyraDex/images/sprites/257/regular.png', 639, '1,9 m', '52,0 kg', 80, 120, 70, 80, 'https://raw.githubusercontent.com/Yarkis01/TyraDex/images/sprites/257/shiny.png'),
(258, 'Gobou', 'https://raw.githubusercontent.com/Yarkis01/TyraDex/images/sprites/258/regular.png', 342, '0,4 m', '7,6 kg', 50, 70, 50, 40, 'https://raw.githubusercontent.com/Yarkis01/TyraDex/images/sprites/258/shiny.png'),
(259, 'Flobio', 'https://raw.githubusercontent.com/Yarkis01/TyraDex/images/sprites/259/regular.png', 342, '0,7 m', '28,0 kg', 70, 85, 70, 50, 'https://raw.githubusercontent.com/Yarkis01/TyraDex/images/sprites/259/shiny.png'),
(260, 'Laggron', 'https://raw.githubusercontent.com/Yarkis01/TyraDex/images/sprites/260/regular.png', 342, '1,6 m', '81,9 kg', 100, 110, 90, 60, 'https://raw.githubusercontent.com/Yarkis01/TyraDex/images/sprites/260/shiny.png'),
(261, 'Medhyèna', 'https://raw.githubusercontent.com/Yarkis01/TyraDex/images/sprites/261/regular.png', 690, '0,5 m', '13,6 kg', 35, 55, 35, 35, 'https://raw.githubusercontent.com/Yarkis01/TyraDex/images/sprites/261/shiny.png'),
(262, 'Grahyèna', 'https://raw.githubusercontent.com/Yarkis01/TyraDex/images/sprites/262/regular.png', 690, '1,0 m', '37,0 kg', 70, 90, 70, 70, 'https://raw.githubusercontent.com/Yarkis01/TyraDex/images/sprites/262/shiny.png'),
(263, 'Zigzaton', 'https://raw.githubusercontent.com/Yarkis01/TyraDex/images/sprites/263/regular.png', 441, '0,4 m', '17,5 kg', 38, 30, 41, 60, 'https://raw.githubusercontent.com/Yarkis01/TyraDex/images/sprites/263/shiny.png'),
(264, 'Linéon', 'https://raw.githubusercontent.com/Yarkis01/TyraDex/images/sprites/264/regular.png', 500, '0,5 m', '32,5 kg', 78, 70, 61, 100, 'https://raw.githubusercontent.com/Yarkis01/TyraDex/images/sprites/264/shiny.png'),
(265, 'Chenipotte', 'https://raw.githubusercontent.com/Yarkis01/TyraDex/images/sprites/265/regular.png', 605, '0,3 m', '3,6 kg', 45, 45, 35, 20, 'https://raw.githubusercontent.com/Yarkis01/TyraDex/images/sprites/265/shiny.png'),
(266, 'Armulys', 'https://raw.githubusercontent.com/Yarkis01/TyraDex/images/sprites/266/regular.png', 611, '0,6 m', '10,0 kg', 50, 35, 55, 15, 'https://raw.githubusercontent.com/Yarkis01/TyraDex/images/sprites/266/shiny.png'),
(267, 'Charmillon', 'https://raw.githubusercontent.com/Yarkis01/TyraDex/images/sprites/267/regular.png', 8, '1,0 m', '28,4 kg', 60, 70, 50, 65, 'https://raw.githubusercontent.com/Yarkis01/TyraDex/images/sprites/267/shiny.png'),
(268, 'Blindalys', 'https://raw.githubusercontent.com/Yarkis01/TyraDex/images/sprites/268/regular.png', 611, '0,7 m', '11,5 kg', 50, 35, 55, 15, 'https://raw.githubusercontent.com/Yarkis01/TyraDex/images/sprites/268/shiny.png'),
(269, 'Papinox', 'https://raw.githubusercontent.com/Yarkis01/TyraDex/images/sprites/269/regular.png', 70, '1,2 m', '31,6 kg', 60, 50, 70, 65, 'https://raw.githubusercontent.com/Yarkis01/TyraDex/images/sprites/269/shiny.png'),
(270, 'Nénupiot', 'https://raw.githubusercontent.com/Yarkis01/TyraDex/images/sprites/270/regular.png', 495, '0,5 m', '2,6 kg', 40, 30, 30, 30, 'https://raw.githubusercontent.com/Yarkis01/TyraDex/images/sprites/270/shiny.png'),
(271, 'Lombre', 'https://raw.githubusercontent.com/Yarkis01/TyraDex/images/sprites/271/regular.png', 280, '1,2 m', '32,5 kg', 60, 50, 50, 50, 'https://raw.githubusercontent.com/Yarkis01/TyraDex/images/sprites/271/shiny.png'),
(272, 'Ludicolo', 'https://raw.githubusercontent.com/Yarkis01/TyraDex/images/sprites/272/regular.png', 396, '1,5 m', '55,0 kg', 80, 70, 70, 70, 'https://raw.githubusercontent.com/Yarkis01/TyraDex/images/sprites/272/shiny.png'),
(273, 'Grainipiot', 'https://raw.githubusercontent.com/Yarkis01/TyraDex/images/sprites/273/regular.png', 33, '0,5 m', '4,0 kg', 40, 40, 50, 30, 'https://raw.githubusercontent.com/Yarkis01/TyraDex/images/sprites/273/shiny.png'),
(274, 'Pifeuil', 'https://raw.githubusercontent.com/Yarkis01/TyraDex/images/sprites/274/regular.png', 114, '1,0 m', '28,0 kg', 70, 70, 40, 60, 'https://raw.githubusercontent.com/Yarkis01/TyraDex/images/sprites/274/shiny.png'),
(275, 'Tengalice', 'https://raw.githubusercontent.com/Yarkis01/TyraDex/images/sprites/275/regular.png', 102, '1,3 m', '59,6 kg', 90, 100, 60, 80, 'https://raw.githubusercontent.com/Yarkis01/TyraDex/images/sprites/275/shiny.png'),
(276, 'Nirondelle', 'https://raw.githubusercontent.com/Yarkis01/TyraDex/images/sprites/276/regular.png', 64, '0,3 m', '2,3 kg', 40, 55, 30, 85, 'https://raw.githubusercontent.com/Yarkis01/TyraDex/images/sprites/276/shiny.png'),
(277, 'Hélédelle', 'https://raw.githubusercontent.com/Yarkis01/TyraDex/images/sprites/277/regular.png', 492, '0,7 m', '19,8 kg', 60, 85, 60, 125, 'https://raw.githubusercontent.com/Yarkis01/TyraDex/images/sprites/277/shiny.png'),
(278, 'Goélise', 'https://raw.githubusercontent.com/Yarkis01/TyraDex/images/sprites/278/regular.png', 367, '0,6 m', '9,5 kg', 40, 30, 30, 85, 'https://raw.githubusercontent.com/Yarkis01/TyraDex/images/sprites/278/shiny.png'),
(279, 'Bekipan', 'https://raw.githubusercontent.com/Yarkis01/TyraDex/images/sprites/279/regular.png', 514, '1,2 m', '28,0 kg', 60, 50, 100, 65, 'https://raw.githubusercontent.com/Yarkis01/TyraDex/images/sprites/279/shiny.png'),
(280, 'Tarsal', 'https://raw.githubusercontent.com/Yarkis01/TyraDex/images/sprites/280/regular.png', 239, '0,4 m', '6,6 kg', 28, 25, 25, 40, 'https://raw.githubusercontent.com/Yarkis01/TyraDex/images/sprites/280/shiny.png'),
(281, 'Kirlia', 'https://raw.githubusercontent.com/Yarkis01/TyraDex/images/sprites/281/regular.png', 620, '0,8 m', '20,2 kg', 38, 35, 35, 50, 'https://raw.githubusercontent.com/Yarkis01/TyraDex/images/sprites/281/shiny.png'),
(282, 'Gardevoir', 'https://raw.githubusercontent.com/Yarkis01/TyraDex/images/sprites/282/regular.png', 597, '1,6 m', '48,4 kg', 68, 65, 65, 80, 'https://raw.githubusercontent.com/Yarkis01/TyraDex/images/sprites/282/shiny.png'),
(283, 'Arakdo', 'https://raw.githubusercontent.com/Yarkis01/TyraDex/images/sprites/283/regular.png', 232, '0,5 m', '1,7 kg', 40, 30, 32, 65, 'https://raw.githubusercontent.com/Yarkis01/TyraDex/images/sprites/283/shiny.png'),
(284, 'Maskadra', 'https://raw.githubusercontent.com/Yarkis01/TyraDex/images/sprites/284/regular.png', 654, '0,8 m', '3,6 kg', 70, 60, 62, 80, 'https://raw.githubusercontent.com/Yarkis01/TyraDex/images/sprites/284/shiny.png'),
(285, 'Balignon', 'https://raw.githubusercontent.com/Yarkis01/TyraDex/images/sprites/285/regular.png', 303, '0,4 m', '4,5 kg', 60, 40, 60, 35, 'https://raw.githubusercontent.com/Yarkis01/TyraDex/images/sprites/285/shiny.png'),
(286, 'Chapignon', 'https://raw.githubusercontent.com/Yarkis01/TyraDex/images/sprites/286/regular.png', 303, '1,2 m', '39,2 kg', 60, 130, 80, 70, 'https://raw.githubusercontent.com/Yarkis01/TyraDex/images/sprites/286/shiny.png'),
(287, 'Parecool', 'https://raw.githubusercontent.com/Yarkis01/TyraDex/images/sprites/287/regular.png', 344, '0,8 m', '24,0 kg', 60, 60, 60, 30, 'https://raw.githubusercontent.com/Yarkis01/TyraDex/images/sprites/287/shiny.png'),
(288, 'Vigoroth', 'https://raw.githubusercontent.com/Yarkis01/TyraDex/images/sprites/288/regular.png', 568, '1,4 m', '46,5 kg', 80, 80, 80, 90, 'https://raw.githubusercontent.com/Yarkis01/TyraDex/images/sprites/288/shiny.png'),
(289, 'Monaflèmit', 'https://raw.githubusercontent.com/Yarkis01/TyraDex/images/sprites/289/regular.png', 277, '2,0 m', '130,5 kg', 150, 160, 100, 100, 'https://raw.githubusercontent.com/Yarkis01/TyraDex/images/sprites/289/shiny.png'),
(290, 'Ningale', 'https://raw.githubusercontent.com/Yarkis01/TyraDex/images/sprites/290/regular.png', 340, '0,5 m', '5,5 kg', 31, 45, 90, 40, 'https://raw.githubusercontent.com/Yarkis01/TyraDex/images/sprites/290/shiny.png'),
(291, 'Ninjask', 'https://raw.githubusercontent.com/Yarkis01/TyraDex/images/sprites/291/regular.png', 504, '0,8 m', '12,0 kg', 61, 90, 45, 160, 'https://raw.githubusercontent.com/Yarkis01/TyraDex/images/sprites/291/shiny.png'),
(292, 'Munja', 'https://raw.githubusercontent.com/Yarkis01/TyraDex/images/sprites/292/regular.png', 461, '0,8 m', '1,2 kg', 1, 90, 45, 40, 'https://raw.githubusercontent.com/Yarkis01/TyraDex/images/sprites/292/shiny.png'),
(293, 'Chuchmur', 'https://raw.githubusercontent.com/Yarkis01/TyraDex/images/sprites/293/regular.png', 111, '0,6 m', '16,3 kg', 64, 51, 23, 28, 'https://raw.githubusercontent.com/Yarkis01/TyraDex/images/sprites/293/shiny.png'),
(294, 'Ramboum', 'https://raw.githubusercontent.com/Yarkis01/TyraDex/images/sprites/294/regular.png', 580, '1,0 m', '40,5 kg', 84, 71, 43, 48, 'https://raw.githubusercontent.com/Yarkis01/TyraDex/images/sprites/294/shiny.png'),
(295, 'Brouhabam', 'https://raw.githubusercontent.com/Yarkis01/TyraDex/images/sprites/295/regular.png', 146, '1,5 m', '84,0 kg', 104, 91, 63, 68, 'https://raw.githubusercontent.com/Yarkis01/TyraDex/images/sprites/295/shiny.png'),
(296, 'Makuhita', 'https://raw.githubusercontent.com/Yarkis01/TyraDex/images/sprites/296/regular.png', 702, '1,0 m', '86,4 kg', 72, 60, 30, 25, 'https://raw.githubusercontent.com/Yarkis01/TyraDex/images/sprites/296/shiny.png'),
(297, 'Hariyama', 'https://raw.githubusercontent.com/Yarkis01/TyraDex/images/sprites/297/regular.png', 566, '2,3 m', '253,8 kg', 144, 120, 60, 50, 'https://raw.githubusercontent.com/Yarkis01/TyraDex/images/sprites/297/shiny.png'),
(298, 'Azurill', 'https://raw.githubusercontent.com/Yarkis01/TyraDex/images/sprites/298/regular.png', 389, '0,2 m', '2,0 kg', 50, 20, 40, 20, 'https://raw.githubusercontent.com/Yarkis01/TyraDex/images/sprites/298/shiny.png'),
(299, 'Tarinor', 'https://raw.githubusercontent.com/Yarkis01/TyraDex/images/sprites/299/regular.png', 238, '1,0 m', '97,0 kg', 30, 45, 135, 30, 'https://raw.githubusercontent.com/Yarkis01/TyraDex/images/sprites/299/shiny.png'),
(300, 'Skitty', 'https://raw.githubusercontent.com/Yarkis01/TyraDex/images/sprites/300/regular.png', 335, '0,6 m', '11,0 kg', 50, 45, 45, 50, 'https://raw.githubusercontent.com/Yarkis01/TyraDex/images/sprites/300/shiny.png'),
(301, 'Delcatty', 'https://raw.githubusercontent.com/Yarkis01/TyraDex/images/sprites/301/regular.png', 614, '1,1 m', '32,6 kg', 70, 65, 65, 90, 'https://raw.githubusercontent.com/Yarkis01/TyraDex/images/sprites/301/shiny.png'),
(302, 'Ténéfix', 'https://raw.githubusercontent.com/Yarkis01/TyraDex/images/sprites/302/regular.png', 115, '0,5 m', '11,0 kg', 50, 75, 75, 50, 'https://raw.githubusercontent.com/Yarkis01/TyraDex/images/sprites/302/shiny.png'),
(303, 'Mysdibule', 'https://raw.githubusercontent.com/Yarkis01/TyraDex/images/sprites/303/regular.png', 77, '0,6 m', '11,5 kg', 50, 85, 85, 50, 'https://raw.githubusercontent.com/Yarkis01/TyraDex/images/sprites/303/shiny.png'),
(304, 'Galekid', 'https://raw.githubusercontent.com/Yarkis01/TyraDex/images/sprites/304/regular.png', 343, '0,4 m', '60,0 kg', 50, 70, 100, 30, 'https://raw.githubusercontent.com/Yarkis01/TyraDex/images/sprites/304/shiny.png'),
(305, 'Galegon', 'https://raw.githubusercontent.com/Yarkis01/TyraDex/images/sprites/305/regular.png', 343, '0,9 m', '120,0 kg', 60, 90, 140, 40, 'https://raw.githubusercontent.com/Yarkis01/TyraDex/images/sprites/305/shiny.png'),
(306, 'Galeking', 'https://raw.githubusercontent.com/Yarkis01/TyraDex/images/sprites/306/regular.png', 343, '2,1 m', '360,0 kg', 70, 110, 180, 50, 'https://raw.githubusercontent.com/Yarkis01/TyraDex/images/sprites/306/shiny.png'),
(307, 'Méditikka', 'https://raw.githubusercontent.com/Yarkis01/TyraDex/images/sprites/307/regular.png', 435, '0,6 m', '11,2 kg', 30, 40, 55, 60, 'https://raw.githubusercontent.com/Yarkis01/TyraDex/images/sprites/307/shiny.png'),
(308, 'Charmina', 'https://raw.githubusercontent.com/Yarkis01/TyraDex/images/sprites/308/regular.png', 435, '1,3 m', '31,5 kg', 60, 60, 75, 80, 'https://raw.githubusercontent.com/Yarkis01/TyraDex/images/sprites/308/shiny.png'),
(309, 'Dynavolt', 'https://raw.githubusercontent.com/Yarkis01/TyraDex/images/sprites/309/regular.png', 223, '0,6 m', '15,2 kg', 40, 45, 40, 65, 'https://raw.githubusercontent.com/Yarkis01/TyraDex/images/sprites/309/shiny.png'),
(310, 'Élecsprint', 'https://raw.githubusercontent.com/Yarkis01/TyraDex/images/sprites/310/regular.png', 672, '1,5 m', '40,2 kg', 70, 75, 60, 105, 'https://raw.githubusercontent.com/Yarkis01/TyraDex/images/sprites/310/shiny.png'),
(311, 'Posipi', 'https://raw.githubusercontent.com/Yarkis01/TyraDex/images/sprites/311/regular.png', 615, '0,4 m', '4,2 kg', 60, 50, 40, 95, 'https://raw.githubusercontent.com/Yarkis01/TyraDex/images/sprites/311/shiny.png'),
(312, 'Négapi', 'https://raw.githubusercontent.com/Yarkis01/TyraDex/images/sprites/312/regular.png', 615, '0,4 m', '4,2 kg', 60, 40, 50, 95, 'https://raw.githubusercontent.com/Yarkis01/TyraDex/images/sprites/312/shiny.png'),
(313, 'Muciole', 'https://raw.githubusercontent.com/Yarkis01/TyraDex/images/sprites/313/regular.png', 282, '0,7 m', '17,7 kg', 65, 73, 75, 85, 'https://raw.githubusercontent.com/Yarkis01/TyraDex/images/sprites/313/shiny.png'),
(314, 'Lumivole', 'https://raw.githubusercontent.com/Yarkis01/TyraDex/images/sprites/314/regular.png', 282, '0,6 m', '17,7 kg', 65, 47, 75, 85, 'https://raw.githubusercontent.com/Yarkis01/TyraDex/images/sprites/314/shiny.png'),
(315, 'Rosélia', 'https://raw.githubusercontent.com/Yarkis01/TyraDex/images/sprites/315/regular.png', 404, '0,3 m', '2,0 kg', 50, 60, 45, 65, 'https://raw.githubusercontent.com/Yarkis01/TyraDex/images/sprites/315/shiny.png'),
(316, 'Gloupti', 'https://raw.githubusercontent.com/Yarkis01/TyraDex/images/sprites/316/regular.png', 217, '0,4 m', '10,3 kg', 70, 43, 53, 40, 'https://raw.githubusercontent.com/Yarkis01/TyraDex/images/sprites/316/shiny.png'),
(317, 'Avaltout', 'https://raw.githubusercontent.com/Yarkis01/TyraDex/images/sprites/317/regular.png', 444, '1,7 m', '80,0 kg', 100, 73, 83, 55, 'https://raw.githubusercontent.com/Yarkis01/TyraDex/images/sprites/317/shiny.png'),
(318, 'Carvanha', 'https://raw.githubusercontent.com/Yarkis01/TyraDex/images/sprites/318/regular.png', 48, '0,8 m', '20,8 kg', 45, 90, 20, 65, 'https://raw.githubusercontent.com/Yarkis01/TyraDex/images/sprites/318/shiny.png'),
(319, 'Sharpedo', 'https://raw.githubusercontent.com/Yarkis01/TyraDex/images/sprites/319/regular.png', 601, '1,8 m', '88,8 kg', 70, 120, 40, 95, 'https://raw.githubusercontent.com/Yarkis01/TyraDex/images/sprites/319/shiny.png'),
(320, 'Wailmer', 'https://raw.githubusercontent.com/Yarkis01/TyraDex/images/sprites/320/regular.png', 625, '2,0 m', '130,0 kg', 130, 70, 35, 60, 'https://raw.githubusercontent.com/Yarkis01/TyraDex/images/sprites/320/shiny.png'),
(321, 'Wailord', 'https://raw.githubusercontent.com/Yarkis01/TyraDex/images/sprites/321/regular.png', 414, '14,5 m', '398,0 kg', 170, 90, 45, 60, 'https://raw.githubusercontent.com/Yarkis01/TyraDex/images/sprites/321/shiny.png'),
(322, 'Chamallot', 'https://raw.githubusercontent.com/Yarkis01/TyraDex/images/sprites/322/regular.png', 98, '0,7 m', '24,0 kg', 60, 60, 40, 35, 'https://raw.githubusercontent.com/Yarkis01/TyraDex/images/sprites/322/shiny.png'),
(323, 'Camérupt', 'https://raw.githubusercontent.com/Yarkis01/TyraDex/images/sprites/323/regular.png', 169, '1,9 m', '220,0 kg', 70, 100, 70, 40, 'https://raw.githubusercontent.com/Yarkis01/TyraDex/images/sprites/323/shiny.png'),
(324, 'Chartor', 'https://raw.githubusercontent.com/Yarkis01/TyraDex/images/sprites/324/regular.png', 174, '0,5 m', '80,4 kg', 70, 85, 140, 20, 'https://raw.githubusercontent.com/Yarkis01/TyraDex/images/sprites/324/shiny.png'),
(325, 'Spoink', 'https://raw.githubusercontent.com/Yarkis01/TyraDex/images/sprites/325/regular.png', 225, '0,7 m', '30,6 kg', 60, 25, 35, 60, 'https://raw.githubusercontent.com/Yarkis01/TyraDex/images/sprites/325/shiny.png'),
(326, 'Groret', 'https://raw.githubusercontent.com/Yarkis01/TyraDex/images/sprites/326/regular.png', 540, '0,9 m', '71,5 kg', 80, 45, 65, 80, 'https://raw.githubusercontent.com/Yarkis01/TyraDex/images/sprites/326/shiny.png'),
(327, 'Spinda', 'https://raw.githubusercontent.com/Yarkis01/TyraDex/images/sprites/327/regular.png', 289, '1,1 m', '5,0 kg', 60, 60, 60, 60, 'https://raw.githubusercontent.com/Yarkis01/TyraDex/images/sprites/327/shiny.png'),
(328, 'Kraknoix', 'https://raw.githubusercontent.com/Yarkis01/TyraDex/images/sprites/328/regular.png', 356, '0,7 m', '15,0 kg', 45, 100, 45, 10, 'https://raw.githubusercontent.com/Yarkis01/TyraDex/images/sprites/328/shiny.png'),
(329, 'Vibraninf', 'https://raw.githubusercontent.com/Yarkis01/TyraDex/images/sprites/329/regular.png', 496, '1,1 m', '15,3 kg', 50, 70, 50, 70, 'https://raw.githubusercontent.com/Yarkis01/TyraDex/images/sprites/329/shiny.png'),
(330, 'Libégon', 'https://raw.githubusercontent.com/Yarkis01/TyraDex/images/sprites/330/regular.png', 170, '2,0 m', '82,0 kg', 80, 100, 80, 100, 'https://raw.githubusercontent.com/Yarkis01/TyraDex/images/sprites/330/shiny.png'),
(331, 'Cacnea', 'https://raw.githubusercontent.com/Yarkis01/TyraDex/images/sprites/331/regular.png', 345, '0,4 m', '51,3 kg', 50, 85, 40, 35, 'https://raw.githubusercontent.com/Yarkis01/TyraDex/images/sprites/331/shiny.png'),
(332, 'Cacturne', 'https://raw.githubusercontent.com/Yarkis01/TyraDex/images/sprites/332/regular.png', 318, '1,3 m', '77,4 kg', 70, 115, 60, 55, 'https://raw.githubusercontent.com/Yarkis01/TyraDex/images/sprites/332/shiny.png'),
(333, 'Tylton', 'https://raw.githubusercontent.com/Yarkis01/TyraDex/images/sprites/333/regular.png', 4, '0,4 m', '1,2 kg', 45, 40, 60, 50, 'https://raw.githubusercontent.com/Yarkis01/TyraDex/images/sprites/333/shiny.png'),
(334, 'Altaria', 'https://raw.githubusercontent.com/Yarkis01/TyraDex/images/sprites/334/regular.png', 276, '1,1 m', '20,6 kg', 75, 70, 90, 80, 'https://raw.githubusercontent.com/Yarkis01/TyraDex/images/sprites/334/shiny.png'),
(335, 'Mangriff', 'https://raw.githubusercontent.com/Yarkis01/TyraDex/images/sprites/335/regular.png', 664, '1,3 m', '40,3 kg', 73, 115, 60, 90, 'https://raw.githubusercontent.com/Yarkis01/TyraDex/images/sprites/335/shiny.png'),
(336, 'Séviper', 'https://raw.githubusercontent.com/Yarkis01/TyraDex/images/sprites/336/regular.png', 510, '2,7 m', '52,5 kg', 73, 100, 60, 65, 'https://raw.githubusercontent.com/Yarkis01/TyraDex/images/sprites/336/shiny.png'),
(337, 'Séléroc', 'https://raw.githubusercontent.com/Yarkis01/TyraDex/images/sprites/337/regular.png', 91, '1,0 m', '168,0 kg', 90, 55, 65, 70, 'https://raw.githubusercontent.com/Yarkis01/TyraDex/images/sprites/337/shiny.png'),
(338, 'Solaroc', 'https://raw.githubusercontent.com/Yarkis01/TyraDex/images/sprites/338/regular.png', 91, '1,2 m', '154,0 kg', 90, 95, 85, 70, 'https://raw.githubusercontent.com/Yarkis01/TyraDex/images/sprites/338/shiny.png'),
(339, 'Barloche', 'https://raw.githubusercontent.com/Yarkis01/TyraDex/images/sprites/339/regular.png', 241, '0,4 m', '1,9 kg', 50, 48, 43, 60, 'https://raw.githubusercontent.com/Yarkis01/TyraDex/images/sprites/339/shiny.png'),
(340, 'Barbicha', 'https://raw.githubusercontent.com/Yarkis01/TyraDex/images/sprites/340/regular.png', 241, '0,9 m', '23,6 kg', 110, 78, 73, 60, 'https://raw.githubusercontent.com/Yarkis01/TyraDex/images/sprites/340/shiny.png'),
(341, 'Écrapince', 'https://raw.githubusercontent.com/Yarkis01/TyraDex/images/sprites/341/regular.png', 537, '0,6 m', '11,5 kg', 43, 80, 65, 35, 'https://raw.githubusercontent.com/Yarkis01/TyraDex/images/sprites/341/shiny.png'),
(342, 'Colhomard', 'https://raw.githubusercontent.com/Yarkis01/TyraDex/images/sprites/342/regular.png', 263, '1,1 m', '32,8 kg', 63, 120, 85, 55, 'https://raw.githubusercontent.com/Yarkis01/TyraDex/images/sprites/342/shiny.png'),
(343, 'Balbuto', 'https://raw.githubusercontent.com/Yarkis01/TyraDex/images/sprites/343/regular.png', 296, '0,5 m', '21,5 kg', 40, 40, 55, 55, 'https://raw.githubusercontent.com/Yarkis01/TyraDex/images/sprites/343/shiny.png'),
(344, 'Kaorine', 'https://raw.githubusercontent.com/Yarkis01/TyraDex/images/sprites/344/regular.png', 296, '1,5 m', '108,0 kg', 60, 70, 105, 75, 'https://raw.githubusercontent.com/Yarkis01/TyraDex/images/sprites/344/shiny.png'),
(345, 'Lilia', 'https://raw.githubusercontent.com/Yarkis01/TyraDex/images/sprites/345/regular.png', 533, '1,0 m', '23,8 kg', 66, 41, 77, 23, 'https://raw.githubusercontent.com/Yarkis01/TyraDex/images/sprites/345/shiny.png'),
(346, 'Vacilys', 'https://raw.githubusercontent.com/Yarkis01/TyraDex/images/sprites/346/regular.png', 570, '1,5 m', '60,4 kg', 86, 81, 97, 43, 'https://raw.githubusercontent.com/Yarkis01/TyraDex/images/sprites/346/shiny.png'),
(347, 'Anorith', 'https://raw.githubusercontent.com/Yarkis01/TyraDex/images/sprites/347/regular.png', 153, '0,7 m', '12,5 kg', 45, 95, 50, 75, 'https://raw.githubusercontent.com/Yarkis01/TyraDex/images/sprites/347/shiny.png'),
(348, 'Armaldo', 'https://raw.githubusercontent.com/Yarkis01/TyraDex/images/sprites/348/regular.png', 90, '1,5 m', '68,2 kg', 75, 125, 100, 45, 'https://raw.githubusercontent.com/Yarkis01/TyraDex/images/sprites/348/shiny.png'),
(349, 'Barpau', 'https://raw.githubusercontent.com/Yarkis01/TyraDex/images/sprites/349/regular.png', 32, '0,6 m', '7,4 kg', 20, 15, 20, 80, 'https://raw.githubusercontent.com/Yarkis01/TyraDex/images/sprites/349/shiny.png'),
(350, 'Milobellus', 'https://raw.githubusercontent.com/Yarkis01/TyraDex/images/sprites/350/regular.png', 286, '6,2 m', '162,0 kg', 95, 60, 79, 81, 'https://raw.githubusercontent.com/Yarkis01/TyraDex/images/sprites/350/shiny.png'),
(351, 'Morphéo', 'https://raw.githubusercontent.com/Yarkis01/TyraDex/images/sprites/351/regular.png', 511, '0,3 m', '0,8 kg', 70, 70, 70, 70, 'https://raw.githubusercontent.com/Yarkis01/TyraDex/images/sprites/351/shiny.png'),
(352, 'Kecleon', 'https://raw.githubusercontent.com/Yarkis01/TyraDex/images/sprites/352/regular.png', 619, '1,0 m', '22,0 kg', 60, 90, 70, 40, 'https://raw.githubusercontent.com/Yarkis01/TyraDex/images/sprites/352/shiny.png'),
(353, 'Polichombr', 'https://raw.githubusercontent.com/Yarkis01/TyraDex/images/sprites/353/regular.png', 310, '0,6 m', '2,3 kg', 44, 75, 35, 45, 'https://raw.githubusercontent.com/Yarkis01/TyraDex/images/sprites/353/shiny.png'),
(354, 'Branette', 'https://raw.githubusercontent.com/Yarkis01/TyraDex/images/sprites/354/regular.png', 69, '1,1 m', '12,5 kg', 64, 115, 65, 65, 'https://raw.githubusercontent.com/Yarkis01/TyraDex/images/sprites/354/shiny.png'),
(355, 'Skelénox', 'https://raw.githubusercontent.com/Yarkis01/TyraDex/images/sprites/355/regular.png', 7, '0,8 m', '15,0 kg', 20, 40, 90, 25, 'https://raw.githubusercontent.com/Yarkis01/TyraDex/images/sprites/355/shiny.png'),
(356, 'Téraclope', 'https://raw.githubusercontent.com/Yarkis01/TyraDex/images/sprites/356/regular.png', 676, '1,6 m', '30,6 kg', 40, 70, 130, 25, 'https://raw.githubusercontent.com/Yarkis01/TyraDex/images/sprites/356/shiny.png'),
(357, 'Tropius', 'https://raw.githubusercontent.com/Yarkis01/TyraDex/images/sprites/357/regular.png', 543, '2,0 m', '100,0 kg', 99, 68, 83, 51, 'https://raw.githubusercontent.com/Yarkis01/TyraDex/images/sprites/357/shiny.png'),
(358, 'Éoko', 'https://raw.githubusercontent.com/Yarkis01/TyraDex/images/sprites/358/regular.png', 575, '0,6 m', '1,0 kg', 75, 50, 80, 65, 'https://raw.githubusercontent.com/Yarkis01/TyraDex/images/sprites/358/shiny.png'),
(359, 'Absol', 'https://raw.githubusercontent.com/Yarkis01/TyraDex/images/sprites/359/regular.png', 417, '1,2 m', '47,0 kg', 65, 130, 60, 75, 'https://raw.githubusercontent.com/Yarkis01/TyraDex/images/sprites/359/shiny.png'),
(360, 'Okéoké', 'https://raw.githubusercontent.com/Yarkis01/TyraDex/images/sprites/360/regular.png', 590, '0,6 m', '14,0 kg', 95, 23, 48, 23, 'https://raw.githubusercontent.com/Yarkis01/TyraDex/images/sprites/360/shiny.png'),
(361, 'Stalgamin', 'https://raw.githubusercontent.com/Yarkis01/TyraDex/images/sprites/361/regular.png', 347, '0,7 m', '16,8 kg', 50, 50, 50, 50, 'https://raw.githubusercontent.com/Yarkis01/TyraDex/images/sprites/361/shiny.png'),
(362, 'Oniglali', 'https://raw.githubusercontent.com/Yarkis01/TyraDex/images/sprites/362/regular.png', 136, '1,5 m', '256,5 kg', 80, 80, 80, 80, 'https://raw.githubusercontent.com/Yarkis01/TyraDex/images/sprites/362/shiny.png'),
(363, 'Obalie', 'https://raw.githubusercontent.com/Yarkis01/TyraDex/images/sprites/363/regular.png', 130, '0,8 m', '39,5 kg', 70, 40, 50, 25, 'https://raw.githubusercontent.com/Yarkis01/TyraDex/images/sprites/363/shiny.png'),
(364, 'Phogleur', 'https://raw.githubusercontent.com/Yarkis01/TyraDex/images/sprites/364/regular.png', 490, '1,1 m', '87,6 kg', 90, 60, 70, 45, 'https://raw.githubusercontent.com/Yarkis01/TyraDex/images/sprites/364/shiny.png'),
(365, 'Kaimorse', 'https://raw.githubusercontent.com/Yarkis01/TyraDex/images/sprites/365/regular.png', 499, '1,4 m', '150,6 kg', 110, 80, 90, 65, 'https://raw.githubusercontent.com/Yarkis01/TyraDex/images/sprites/365/shiny.png'),
(366, 'Coquiperl', 'https://raw.githubusercontent.com/Yarkis01/TyraDex/images/sprites/366/regular.png', 453, '0,4 m', '52,5 kg', 35, 64, 85, 32, 'https://raw.githubusercontent.com/Yarkis01/TyraDex/images/sprites/366/shiny.png'),
(367, 'Serpang', 'https://raw.githubusercontent.com/Yarkis01/TyraDex/images/sprites/367/regular.png', 421, '1,7 m', '27,0 kg', 55, 104, 105, 52, 'https://raw.githubusercontent.com/Yarkis01/TyraDex/images/sprites/367/shiny.png'),
(368, 'Rosabyss', 'https://raw.githubusercontent.com/Yarkis01/TyraDex/images/sprites/368/regular.png', 173, '1,8 m', '22,6 kg', 55, 84, 105, 52, 'https://raw.githubusercontent.com/Yarkis01/TyraDex/images/sprites/368/shiny.png'),
(369, 'Relicanth', 'https://raw.githubusercontent.com/Yarkis01/TyraDex/images/sprites/369/regular.png', 63, '1,0 m', '23,4 kg', 100, 90, 130, 55, 'https://raw.githubusercontent.com/Yarkis01/TyraDex/images/sprites/369/shiny.png'),
(370, 'Lovdisc', 'https://raw.githubusercontent.com/Yarkis01/TyraDex/images/sprites/370/regular.png', 646, '0,6 m', '8,7 kg', 43, 30, 55, 97, 'https://raw.githubusercontent.com/Yarkis01/TyraDex/images/sprites/370/shiny.png'),
(371, 'Draby', 'https://raw.githubusercontent.com/Yarkis01/TyraDex/images/sprites/371/regular.png', 209, '0,6 m', '42,1 kg', 45, 75, 60, 50, 'https://raw.githubusercontent.com/Yarkis01/TyraDex/images/sprites/371/shiny.png'),
(372, 'Drackhaus', 'https://raw.githubusercontent.com/Yarkis01/TyraDex/images/sprites/372/regular.png', 312, '1,1 m', '110,5 kg', 65, 95, 100, 50, 'https://raw.githubusercontent.com/Yarkis01/TyraDex/images/sprites/372/shiny.png'),
(373, 'Drattak', 'https://raw.githubusercontent.com/Yarkis01/TyraDex/images/sprites/373/regular.png', 250, '1,5 m', '102,6 kg', 95, 135, 80, 100, 'https://raw.githubusercontent.com/Yarkis01/TyraDex/images/sprites/373/shiny.png'),
(374, 'Terhal', 'https://raw.githubusercontent.com/Yarkis01/TyraDex/images/sprites/374/regular.png', 22, '0,6 m', '95,2 kg', 40, 55, 80, 30, 'https://raw.githubusercontent.com/Yarkis01/TyraDex/images/sprites/374/shiny.png'),
(375, 'Métang', 'https://raw.githubusercontent.com/Yarkis01/TyraDex/images/sprites/375/regular.png', 298, '1,2 m', '202,5 kg', 60, 75, 100, 50, 'https://raw.githubusercontent.com/Yarkis01/TyraDex/images/sprites/375/shiny.png'),
(376, 'Métalosse', 'https://raw.githubusercontent.com/Yarkis01/TyraDex/images/sprites/376/regular.png', 428, '1,6 m', '550,0 kg', 80, 135, 130, 70, 'https://raw.githubusercontent.com/Yarkis01/TyraDex/images/sprites/376/shiny.png'),
(377, 'Regirock', 'https://raw.githubusercontent.com/Yarkis01/TyraDex/images/sprites/377/regular.png', 287, '1,7 m', '230,0 kg', 80, 100, 200, 50, 'https://raw.githubusercontent.com/Yarkis01/TyraDex/images/sprites/377/shiny.png'),
(378, 'Regice', 'https://raw.githubusercontent.com/Yarkis01/TyraDex/images/sprites/378/regular.png', 390, '1,8 m', '175,0 kg', 80, 50, 100, 50, 'https://raw.githubusercontent.com/Yarkis01/TyraDex/images/sprites/378/shiny.png'),
(379, 'Registeel', 'https://raw.githubusercontent.com/Yarkis01/TyraDex/images/sprites/379/regular.png', 636, '1,9 m', '205,0 kg', 80, 75, 150, 50, 'https://raw.githubusercontent.com/Yarkis01/TyraDex/images/sprites/379/shiny.png'),
(380, 'Latias', 'https://raw.githubusercontent.com/Yarkis01/TyraDex/images/sprites/380/regular.png', 681, '1,4 m', '40,0 kg', 80, 80, 90, 110, 'https://raw.githubusercontent.com/Yarkis01/TyraDex/images/sprites/380/shiny.png'),
(381, 'Latios', 'https://raw.githubusercontent.com/Yarkis01/TyraDex/images/sprites/381/regular.png', 681, '2,0 m', '60,0 kg', 80, 90, 80, 110, 'https://raw.githubusercontent.com/Yarkis01/TyraDex/images/sprites/381/shiny.png'),
(382, 'Kyogre', 'https://raw.githubusercontent.com/Yarkis01/TyraDex/images/sprites/382/regular.png', 378, '4,5 m', '352,0 kg', 100, 100, 90, 90, 'https://raw.githubusercontent.com/Yarkis01/TyraDex/images/sprites/382/shiny.png'),
(383, 'Groudon', 'https://raw.githubusercontent.com/Yarkis01/TyraDex/images/sprites/383/regular.png', 659, '3,5 m', '950,0 kg', 100, 150, 140, 90, 'https://raw.githubusercontent.com/Yarkis01/TyraDex/images/sprites/383/shiny.png'),
(384, 'Rayquaza', 'https://raw.githubusercontent.com/Yarkis01/TyraDex/images/sprites/384/regular.png', 364, '7,0 m', '206,5 kg', 105, 150, 90, 95, 'https://raw.githubusercontent.com/Yarkis01/TyraDex/images/sprites/384/shiny.png'),
(385, 'Jirachi', 'https://raw.githubusercontent.com/Yarkis01/TyraDex/images/sprites/385/regular.png', 365, '0,3 m', '1,1 kg', 100, 100, 100, 100, 'https://raw.githubusercontent.com/Yarkis01/TyraDex/images/sprites/385/shiny.png'),
(386, 'Deoxys', 'https://raw.githubusercontent.com/Yarkis01/TyraDex/images/sprites/386/regular.png', 667, '1,7 m', '60,8 kg', 50, 95, 90, 180, 'https://raw.githubusercontent.com/Yarkis01/TyraDex/images/sprites/386/shiny.png'),
(387, 'Tortipouss', 'https://raw.githubusercontent.com/Yarkis01/TyraDex/images/sprites/387/regular.png', 79, '0,4 m', '10,2 kg', 55, 68, 64, 31, 'https://raw.githubusercontent.com/Yarkis01/TyraDex/images/sprites/387/shiny.png'),
(388, 'Boskara', 'https://raw.githubusercontent.com/Yarkis01/TyraDex/images/sprites/388/regular.png', 297, '1,1 m', '97,0 kg', 75, 89, 85, 36, 'https://raw.githubusercontent.com/Yarkis01/TyraDex/images/sprites/388/shiny.png'),
(389, 'Torterra', 'https://raw.githubusercontent.com/Yarkis01/TyraDex/images/sprites/389/regular.png', 659, '2,2 m', '310,0 kg', 95, 109, 105, 56, 'https://raw.githubusercontent.com/Yarkis01/TyraDex/images/sprites/389/shiny.png'),
(390, 'Ouisticram', 'https://raw.githubusercontent.com/Yarkis01/TyraDex/images/sprites/390/regular.png', 172, '0,5 m', '6,2 kg', 44, 58, 44, 61, 'https://raw.githubusercontent.com/Yarkis01/TyraDex/images/sprites/390/shiny.png'),
(391, 'Chimpenfeu', 'https://raw.githubusercontent.com/Yarkis01/TyraDex/images/sprites/391/regular.png', 548, '0,9 m', '22,0 kg', 64, 78, 52, 81, 'https://raw.githubusercontent.com/Yarkis01/TyraDex/images/sprites/391/shiny.png'),
(392, 'Simiabraz', 'https://raw.githubusercontent.com/Yarkis01/TyraDex/images/sprites/392/regular.png', 557, '1,2 m', '55,0 kg', 76, 104, 71, 108, 'https://raw.githubusercontent.com/Yarkis01/TyraDex/images/sprites/392/shiny.png'),
(393, 'Tiplouf', 'https://raw.githubusercontent.com/Yarkis01/TyraDex/images/sprites/393/regular.png', 216, '0,4 m', '5,2 kg', 53, 51, 53, 40, 'https://raw.githubusercontent.com/Yarkis01/TyraDex/images/sprites/393/shiny.png'),
(394, 'Prinplouf', 'https://raw.githubusercontent.com/Yarkis01/TyraDex/images/sprites/394/regular.png', 216, '0,8 m', '23,0 kg', 64, 66, 68, 50, 'https://raw.githubusercontent.com/Yarkis01/TyraDex/images/sprites/394/shiny.png'),
(395, 'Pingoléon', 'https://raw.githubusercontent.com/Yarkis01/TyraDex/images/sprites/395/regular.png', 127, '1,7 m', '84,5 kg', 84, 86, 88, 60, 'https://raw.githubusercontent.com/Yarkis01/TyraDex/images/sprites/395/shiny.png'),
(396, 'Étourmi', 'https://raw.githubusercontent.com/Yarkis01/TyraDex/images/sprites/396/regular.png', 382, '0,3 m', '2,0 kg', 40, 55, 30, 60, 'https://raw.githubusercontent.com/Yarkis01/TyraDex/images/sprites/396/shiny.png'),
(397, 'Étourvol', 'https://raw.githubusercontent.com/Yarkis01/TyraDex/images/sprites/397/regular.png', 382, '0,6 m', '15,5 kg', 55, 75, 50, 80, 'https://raw.githubusercontent.com/Yarkis01/TyraDex/images/sprites/397/shiny.png'),
(398, 'Étouraptor', 'https://raw.githubusercontent.com/Yarkis01/TyraDex/images/sprites/398/regular.png', 54, '1,2 m', '24,9 kg', 85, 120, 70, 100, 'https://raw.githubusercontent.com/Yarkis01/TyraDex/images/sprites/398/shiny.png'),
(399, 'Keunotor', 'https://raw.githubusercontent.com/Yarkis01/TyraDex/images/sprites/399/regular.png', 294, '0,5 m', '20,0 kg', 59, 45, 40, 31, 'https://raw.githubusercontent.com/Yarkis01/TyraDex/images/sprites/399/shiny.png'),
(400, 'Castorno', 'https://raw.githubusercontent.com/Yarkis01/TyraDex/images/sprites/400/regular.png', 501, '1,0 m', '31,5 kg', 79, 85, 60, 71, 'https://raw.githubusercontent.com/Yarkis01/TyraDex/images/sprites/400/shiny.png'),
(401, 'Crikzik', 'https://raw.githubusercontent.com/Yarkis01/TyraDex/images/sprites/401/regular.png', 121, '0,3 m', '2,2 kg', 37, 25, 41, 25, 'https://raw.githubusercontent.com/Yarkis01/TyraDex/images/sprites/401/shiny.png'),
(402, 'Mélokrik', 'https://raw.githubusercontent.com/Yarkis01/TyraDex/images/sprites/402/regular.png', 121, '1,0 m', '25,5 kg', 77, 85, 51, 65, 'https://raw.githubusercontent.com/Yarkis01/TyraDex/images/sprites/402/shiny.png'),
(403, 'Lixy', 'https://raw.githubusercontent.com/Yarkis01/TyraDex/images/sprites/403/regular.png', 361, '0,5 m', '9,5 kg', 45, 65, 34, 45, 'https://raw.githubusercontent.com/Yarkis01/TyraDex/images/sprites/403/shiny.png'),
(404, 'Luxio', 'https://raw.githubusercontent.com/Yarkis01/TyraDex/images/sprites/404/regular.png', 23, '0,9 m', '30,5 kg', 60, 85, 49, 60, 'https://raw.githubusercontent.com/Yarkis01/TyraDex/images/sprites/404/shiny.png'),
(405, 'Luxray', 'https://raw.githubusercontent.com/Yarkis01/TyraDex/images/sprites/405/regular.png', 376, '1,4 m', '42,0 kg', 80, 120, 79, 70, 'https://raw.githubusercontent.com/Yarkis01/TyraDex/images/sprites/405/shiny.png'),
(406, 'Rozbouton', 'https://raw.githubusercontent.com/Yarkis01/TyraDex/images/sprites/406/regular.png', 41, '0,2 m', '1,2 kg', 40, 30, 35, 55, 'https://raw.githubusercontent.com/Yarkis01/TyraDex/images/sprites/406/shiny.png'),
(407, 'Roserade', 'https://raw.githubusercontent.com/Yarkis01/TyraDex/images/sprites/407/regular.png', 255, '0,9 m', '14,5 kg', 60, 70, 65, 90, 'https://raw.githubusercontent.com/Yarkis01/TyraDex/images/sprites/407/shiny.png'),
(408, 'Kranidos', 'https://raw.githubusercontent.com/Yarkis01/TyraDex/images/sprites/408/regular.png', 317, '0,9 m', '31,5 kg', 67, 125, 40, 58, 'https://raw.githubusercontent.com/Yarkis01/TyraDex/images/sprites/408/shiny.png'),
(409, 'Charkos', 'https://raw.githubusercontent.com/Yarkis01/TyraDex/images/sprites/409/regular.png', 317, '1,6 m', '102,5 kg', 97, 165, 60, 58, 'https://raw.githubusercontent.com/Yarkis01/TyraDex/images/sprites/409/shiny.png'),
(410, 'Dinoclier', 'https://raw.githubusercontent.com/Yarkis01/TyraDex/images/sprites/410/regular.png', 65, '0,5 m', '57,0 kg', 30, 42, 118, 30, 'https://raw.githubusercontent.com/Yarkis01/TyraDex/images/sprites/410/shiny.png'),
(411, 'Bastiodon', 'https://raw.githubusercontent.com/Yarkis01/TyraDex/images/sprites/411/regular.png', 65, '1,3 m', '149,5 kg', 60, 52, 168, 30, 'https://raw.githubusercontent.com/Yarkis01/TyraDex/images/sprites/411/shiny.png'),
(412, 'Cheniti', 'https://raw.githubusercontent.com/Yarkis01/TyraDex/images/sprites/412/regular.png', 696, '0,2 m', '3,4 kg', 40, 29, 45, 36, 'https://raw.githubusercontent.com/Yarkis01/TyraDex/images/sprites/412/shiny.png'),
(413, 'Cheniselle', 'https://raw.githubusercontent.com/Yarkis01/TyraDex/images/sprites/413/regular.png', 696, '0,5 m', '6,5 kg', 60, 59, 85, 36, 'https://raw.githubusercontent.com/Yarkis01/TyraDex/images/sprites/413/shiny.png'),
(414, 'Papilord', 'https://raw.githubusercontent.com/Yarkis01/TyraDex/images/sprites/414/regular.png', 306, '0,9 m', '23,3 kg', 70, 94, 50, 66, 'https://raw.githubusercontent.com/Yarkis01/TyraDex/images/sprites/414/shiny.png'),
(415, 'Apitrini', 'https://raw.githubusercontent.com/Yarkis01/TyraDex/images/sprites/415/regular.png', 451, '0,3 m', '5,5 kg', 30, 30, 42, 70, 'https://raw.githubusercontent.com/Yarkis01/TyraDex/images/sprites/415/shiny.png'),
(416, 'Apireine', 'https://raw.githubusercontent.com/Yarkis01/TyraDex/images/sprites/416/regular.png', 391, '1,2 m', '38,5 kg', 70, 80, 102, 40, 'https://raw.githubusercontent.com/Yarkis01/TyraDex/images/sprites/416/shiny.png'),
(417, 'Pachirisu', 'https://raw.githubusercontent.com/Yarkis01/TyraDex/images/sprites/417/regular.png', 176, '0,4 m', '3,9 kg', 60, 45, 70, 95, 'https://raw.githubusercontent.com/Yarkis01/TyraDex/images/sprites/417/shiny.png'),
(418, 'Mustébouée', 'https://raw.githubusercontent.com/Yarkis01/TyraDex/images/sprites/418/regular.png', 337, '0,7 m', '29,5 kg', 55, 65, 35, 85, 'https://raw.githubusercontent.com/Yarkis01/TyraDex/images/sprites/418/shiny.png'),
(419, 'Mustéflott', 'https://raw.githubusercontent.com/Yarkis01/TyraDex/images/sprites/419/regular.png', 337, '1,1 m', '33,5 kg', 85, 105, 55, 115, 'https://raw.githubusercontent.com/Yarkis01/TyraDex/images/sprites/419/shiny.png'),
(420, 'Ceribou', 'https://raw.githubusercontent.com/Yarkis01/TyraDex/images/sprites/420/regular.png', 697, '0,4 m', '3,3 kg', 45, 35, 45, 35, 'https://raw.githubusercontent.com/Yarkis01/TyraDex/images/sprites/420/shiny.png'),
(421, 'Ceriflor', 'https://raw.githubusercontent.com/Yarkis01/TyraDex/images/sprites/421/regular.png', 180, '0,5 m', '9,3 kg', 70, 60, 70, 85, 'https://raw.githubusercontent.com/Yarkis01/TyraDex/images/sprites/421/shiny.png'),
(422, 'Sancoki', 'https://raw.githubusercontent.com/Yarkis01/TyraDex/images/sprites/422/regular.png', 408, '0,3 m', '6,3 kg', 76, 48, 48, 34, 'https://raw.githubusercontent.com/Yarkis01/TyraDex/images/sprites/422/shiny.png'),
(423, 'Tritosor', 'https://raw.githubusercontent.com/Yarkis01/TyraDex/images/sprites/423/regular.png', 408, '0,9 m', '29,9 kg', 111, 83, 68, 39, 'https://raw.githubusercontent.com/Yarkis01/TyraDex/images/sprites/423/shiny.png'),
(424, 'Capidextre', 'https://raw.githubusercontent.com/Yarkis01/TyraDex/images/sprites/424/regular.png', 82, '1,2 m', '20,3 kg', 75, 100, 66, 115, 'https://raw.githubusercontent.com/Yarkis01/TyraDex/images/sprites/424/shiny.png'),
(425, 'Baudrive', 'https://raw.githubusercontent.com/Yarkis01/TyraDex/images/sprites/425/regular.png', 71, '0,4 m', '1,2 kg', 90, 50, 34, 70, 'https://raw.githubusercontent.com/Yarkis01/TyraDex/images/sprites/425/shiny.png'),
(426, 'Grodrive', 'https://raw.githubusercontent.com/Yarkis01/TyraDex/images/sprites/426/regular.png', 612, '1,2 m', '15,0 kg', 150, 80, 44, 80, 'https://raw.githubusercontent.com/Yarkis01/TyraDex/images/sprites/426/shiny.png'),
(427, 'Laporeille', 'https://raw.githubusercontent.com/Yarkis01/TyraDex/images/sprites/427/regular.png', 14, '0,4 m', '5,5 kg', 55, 66, 44, 85, 'https://raw.githubusercontent.com/Yarkis01/TyraDex/images/sprites/427/shiny.png'),
(428, 'Lockpin', 'https://raw.githubusercontent.com/Yarkis01/TyraDex/images/sprites/428/regular.png', 14, '1,2 m', '33,3 kg', 65, 76, 84, 105, 'https://raw.githubusercontent.com/Yarkis01/TyraDex/images/sprites/428/shiny.png'),
(429, 'Magirêve', 'https://raw.githubusercontent.com/Yarkis01/TyraDex/images/sprites/429/regular.png', 12, '0,9 m', '4,4 kg', 60, 60, 60, 105, 'https://raw.githubusercontent.com/Yarkis01/TyraDex/images/sprites/429/shiny.png'),
(430, 'Corboss', 'https://raw.githubusercontent.com/Yarkis01/TyraDex/images/sprites/430/regular.png', 351, '0,9 m', '27,3 kg', 100, 125, 52, 71, 'https://raw.githubusercontent.com/Yarkis01/TyraDex/images/sprites/430/shiny.png'),
(431, 'Chaglam', 'https://raw.githubusercontent.com/Yarkis01/TyraDex/images/sprites/431/regular.png', 585, '0,5 m', '3,9 kg', 49, 55, 42, 85, 'https://raw.githubusercontent.com/Yarkis01/TyraDex/images/sprites/431/shiny.png'),
(432, 'Chaffreux', 'https://raw.githubusercontent.com/Yarkis01/TyraDex/images/sprites/432/regular.png', 402, '1,0 m', '43,8 kg', 71, 82, 64, 112, 'https://raw.githubusercontent.com/Yarkis01/TyraDex/images/sprites/432/shiny.png'),
(433, 'Korillon', 'https://raw.githubusercontent.com/Yarkis01/TyraDex/images/sprites/433/regular.png', 261, '0,2 m', '0,6 kg', 45, 30, 50, 45, 'https://raw.githubusercontent.com/Yarkis01/TyraDex/images/sprites/433/shiny.png'),
(434, 'Moufouette', 'https://raw.githubusercontent.com/Yarkis01/TyraDex/images/sprites/434/regular.png', 244, '0,4 m', '19,2 kg', 63, 63, 47, 74, 'https://raw.githubusercontent.com/Yarkis01/TyraDex/images/sprites/434/shiny.png'),
(435, 'Moufflair', 'https://raw.githubusercontent.com/Yarkis01/TyraDex/images/sprites/435/regular.png', 244, '1,0 m', '38,0 kg', 103, 93, 67, 84, 'https://raw.githubusercontent.com/Yarkis01/TyraDex/images/sprites/435/shiny.png'),
(436, 'Archéomire', 'https://raw.githubusercontent.com/Yarkis01/TyraDex/images/sprites/436/regular.png', 147, '0,5 m', '60,5 kg', 57, 24, 86, 23, 'https://raw.githubusercontent.com/Yarkis01/TyraDex/images/sprites/436/shiny.png'),
(437, 'Archéodong', 'https://raw.githubusercontent.com/Yarkis01/TyraDex/images/sprites/437/regular.png', 431, '1,3 m', '187,0 kg', 67, 89, 116, 33, 'https://raw.githubusercontent.com/Yarkis01/TyraDex/images/sprites/437/shiny.png'),
(438, 'Manzaï', 'https://raw.githubusercontent.com/Yarkis01/TyraDex/images/sprites/438/regular.png', 15, '0,5 m', '15,0 kg', 50, 80, 95, 10, 'https://raw.githubusercontent.com/Yarkis01/TyraDex/images/sprites/438/shiny.png'),
(439, 'Mime Jr.', 'https://raw.githubusercontent.com/Yarkis01/TyraDex/images/sprites/439/regular.png', 634, '0,6 m', '13,0 kg', 20, 25, 45, 60, 'https://raw.githubusercontent.com/Yarkis01/TyraDex/images/sprites/439/shiny.png'),
(440, 'Ptiravi', 'https://raw.githubusercontent.com/Yarkis01/TyraDex/images/sprites/440/regular.png', 84, '0,6 m', '24,4 kg', 100, 5, 5, 30, 'https://raw.githubusercontent.com/Yarkis01/TyraDex/images/sprites/440/shiny.png'),
(441, 'Pijako', 'https://raw.githubusercontent.com/Yarkis01/TyraDex/images/sprites/441/regular.png', 661, '0,5 m', '1,9 kg', 76, 65, 45, 91, 'https://raw.githubusercontent.com/Yarkis01/TyraDex/images/sprites/441/shiny.png'),
(442, 'Spiritomb', 'https://raw.githubusercontent.com/Yarkis01/TyraDex/images/sprites/442/regular.png', 359, '1,0 m', '108,0 kg', 50, 92, 108, 35, 'https://raw.githubusercontent.com/Yarkis01/TyraDex/images/sprites/442/shiny.png');
INSERT INTO `pokemon` (`id`, `nom`, `path_to_image`, `id_categorie`, `taille`, `poids`, `pv`, `attack`, `defense`, `vitesse`, `path_to_image_shiny`) VALUES
(443, 'Griknot', 'https://raw.githubusercontent.com/Yarkis01/TyraDex/images/sprites/443/regular.png', 387, '0,7 m', '20,5 kg', 58, 70, 45, 42, 'https://raw.githubusercontent.com/Yarkis01/TyraDex/images/sprites/443/shiny.png'),
(444, 'Carmache', 'https://raw.githubusercontent.com/Yarkis01/TyraDex/images/sprites/444/regular.png', 339, '1,4 m', '56,0 kg', 68, 90, 65, 82, 'https://raw.githubusercontent.com/Yarkis01/TyraDex/images/sprites/444/shiny.png'),
(445, 'Carchacrok', 'https://raw.githubusercontent.com/Yarkis01/TyraDex/images/sprites/445/regular.png', 83, '1,9 m', '95,0 kg', 108, 130, 95, 102, 'https://raw.githubusercontent.com/Yarkis01/TyraDex/images/sprites/445/shiny.png'),
(446, 'Goinfrex', 'https://raw.githubusercontent.com/Yarkis01/TyraDex/images/sprites/446/regular.png', 571, '0,6 m', '105,0 kg', 135, 85, 40, 5, 'https://raw.githubusercontent.com/Yarkis01/TyraDex/images/sprites/446/shiny.png'),
(447, 'Riolu', 'https://raw.githubusercontent.com/Yarkis01/TyraDex/images/sprites/447/regular.png', 617, '0,7 m', '20,2 kg', 40, 70, 40, 60, 'https://raw.githubusercontent.com/Yarkis01/TyraDex/images/sprites/447/shiny.png'),
(448, 'Lucario', 'https://raw.githubusercontent.com/Yarkis01/TyraDex/images/sprites/448/regular.png', 616, '1,2 m', '54,0 kg', 70, 110, 70, 90, 'https://raw.githubusercontent.com/Yarkis01/TyraDex/images/sprites/448/shiny.png'),
(449, 'Hippopotas', 'https://raw.githubusercontent.com/Yarkis01/TyraDex/images/sprites/449/regular.png', 430, '0,8 m', '49,5 kg', 68, 72, 78, 32, 'https://raw.githubusercontent.com/Yarkis01/TyraDex/images/sprites/449/shiny.png'),
(450, 'Hippodocus', 'https://raw.githubusercontent.com/Yarkis01/TyraDex/images/sprites/450/regular.png', 27, '2,0 m', '300,0 kg', 108, 112, 118, 47, 'https://raw.githubusercontent.com/Yarkis01/TyraDex/images/sprites/450/shiny.png'),
(451, 'Rapion', 'https://raw.githubusercontent.com/Yarkis01/TyraDex/images/sprites/451/regular.png', 190, '0,8 m', '12,0 kg', 40, 50, 90, 65, 'https://raw.githubusercontent.com/Yarkis01/TyraDex/images/sprites/451/shiny.png'),
(452, 'Drascore', 'https://raw.githubusercontent.com/Yarkis01/TyraDex/images/sprites/452/regular.png', 467, '1,3 m', '61,5 kg', 70, 90, 110, 95, 'https://raw.githubusercontent.com/Yarkis01/TyraDex/images/sprites/452/shiny.png'),
(453, 'Cradopaud', 'https://raw.githubusercontent.com/Yarkis01/TyraDex/images/sprites/453/regular.png', 588, '0,7 m', '23,0 kg', 48, 61, 40, 50, 'https://raw.githubusercontent.com/Yarkis01/TyraDex/images/sprites/453/shiny.png'),
(454, 'Coatox', 'https://raw.githubusercontent.com/Yarkis01/TyraDex/images/sprites/454/regular.png', 588, '1,3 m', '44,4 kg', 83, 106, 65, 85, 'https://raw.githubusercontent.com/Yarkis01/TyraDex/images/sprites/454/shiny.png'),
(455, 'Vortente', 'https://raw.githubusercontent.com/Yarkis01/TyraDex/images/sprites/455/regular.png', 52, '1,4 m', '27,0 kg', 74, 100, 72, 46, 'https://raw.githubusercontent.com/Yarkis01/TyraDex/images/sprites/455/shiny.png'),
(456, 'Écayon', 'https://raw.githubusercontent.com/Yarkis01/TyraDex/images/sprites/456/regular.png', 479, '0,4 m', '7,0 kg', 49, 49, 56, 66, 'https://raw.githubusercontent.com/Yarkis01/TyraDex/images/sprites/456/shiny.png'),
(457, 'Luminéon', 'https://raw.githubusercontent.com/Yarkis01/TyraDex/images/sprites/457/regular.png', 155, '1,2 m', '24,0 kg', 69, 69, 76, 91, 'https://raw.githubusercontent.com/Yarkis01/TyraDex/images/sprites/457/shiny.png'),
(458, 'Babimanta', 'https://raw.githubusercontent.com/Yarkis01/TyraDex/images/sprites/458/regular.png', 656, '1,0 m', '65,0 kg', 45, 20, 50, 50, 'https://raw.githubusercontent.com/Yarkis01/TyraDex/images/sprites/458/shiny.png'),
(459, 'Blizzi', 'https://raw.githubusercontent.com/Yarkis01/TyraDex/images/sprites/459/regular.png', 446, '1,0 m', '50,5 kg', 60, 62, 50, 40, 'https://raw.githubusercontent.com/Yarkis01/TyraDex/images/sprites/459/shiny.png'),
(460, 'Blizzaroi', 'https://raw.githubusercontent.com/Yarkis01/TyraDex/images/sprites/460/regular.png', 446, '2,2 m', '135,5 kg', 90, 92, 75, 60, 'https://raw.githubusercontent.com/Yarkis01/TyraDex/images/sprites/460/shiny.png'),
(461, 'Dimoret', 'https://raw.githubusercontent.com/Yarkis01/TyraDex/images/sprites/461/regular.png', 707, '1,1 m', '34,0 kg', 70, 120, 65, 125, 'https://raw.githubusercontent.com/Yarkis01/TyraDex/images/sprites/461/shiny.png'),
(462, 'Magnézone', 'https://raw.githubusercontent.com/Yarkis01/TyraDex/images/sprites/462/regular.png', 251, '1,2 m', '180,0 kg', 70, 70, 115, 60, 'https://raw.githubusercontent.com/Yarkis01/TyraDex/images/sprites/462/shiny.png'),
(463, 'Coudlangue', 'https://raw.githubusercontent.com/Yarkis01/TyraDex/images/sprites/463/regular.png', 657, '1,7 m', '140,0 kg', 110, 85, 95, 50, 'https://raw.githubusercontent.com/Yarkis01/TyraDex/images/sprites/463/shiny.png'),
(464, 'Rhinastoc', 'https://raw.githubusercontent.com/Yarkis01/TyraDex/images/sprites/464/regular.png', 488, '2,4 m', '282,8 kg', 115, 140, 130, 40, 'https://raw.githubusercontent.com/Yarkis01/TyraDex/images/sprites/464/shiny.png'),
(465, 'Bouldeneu', 'https://raw.githubusercontent.com/Yarkis01/TyraDex/images/sprites/465/regular.png', 641, '2,0 m', '128,6 kg', 100, 100, 125, 50, 'https://raw.githubusercontent.com/Yarkis01/TyraDex/images/sprites/465/shiny.png'),
(466, 'Élekable', 'https://raw.githubusercontent.com/Yarkis01/TyraDex/images/sprites/466/regular.png', 284, '1,8 m', '138,6 kg', 75, 123, 67, 95, 'https://raw.githubusercontent.com/Yarkis01/TyraDex/images/sprites/466/shiny.png'),
(467, 'Maganon', 'https://raw.githubusercontent.com/Yarkis01/TyraDex/images/sprites/467/regular.png', 628, '1,6 m', '68,0 kg', 75, 95, 67, 83, 'https://raw.githubusercontent.com/Yarkis01/TyraDex/images/sprites/467/shiny.png'),
(468, 'Togekiss', 'https://raw.githubusercontent.com/Yarkis01/TyraDex/images/sprites/468/regular.png', 583, '1,5 m', '38,0 kg', 85, 50, 95, 80, 'https://raw.githubusercontent.com/Yarkis01/TyraDex/images/sprites/468/shiny.png'),
(469, 'Yanmega', 'https://raw.githubusercontent.com/Yarkis01/TyraDex/images/sprites/469/regular.png', 472, '1,9 m', '51,5 kg', 86, 76, 86, 95, 'https://raw.githubusercontent.com/Yarkis01/TyraDex/images/sprites/469/shiny.png'),
(470, 'Phyllali', 'https://raw.githubusercontent.com/Yarkis01/TyraDex/images/sprites/470/regular.png', 508, '1,0 m', '25,5 kg', 65, 110, 130, 95, 'https://raw.githubusercontent.com/Yarkis01/TyraDex/images/sprites/470/shiny.png'),
(471, 'Givrali', 'https://raw.githubusercontent.com/Yarkis01/TyraDex/images/sprites/471/regular.png', 311, '0,8 m', '25,9 kg', 65, 60, 110, 65, 'https://raw.githubusercontent.com/Yarkis01/TyraDex/images/sprites/471/shiny.png'),
(472, 'Scorvol', 'https://raw.githubusercontent.com/Yarkis01/TyraDex/images/sprites/472/regular.png', 369, '2,0 m', '42,5 kg', 75, 95, 125, 95, 'https://raw.githubusercontent.com/Yarkis01/TyraDex/images/sprites/472/shiny.png'),
(473, 'Mammochon', 'https://raw.githubusercontent.com/Yarkis01/TyraDex/images/sprites/473/regular.png', 427, '2,5 m', '291,0 kg', 110, 130, 80, 80, 'https://raw.githubusercontent.com/Yarkis01/TyraDex/images/sprites/473/shiny.png'),
(474, 'Porygon-Z', 'https://raw.githubusercontent.com/Yarkis01/TyraDex/images/sprites/474/regular.png', 534, '0,9 m', '34,0 kg', 85, 80, 70, 90, 'https://raw.githubusercontent.com/Yarkis01/TyraDex/images/sprites/474/shiny.png'),
(475, 'Gallame', 'https://raw.githubusercontent.com/Yarkis01/TyraDex/images/sprites/475/regular.png', 105, '1,6 m', '52,0 kg', 68, 125, 65, 80, 'https://raw.githubusercontent.com/Yarkis01/TyraDex/images/sprites/475/shiny.png'),
(476, 'Tarinorme', 'https://raw.githubusercontent.com/Yarkis01/TyraDex/images/sprites/476/regular.png', 238, '1,4 m', '340,0 kg', 60, 55, 145, 40, 'https://raw.githubusercontent.com/Yarkis01/TyraDex/images/sprites/476/shiny.png'),
(477, 'Noctunoir', 'https://raw.githubusercontent.com/Yarkis01/TyraDex/images/sprites/477/regular.png', 34, '2,2 m', '106,6 kg', 45, 100, 135, 45, 'https://raw.githubusercontent.com/Yarkis01/TyraDex/images/sprites/477/shiny.png'),
(478, 'Momartik', 'https://raw.githubusercontent.com/Yarkis01/TyraDex/images/sprites/478/regular.png', 600, '1,3 m', '26,6 kg', 70, 80, 70, 110, 'https://raw.githubusercontent.com/Yarkis01/TyraDex/images/sprites/478/shiny.png'),
(479, 'Motisma', 'https://raw.githubusercontent.com/Yarkis01/TyraDex/images/sprites/479/regular.png', 212, '0,3 m', '0,3 kg', 50, 50, 77, 91, 'https://raw.githubusercontent.com/Yarkis01/TyraDex/images/sprites/479/shiny.png'),
(480, 'Créhelf', 'https://raw.githubusercontent.com/Yarkis01/TyraDex/images/sprites/480/regular.png', 219, '0,3 m', '0,3 kg', 75, 75, 130, 95, 'https://raw.githubusercontent.com/Yarkis01/TyraDex/images/sprites/480/shiny.png'),
(481, 'Créfollet', 'https://raw.githubusercontent.com/Yarkis01/TyraDex/images/sprites/481/regular.png', 620, '0,3 m', '0,3 kg', 80, 105, 105, 80, 'https://raw.githubusercontent.com/Yarkis01/TyraDex/images/sprites/481/shiny.png'),
(482, 'Créfadet', 'https://raw.githubusercontent.com/Yarkis01/TyraDex/images/sprites/482/regular.png', 398, '0,3 m', '0,3 kg', 75, 125, 70, 115, 'https://raw.githubusercontent.com/Yarkis01/TyraDex/images/sprites/482/shiny.png'),
(483, 'Dialga', 'https://raw.githubusercontent.com/Yarkis01/TyraDex/images/sprites/483/regular.png', 439, '5,4 m', '683,0 kg', 100, 120, 120, 90, 'https://raw.githubusercontent.com/Yarkis01/TyraDex/images/sprites/483/shiny.png'),
(484, 'Palkia', 'https://raw.githubusercontent.com/Yarkis01/TyraDex/images/sprites/484/regular.png', 650, '4,2 m', '336,0 kg', 90, 120, 100, 100, 'https://raw.githubusercontent.com/Yarkis01/TyraDex/images/sprites/484/shiny.png'),
(485, 'Heatran', 'https://raw.githubusercontent.com/Yarkis01/TyraDex/images/sprites/485/regular.png', 703, '1,7 m', '430,0 kg', 91, 90, 106, 77, 'https://raw.githubusercontent.com/Yarkis01/TyraDex/images/sprites/485/shiny.png'),
(486, 'Regigigas', 'https://raw.githubusercontent.com/Yarkis01/TyraDex/images/sprites/486/regular.png', 283, '3,7 m', '420,0 kg', 110, 160, 110, 100, 'https://raw.githubusercontent.com/Yarkis01/TyraDex/images/sprites/486/shiny.png'),
(487, 'Giratina', 'https://raw.githubusercontent.com/Yarkis01/TyraDex/images/sprites/487/regular.png', 352, '4,5 m', '750,0 kg', 150, 100, 120, 90, 'https://raw.githubusercontent.com/Yarkis01/TyraDex/images/sprites/487/shiny.png'),
(488, 'Cresselia', 'https://raw.githubusercontent.com/Yarkis01/TyraDex/images/sprites/488/regular.png', 582, '1,5 m', '85,6 kg', 120, 70, 120, 85, 'https://raw.githubusercontent.com/Yarkis01/TyraDex/images/sprites/488/shiny.png'),
(489, 'Phione', 'https://raw.githubusercontent.com/Yarkis01/TyraDex/images/sprites/489/regular.png', 368, '0,4 m', '3,1 kg', 80, 80, 80, 80, 'https://raw.githubusercontent.com/Yarkis01/TyraDex/images/sprites/489/shiny.png'),
(490, 'Manaphy', 'https://raw.githubusercontent.com/Yarkis01/TyraDex/images/sprites/490/regular.png', 11, '0,3 m', '1,4 kg', 100, 100, 100, 100, 'https://raw.githubusercontent.com/Yarkis01/TyraDex/images/sprites/490/shiny.png'),
(491, 'Darkrai', 'https://raw.githubusercontent.com/Yarkis01/TyraDex/images/sprites/491/regular.png', 262, '1,5 m', '50,5 kg', 70, 90, 90, 125, 'https://raw.githubusercontent.com/Yarkis01/TyraDex/images/sprites/491/shiny.png'),
(492, 'Shaymin', 'https://raw.githubusercontent.com/Yarkis01/TyraDex/images/sprites/492/regular.png', 118, '0,2 m', '2,1 kg', 100, 100, 100, 100, 'https://raw.githubusercontent.com/Yarkis01/TyraDex/images/sprites/492/shiny.png'),
(493, 'Arceus', 'https://raw.githubusercontent.com/Yarkis01/TyraDex/images/sprites/493/regular.png', 92, '3,2 m', '320,0 kg', 120, 120, 120, 120, 'https://raw.githubusercontent.com/Yarkis01/TyraDex/images/sprites/493/shiny.png'),
(494, 'Victini', 'https://raw.githubusercontent.com/Yarkis01/TyraDex/images/sprites/494/regular.png', 573, '0,4 m', '4,0 kg', 100, 100, 100, 100, NULL),
(495, 'Vipélierre', 'https://raw.githubusercontent.com/Yarkis01/TyraDex/images/sprites/495/regular.png', 288, '0,6 m', '8,1 kg', 45, 45, 55, 63, 'https://raw.githubusercontent.com/Yarkis01/TyraDex/images/sprites/495/shiny.png'),
(496, 'Lianaja', 'https://raw.githubusercontent.com/Yarkis01/TyraDex/images/sprites/496/regular.png', 288, '0,8 m', '16,0 kg', 60, 60, 75, 83, 'https://raw.githubusercontent.com/Yarkis01/TyraDex/images/sprites/496/shiny.png'),
(497, 'Majaspic', 'https://raw.githubusercontent.com/Yarkis01/TyraDex/images/sprites/497/regular.png', 526, '3,3 m', '63,0 kg', 75, 75, 95, 113, 'https://raw.githubusercontent.com/Yarkis01/TyraDex/images/sprites/497/shiny.png'),
(498, 'Gruikui', 'https://raw.githubusercontent.com/Yarkis01/TyraDex/images/sprites/498/regular.png', 221, '0,5 m', '9,9 kg', 65, 63, 45, 45, 'https://raw.githubusercontent.com/Yarkis01/TyraDex/images/sprites/498/shiny.png'),
(499, 'Grotichon', 'https://raw.githubusercontent.com/Yarkis01/TyraDex/images/sprites/499/regular.png', 221, '1,0 m', '55,5 kg', 90, 93, 55, 55, 'https://raw.githubusercontent.com/Yarkis01/TyraDex/images/sprites/499/shiny.png'),
(500, 'Roitiflam', 'https://raw.githubusercontent.com/Yarkis01/TyraDex/images/sprites/500/regular.png', 107, '1,6 m', '150,0 kg', 110, 123, 65, 65, 'https://raw.githubusercontent.com/Yarkis01/TyraDex/images/sprites/500/shiny.png'),
(501, 'Moustillon', 'https://raw.githubusercontent.com/Yarkis01/TyraDex/images/sprites/501/regular.png', 592, '0,5 m', '5,9 kg', 55, 55, 45, 45, 'https://raw.githubusercontent.com/Yarkis01/TyraDex/images/sprites/501/shiny.png'),
(502, 'Mateloutre', 'https://raw.githubusercontent.com/Yarkis01/TyraDex/images/sprites/502/regular.png', 224, '0,8 m', '24,5 kg', 75, 75, 60, 60, 'https://raw.githubusercontent.com/Yarkis01/TyraDex/images/sprites/502/shiny.png'),
(503, 'Clamiral', 'https://raw.githubusercontent.com/Yarkis01/TyraDex/images/sprites/503/regular.png', 346, '1,5 m', '94,6 kg', 95, 100, 85, 70, 'https://raw.githubusercontent.com/Yarkis01/TyraDex/images/sprites/503/shiny.png'),
(504, 'Ratentif', 'https://raw.githubusercontent.com/Yarkis01/TyraDex/images/sprites/504/regular.png', 123, '0,5 m', '11,6 kg', 45, 55, 39, 42, 'https://raw.githubusercontent.com/Yarkis01/TyraDex/images/sprites/504/shiny.png'),
(505, 'Miradar', 'https://raw.githubusercontent.com/Yarkis01/TyraDex/images/sprites/505/regular.png', 704, '1,1 m', '27,0 kg', 60, 85, 69, 77, 'https://raw.githubusercontent.com/Yarkis01/TyraDex/images/sprites/505/shiny.png'),
(506, 'Ponchiot', 'https://raw.githubusercontent.com/Yarkis01/TyraDex/images/sprites/506/regular.png', 579, '0,4 m', '4,1 kg', 45, 60, 45, 55, 'https://raw.githubusercontent.com/Yarkis01/TyraDex/images/sprites/506/shiny.png'),
(507, 'Ponchien', 'https://raw.githubusercontent.com/Yarkis01/TyraDex/images/sprites/507/regular.png', 360, '0,9 m', '14,7 kg', 65, 80, 65, 60, 'https://raw.githubusercontent.com/Yarkis01/TyraDex/images/sprites/507/shiny.png'),
(508, 'Mastouffe', 'https://raw.githubusercontent.com/Yarkis01/TyraDex/images/sprites/508/regular.png', 412, '1,2 m', '61,0 kg', 85, 110, 90, 80, 'https://raw.githubusercontent.com/Yarkis01/TyraDex/images/sprites/508/shiny.png'),
(509, 'Chacripan', 'https://raw.githubusercontent.com/Yarkis01/TyraDex/images/sprites/509/regular.png', 202, '0,4 m', '10,1 kg', 41, 50, 37, 66, 'https://raw.githubusercontent.com/Yarkis01/TyraDex/images/sprites/509/shiny.png'),
(510, 'Léopardus', 'https://raw.githubusercontent.com/Yarkis01/TyraDex/images/sprites/510/regular.png', 653, '1,1 m', '37,5 kg', 64, 88, 50, 106, 'https://raw.githubusercontent.com/Yarkis01/TyraDex/images/sprites/510/shiny.png'),
(511, 'Feuillajou', 'https://raw.githubusercontent.com/Yarkis01/TyraDex/images/sprites/511/regular.png', 512, '0,6 m', '10,5 kg', 50, 53, 48, 64, 'https://raw.githubusercontent.com/Yarkis01/TyraDex/images/sprites/511/shiny.png'),
(512, 'Feuiloutan', 'https://raw.githubusercontent.com/Yarkis01/TyraDex/images/sprites/512/regular.png', 633, '1,1 m', '30,5 kg', 75, 98, 63, 101, 'https://raw.githubusercontent.com/Yarkis01/TyraDex/images/sprites/512/shiny.png'),
(513, 'Flamajou', 'https://raw.githubusercontent.com/Yarkis01/TyraDex/images/sprites/513/regular.png', 87, '0,5 m', '11,0 kg', 50, 53, 48, 64, 'https://raw.githubusercontent.com/Yarkis01/TyraDex/images/sprites/513/shiny.png'),
(514, 'Flamoutan', 'https://raw.githubusercontent.com/Yarkis01/TyraDex/images/sprites/514/regular.png', 179, '1,0 m', '28,0 kg', 75, 98, 63, 101, 'https://raw.githubusercontent.com/Yarkis01/TyraDex/images/sprites/514/shiny.png'),
(515, 'Flotajou', 'https://raw.githubusercontent.com/Yarkis01/TyraDex/images/sprites/515/regular.png', 5, '0,6 m', '13,5 kg', 50, 53, 48, 64, 'https://raw.githubusercontent.com/Yarkis01/TyraDex/images/sprites/515/shiny.png'),
(516, 'Flotoutan', 'https://raw.githubusercontent.com/Yarkis01/TyraDex/images/sprites/516/regular.png', 666, '1,0 m', '29,0 kg', 75, 98, 63, 101, 'https://raw.githubusercontent.com/Yarkis01/TyraDex/images/sprites/516/shiny.png'),
(517, 'Munna', 'https://raw.githubusercontent.com/Yarkis01/TyraDex/images/sprites/517/regular.png', 449, '0,6 m', '23,3 kg', 76, 25, 45, 24, 'https://raw.githubusercontent.com/Yarkis01/TyraDex/images/sprites/517/shiny.png'),
(518, 'Mushana', 'https://raw.githubusercontent.com/Yarkis01/TyraDex/images/sprites/518/regular.png', 273, '1,1 m', '60,5 kg', 116, 55, 85, 29, 'https://raw.githubusercontent.com/Yarkis01/TyraDex/images/sprites/518/shiny.png'),
(519, 'Poichigeon', 'https://raw.githubusercontent.com/Yarkis01/TyraDex/images/sprites/519/regular.png', 88, '0,3 m', '2,1 kg', 50, 55, 50, 43, 'https://raw.githubusercontent.com/Yarkis01/TyraDex/images/sprites/519/shiny.png'),
(520, 'Colombeau', 'https://raw.githubusercontent.com/Yarkis01/TyraDex/images/sprites/520/regular.png', 423, '0,6 m', '15,0 kg', 62, 77, 62, 65, 'https://raw.githubusercontent.com/Yarkis01/TyraDex/images/sprites/520/shiny.png'),
(521, 'Déflaisan', 'https://raw.githubusercontent.com/Yarkis01/TyraDex/images/sprites/521/regular.png', 243, '1,2 m', '29,0 kg', 80, 115, 80, 93, 'https://raw.githubusercontent.com/Yarkis01/TyraDex/images/sprites/521/shiny.png'),
(522, 'Zébibron', 'https://raw.githubusercontent.com/Yarkis01/TyraDex/images/sprites/522/regular.png', 149, '0,8 m', '29,8 kg', 45, 60, 32, 76, 'https://raw.githubusercontent.com/Yarkis01/TyraDex/images/sprites/522/shiny.png'),
(523, 'Zéblitz', 'https://raw.githubusercontent.com/Yarkis01/TyraDex/images/sprites/523/regular.png', 284, '1,6 m', '79,5 kg', 75, 100, 63, 116, 'https://raw.githubusercontent.com/Yarkis01/TyraDex/images/sprites/523/shiny.png'),
(524, 'Nodulithe', 'https://raw.githubusercontent.com/Yarkis01/TyraDex/images/sprites/524/regular.png', 205, '0,4 m', '18,0 kg', 55, 75, 85, 15, 'https://raw.githubusercontent.com/Yarkis01/TyraDex/images/sprites/524/shiny.png'),
(525, 'Géolithe', 'https://raw.githubusercontent.com/Yarkis01/TyraDex/images/sprites/525/regular.png', 655, '0,9 m', '102,0 kg', 70, 105, 105, 20, 'https://raw.githubusercontent.com/Yarkis01/TyraDex/images/sprites/525/shiny.png'),
(526, 'Gigalithe', 'https://raw.githubusercontent.com/Yarkis01/TyraDex/images/sprites/526/regular.png', 574, '1,7 m', '260,0 kg', 85, 135, 130, 25, 'https://raw.githubusercontent.com/Yarkis01/TyraDex/images/sprites/526/shiny.png'),
(527, 'Chovsourir', 'https://raw.githubusercontent.com/Yarkis01/TyraDex/images/sprites/527/regular.png', 68, '0,4 m', '2,1 kg', 65, 45, 43, 72, 'https://raw.githubusercontent.com/Yarkis01/TyraDex/images/sprites/527/shiny.png'),
(528, 'Rhinolove', 'https://raw.githubusercontent.com/Yarkis01/TyraDex/images/sprites/528/regular.png', 270, '0,9 m', '10,5 kg', 67, 57, 55, 114, 'https://raw.githubusercontent.com/Yarkis01/TyraDex/images/sprites/528/shiny.png'),
(529, 'Rototaupe', 'https://raw.githubusercontent.com/Yarkis01/TyraDex/images/sprites/529/regular.png', 175, '0,3 m', '8,5 kg', 60, 85, 40, 68, 'https://raw.githubusercontent.com/Yarkis01/TyraDex/images/sprites/529/shiny.png'),
(530, 'Minotaupe', 'https://raw.githubusercontent.com/Yarkis01/TyraDex/images/sprites/530/regular.png', 268, '0,7 m', '40,4 kg', 110, 135, 60, 88, 'https://raw.githubusercontent.com/Yarkis01/TyraDex/images/sprites/530/shiny.png'),
(531, 'Nanméouïe', 'https://raw.githubusercontent.com/Yarkis01/TyraDex/images/sprites/531/regular.png', 308, '1,1 m', '31,0 kg', 103, 60, 86, 50, 'https://raw.githubusercontent.com/Yarkis01/TyraDex/images/sprites/531/shiny.png'),
(532, 'Charpenti', 'https://raw.githubusercontent.com/Yarkis01/TyraDex/images/sprites/532/regular.png', 10, '0,6 m', '12,5 kg', 75, 80, 55, 35, 'https://raw.githubusercontent.com/Yarkis01/TyraDex/images/sprites/532/shiny.png'),
(533, 'Ouvrifier', 'https://raw.githubusercontent.com/Yarkis01/TyraDex/images/sprites/533/regular.png', 10, '1,2 m', '40,0 kg', 85, 105, 85, 40, 'https://raw.githubusercontent.com/Yarkis01/TyraDex/images/sprites/533/shiny.png'),
(534, 'Bétochef', 'https://raw.githubusercontent.com/Yarkis01/TyraDex/images/sprites/534/regular.png', 10, '1,4 m', '87,0 kg', 105, 140, 95, 45, 'https://raw.githubusercontent.com/Yarkis01/TyraDex/images/sprites/534/shiny.png'),
(535, 'Tritonde', 'https://raw.githubusercontent.com/Yarkis01/TyraDex/images/sprites/535/regular.png', 143, '0,5 m', '4,5 kg', 50, 50, 40, 64, 'https://raw.githubusercontent.com/Yarkis01/TyraDex/images/sprites/535/shiny.png'),
(536, 'Batracné', 'https://raw.githubusercontent.com/Yarkis01/TyraDex/images/sprites/536/regular.png', 496, '0,8 m', '17,0 kg', 75, 65, 55, 69, 'https://raw.githubusercontent.com/Yarkis01/TyraDex/images/sprites/536/shiny.png'),
(537, 'Crapustule', 'https://raw.githubusercontent.com/Yarkis01/TyraDex/images/sprites/537/regular.png', 496, '1,5 m', '62,0 kg', 105, 95, 75, 74, 'https://raw.githubusercontent.com/Yarkis01/TyraDex/images/sprites/537/shiny.png'),
(538, 'Judokrak', 'https://raw.githubusercontent.com/Yarkis01/TyraDex/images/sprites/538/regular.png', 55, '1,3 m', '55,5 kg', 120, 100, 85, 45, 'https://raw.githubusercontent.com/Yarkis01/TyraDex/images/sprites/538/shiny.png'),
(539, 'Karaclée', 'https://raw.githubusercontent.com/Yarkis01/TyraDex/images/sprites/539/regular.png', 485, '1,4 m', '51,0 kg', 75, 125, 75, 85, 'https://raw.githubusercontent.com/Yarkis01/TyraDex/images/sprites/539/shiny.png'),
(540, 'Larveyette', 'https://raw.githubusercontent.com/Yarkis01/TyraDex/images/sprites/540/regular.png', 516, '0,3 m', '2,5 kg', 45, 53, 70, 42, 'https://raw.githubusercontent.com/Yarkis01/TyraDex/images/sprites/540/shiny.png'),
(541, 'Couverdure', 'https://raw.githubusercontent.com/Yarkis01/TyraDex/images/sprites/541/regular.png', 371, '0,5 m', '7,3 kg', 55, 63, 90, 42, 'https://raw.githubusercontent.com/Yarkis01/TyraDex/images/sprites/541/shiny.png'),
(542, 'Manternel', 'https://raw.githubusercontent.com/Yarkis01/TyraDex/images/sprites/542/regular.png', 49, '1,2 m', '20,5 kg', 75, 103, 80, 92, 'https://raw.githubusercontent.com/Yarkis01/TyraDex/images/sprites/542/shiny.png'),
(543, 'Venipatte', 'https://raw.githubusercontent.com/Yarkis01/TyraDex/images/sprites/543/regular.png', 698, '0,4 m', '5,3 kg', 30, 45, 59, 57, 'https://raw.githubusercontent.com/Yarkis01/TyraDex/images/sprites/543/shiny.png'),
(544, 'Scobolide', 'https://raw.githubusercontent.com/Yarkis01/TyraDex/images/sprites/544/regular.png', 621, '1,2 m', '58,5 kg', 40, 55, 99, 47, 'https://raw.githubusercontent.com/Yarkis01/TyraDex/images/sprites/544/shiny.png'),
(545, 'Brutapode', 'https://raw.githubusercontent.com/Yarkis01/TyraDex/images/sprites/545/regular.png', 214, '2,5 m', '200,5 kg', 60, 100, 89, 112, 'https://raw.githubusercontent.com/Yarkis01/TyraDex/images/sprites/545/shiny.png'),
(546, 'Doudouvet', 'https://raw.githubusercontent.com/Yarkis01/TyraDex/images/sprites/546/regular.png', 520, '0,3 m', '0,6 kg', 40, 27, 60, 66, 'https://raw.githubusercontent.com/Yarkis01/TyraDex/images/sprites/546/shiny.png'),
(547, 'Farfaduvet', 'https://raw.githubusercontent.com/Yarkis01/TyraDex/images/sprites/547/regular.png', 394, '0,7 m', '6,6 kg', 60, 67, 85, 116, 'https://raw.githubusercontent.com/Yarkis01/TyraDex/images/sprites/547/shiny.png'),
(548, 'Chlorobule', 'https://raw.githubusercontent.com/Yarkis01/TyraDex/images/sprites/548/regular.png', 521, '0,5 m', '6,6 kg', 45, 35, 50, 30, 'https://raw.githubusercontent.com/Yarkis01/TyraDex/images/sprites/548/shiny.png'),
(549, 'Fragilady', 'https://raw.githubusercontent.com/Yarkis01/TyraDex/images/sprites/549/regular.png', 700, '1,1 m', '16,3 kg', 70, 60, 75, 90, 'https://raw.githubusercontent.com/Yarkis01/TyraDex/images/sprites/549/shiny.png'),
(550, 'Bargantua', 'https://raw.githubusercontent.com/Yarkis01/TyraDex/images/sprites/550/regular.png', 695, '1,0 m', '18,0 kg', 70, 92, 65, 98, 'https://raw.githubusercontent.com/Yarkis01/TyraDex/images/sprites/550/shiny.png'),
(551, 'Mascaïman', 'https://raw.githubusercontent.com/Yarkis01/TyraDex/images/sprites/551/regular.png', 80, '0,7 m', '15,2 kg', 50, 72, 35, 65, 'https://raw.githubusercontent.com/Yarkis01/TyraDex/images/sprites/551/shiny.png'),
(552, 'Escroco', 'https://raw.githubusercontent.com/Yarkis01/TyraDex/images/sprites/552/regular.png', 80, '1,0 m', '33,4 kg', 60, 82, 45, 74, 'https://raw.githubusercontent.com/Yarkis01/TyraDex/images/sprites/552/shiny.png'),
(553, 'Crocorible', 'https://raw.githubusercontent.com/Yarkis01/TyraDex/images/sprites/553/regular.png', 338, '1,5 m', '96,3 kg', 95, 117, 80, 92, 'https://raw.githubusercontent.com/Yarkis01/TyraDex/images/sprites/553/shiny.png'),
(554, 'Darumarond', 'https://raw.githubusercontent.com/Yarkis01/TyraDex/images/sprites/554/regular.png', 545, '0,6 m', '37,5 kg', 70, 90, 45, 50, 'https://raw.githubusercontent.com/Yarkis01/TyraDex/images/sprites/554/shiny.png'),
(555, 'Darumacho', 'https://raw.githubusercontent.com/Yarkis01/TyraDex/images/sprites/555/regular.png', 486, '1,3 m', '92,9 kg', 105, 140, 55, 95, 'https://raw.githubusercontent.com/Yarkis01/TyraDex/images/sprites/555/shiny.png'),
(556, 'Maracachi', 'https://raw.githubusercontent.com/Yarkis01/TyraDex/images/sprites/556/regular.png', 345, '1,0 m', '28,0 kg', 75, 86, 67, 60, 'https://raw.githubusercontent.com/Yarkis01/TyraDex/images/sprites/556/shiny.png'),
(557, 'Crabicoque', 'https://raw.githubusercontent.com/Yarkis01/TyraDex/images/sprites/557/regular.png', 154, '0,3 m', '14,5 kg', 50, 65, 85, 55, 'https://raw.githubusercontent.com/Yarkis01/TyraDex/images/sprites/557/shiny.png'),
(558, 'Crabaraque', 'https://raw.githubusercontent.com/Yarkis01/TyraDex/images/sprites/558/regular.png', 327, '1,4 m', '200,0 kg', 70, 105, 125, 45, 'https://raw.githubusercontent.com/Yarkis01/TyraDex/images/sprites/558/shiny.png'),
(559, 'Baggiguane', 'https://raw.githubusercontent.com/Yarkis01/TyraDex/images/sprites/559/regular.png', 550, '0,6 m', '11,8 kg', 50, 75, 70, 48, 'https://raw.githubusercontent.com/Yarkis01/TyraDex/images/sprites/559/shiny.png'),
(560, 'Baggaïd', 'https://raw.githubusercontent.com/Yarkis01/TyraDex/images/sprites/560/regular.png', 188, '1,1 m', '30,0 kg', 65, 90, 115, 58, 'https://raw.githubusercontent.com/Yarkis01/TyraDex/images/sprites/560/shiny.png'),
(561, 'Cryptéro', 'https://raw.githubusercontent.com/Yarkis01/TyraDex/images/sprites/561/regular.png', 640, '1,4 m', '14,0 kg', 72, 58, 80, 97, 'https://raw.githubusercontent.com/Yarkis01/TyraDex/images/sprites/561/shiny.png'),
(562, 'Tutafeh', 'https://raw.githubusercontent.com/Yarkis01/TyraDex/images/sprites/562/regular.png', 353, '0,5 m', '1,5 kg', 38, 30, 85, 30, 'https://raw.githubusercontent.com/Yarkis01/TyraDex/images/sprites/562/shiny.png'),
(563, 'Tutankafer', 'https://raw.githubusercontent.com/Yarkis01/TyraDex/images/sprites/563/regular.png', 140, '1,7 m', '76,5 kg', 58, 50, 145, 30, 'https://raw.githubusercontent.com/Yarkis01/TyraDex/images/sprites/563/shiny.png'),
(564, 'Carapagos', 'https://raw.githubusercontent.com/Yarkis01/TyraDex/images/sprites/564/regular.png', 207, '0,7 m', '16,5 kg', 54, 78, 103, 22, 'https://raw.githubusercontent.com/Yarkis01/TyraDex/images/sprites/564/shiny.png'),
(565, 'Mégapagos', 'https://raw.githubusercontent.com/Yarkis01/TyraDex/images/sprites/565/regular.png', 207, '1,2 m', '81,0 kg', 74, 108, 133, 32, 'https://raw.githubusercontent.com/Yarkis01/TyraDex/images/sprites/565/shiny.png'),
(566, 'Arkéapti', 'https://raw.githubusercontent.com/Yarkis01/TyraDex/images/sprites/566/regular.png', 320, '0,5 m', '9,5 kg', 55, 112, 45, 70, 'https://raw.githubusercontent.com/Yarkis01/TyraDex/images/sprites/566/shiny.png'),
(567, 'Aéroptéryx', 'https://raw.githubusercontent.com/Yarkis01/TyraDex/images/sprites/567/regular.png', 320, '1,4 m', '32,0 kg', 75, 140, 65, 110, 'https://raw.githubusercontent.com/Yarkis01/TyraDex/images/sprites/567/shiny.png'),
(568, 'Miamiasme', 'https://raw.githubusercontent.com/Yarkis01/TyraDex/images/sprites/568/regular.png', 185, '0,6 m', '31,0 kg', 50, 50, 62, 65, 'https://raw.githubusercontent.com/Yarkis01/TyraDex/images/sprites/568/shiny.png'),
(569, 'Miasmax', 'https://raw.githubusercontent.com/Yarkis01/TyraDex/images/sprites/569/regular.png', 256, '1,9 m', '107,3 kg', 80, 95, 82, 75, 'https://raw.githubusercontent.com/Yarkis01/TyraDex/images/sprites/569/shiny.png'),
(570, 'Zorua', 'https://raw.githubusercontent.com/Yarkis01/TyraDex/images/sprites/570/regular.png', 178, '0,7 m', '12,5 kg', 40, 65, 40, 65, 'https://raw.githubusercontent.com/Yarkis01/TyraDex/images/sprites/570/shiny.png'),
(571, 'Zoroark', 'https://raw.githubusercontent.com/Yarkis01/TyraDex/images/sprites/571/regular.png', 197, '1,6 m', '81,1 kg', 60, 105, 60, 105, 'https://raw.githubusercontent.com/Yarkis01/TyraDex/images/sprites/571/shiny.png'),
(572, 'Chinchidou', 'https://raw.githubusercontent.com/Yarkis01/TyraDex/images/sprites/572/regular.png', 271, '0,4 m', '5,8 kg', 55, 50, 40, 75, 'https://raw.githubusercontent.com/Yarkis01/TyraDex/images/sprites/572/shiny.png'),
(573, 'Pashmilla', 'https://raw.githubusercontent.com/Yarkis01/TyraDex/images/sprites/573/regular.png', 322, '0,5 m', '7,5 kg', 75, 95, 60, 115, 'https://raw.githubusercontent.com/Yarkis01/TyraDex/images/sprites/573/shiny.png'),
(574, 'Scrutella', 'https://raw.githubusercontent.com/Yarkis01/TyraDex/images/sprites/574/regular.png', 603, '0,4 m', '5,8 kg', 45, 30, 50, 45, 'https://raw.githubusercontent.com/Yarkis01/TyraDex/images/sprites/574/shiny.png'),
(575, 'Mesmérella', 'https://raw.githubusercontent.com/Yarkis01/TyraDex/images/sprites/575/regular.png', 540, '0,7 m', '18,0 kg', 60, 45, 70, 55, 'https://raw.githubusercontent.com/Yarkis01/TyraDex/images/sprites/575/shiny.png'),
(576, 'Sidérella', 'https://raw.githubusercontent.com/Yarkis01/TyraDex/images/sprites/576/regular.png', 290, '1,5 m', '44,0 kg', 70, 55, 95, 65, 'https://raw.githubusercontent.com/Yarkis01/TyraDex/images/sprites/576/shiny.png'),
(577, 'Nucléos', 'https://raw.githubusercontent.com/Yarkis01/TyraDex/images/sprites/577/regular.png', 662, '0,3 m', '1,0 kg', 45, 30, 40, 20, 'https://raw.githubusercontent.com/Yarkis01/TyraDex/images/sprites/577/shiny.png'),
(578, 'Méios', 'https://raw.githubusercontent.com/Yarkis01/TyraDex/images/sprites/578/regular.png', 295, '0,6 m', '8,0 kg', 65, 40, 50, 30, 'https://raw.githubusercontent.com/Yarkis01/TyraDex/images/sprites/578/shiny.png'),
(579, 'Symbios', 'https://raw.githubusercontent.com/Yarkis01/TyraDex/images/sprites/579/regular.png', 332, '1,0 m', '20,1 kg', 110, 65, 75, 30, 'https://raw.githubusercontent.com/Yarkis01/TyraDex/images/sprites/579/shiny.png'),
(580, 'Couaneton', 'https://raw.githubusercontent.com/Yarkis01/TyraDex/images/sprites/580/regular.png', 514, '0,5 m', '5,5 kg', 62, 44, 50, 55, 'https://raw.githubusercontent.com/Yarkis01/TyraDex/images/sprites/580/shiny.png'),
(581, 'Lakmécygne', 'https://raw.githubusercontent.com/Yarkis01/TyraDex/images/sprites/581/regular.png', 480, '1,3 m', '24,2 kg', 75, 87, 63, 98, 'https://raw.githubusercontent.com/Yarkis01/TyraDex/images/sprites/581/shiny.png'),
(582, 'Sorbébé', 'https://raw.githubusercontent.com/Yarkis01/TyraDex/images/sprites/582/regular.png', 311, '0,4 m', '5,7 kg', 36, 50, 50, 44, 'https://raw.githubusercontent.com/Yarkis01/TyraDex/images/sprites/582/shiny.png'),
(583, 'Sorboul', 'https://raw.githubusercontent.com/Yarkis01/TyraDex/images/sprites/583/regular.png', 192, '1,1 m', '41,0 kg', 51, 65, 65, 59, 'https://raw.githubusercontent.com/Yarkis01/TyraDex/images/sprites/583/shiny.png'),
(584, 'Sorbouboul', 'https://raw.githubusercontent.com/Yarkis01/TyraDex/images/sprites/584/regular.png', 403, '1,3 m', '57,5 kg', 71, 95, 85, 79, 'https://raw.githubusercontent.com/Yarkis01/TyraDex/images/sprites/584/shiny.png'),
(585, 'Vivaldaim', 'https://raw.githubusercontent.com/Yarkis01/TyraDex/images/sprites/585/regular.png', 95, '0,6 m', '19,5 kg', 60, 60, 50, 75, 'https://raw.githubusercontent.com/Yarkis01/TyraDex/images/sprites/585/shiny.png'),
(586, 'Haydaim', 'https://raw.githubusercontent.com/Yarkis01/TyraDex/images/sprites/586/regular.png', 95, '1,9 m', '92,5 kg', 80, 100, 70, 95, 'https://raw.githubusercontent.com/Yarkis01/TyraDex/images/sprites/586/shiny.png'),
(587, 'Emolga', 'https://raw.githubusercontent.com/Yarkis01/TyraDex/images/sprites/587/regular.png', 478, '0,4 m', '5,0 kg', 55, 75, 60, 103, 'https://raw.githubusercontent.com/Yarkis01/TyraDex/images/sprites/587/shiny.png'),
(588, 'Carabing', 'https://raw.githubusercontent.com/Yarkis01/TyraDex/images/sprites/588/regular.png', 171, '0,5 m', '5,9 kg', 50, 75, 45, 60, 'https://raw.githubusercontent.com/Yarkis01/TyraDex/images/sprites/588/shiny.png'),
(589, 'Lançargot', 'https://raw.githubusercontent.com/Yarkis01/TyraDex/images/sprites/589/regular.png', 156, '1,0 m', '33,0 kg', 70, 135, 105, 20, 'https://raw.githubusercontent.com/Yarkis01/TyraDex/images/sprites/589/shiny.png'),
(590, 'Trompignon', 'https://raw.githubusercontent.com/Yarkis01/TyraDex/images/sprites/590/regular.png', 303, '0,2 m', '1,0 kg', 69, 55, 45, 15, 'https://raw.githubusercontent.com/Yarkis01/TyraDex/images/sprites/590/shiny.png'),
(591, 'Gaulet', 'https://raw.githubusercontent.com/Yarkis01/TyraDex/images/sprites/591/regular.png', 303, '0,6 m', '10,5 kg', 114, 85, 70, 30, 'https://raw.githubusercontent.com/Yarkis01/TyraDex/images/sprites/591/shiny.png'),
(592, 'Viskuse', 'https://raw.githubusercontent.com/Yarkis01/TyraDex/images/sprites/592/regular.png', 577, '1,2 m', '33,0 kg', 55, 40, 50, 40, 'https://raw.githubusercontent.com/Yarkis01/TyraDex/images/sprites/592/shiny.png'),
(593, 'Moyade', 'https://raw.githubusercontent.com/Yarkis01/TyraDex/images/sprites/593/regular.png', 577, '2,2 m', '135,0 kg', 100, 60, 70, 60, 'https://raw.githubusercontent.com/Yarkis01/TyraDex/images/sprites/593/shiny.png'),
(594, 'Mamanbo', 'https://raw.githubusercontent.com/Yarkis01/TyraDex/images/sprites/594/regular.png', 26, '1,2 m', '31,6 kg', 165, 75, 80, 65, 'https://raw.githubusercontent.com/Yarkis01/TyraDex/images/sprites/594/shiny.png'),
(595, 'Statitik', 'https://raw.githubusercontent.com/Yarkis01/TyraDex/images/sprites/595/regular.png', 213, '0,1 m', '0,6 kg', 50, 47, 50, 65, 'https://raw.githubusercontent.com/Yarkis01/TyraDex/images/sprites/595/shiny.png'),
(596, 'Mygavolt', 'https://raw.githubusercontent.com/Yarkis01/TyraDex/images/sprites/596/regular.png', 274, '0,8 m', '14,3 kg', 70, 77, 60, 108, 'https://raw.githubusercontent.com/Yarkis01/TyraDex/images/sprites/596/shiny.png'),
(597, 'Grindur', 'https://raw.githubusercontent.com/Yarkis01/TyraDex/images/sprites/597/regular.png', 581, '0,6 m', '18,8 kg', 44, 50, 91, 10, 'https://raw.githubusercontent.com/Yarkis01/TyraDex/images/sprites/597/shiny.png'),
(598, 'Noacier', 'https://raw.githubusercontent.com/Yarkis01/TyraDex/images/sprites/598/regular.png', 120, '1,0 m', '110,0 kg', 74, 94, 131, 20, 'https://raw.githubusercontent.com/Yarkis01/TyraDex/images/sprites/598/shiny.png'),
(599, 'Tic', 'https://raw.githubusercontent.com/Yarkis01/TyraDex/images/sprites/599/regular.png', 685, '0,3 m', '21,0 kg', 40, 55, 70, 30, 'https://raw.githubusercontent.com/Yarkis01/TyraDex/images/sprites/599/shiny.png'),
(600, 'Clic', 'https://raw.githubusercontent.com/Yarkis01/TyraDex/images/sprites/600/regular.png', 685, '0,6 m', '51,0 kg', 60, 80, 95, 50, 'https://raw.githubusercontent.com/Yarkis01/TyraDex/images/sprites/600/shiny.png'),
(601, 'Cliticlic', 'https://raw.githubusercontent.com/Yarkis01/TyraDex/images/sprites/601/regular.png', 685, '0,6 m', '81,0 kg', 60, 100, 115, 90, 'https://raw.githubusercontent.com/Yarkis01/TyraDex/images/sprites/601/shiny.png'),
(602, 'Anchwatt', 'https://raw.githubusercontent.com/Yarkis01/TyraDex/images/sprites/602/regular.png', 302, '0,2 m', '0,3 kg', 35, 55, 40, 60, 'https://raw.githubusercontent.com/Yarkis01/TyraDex/images/sprites/602/shiny.png'),
(603, 'Lampéroie', 'https://raw.githubusercontent.com/Yarkis01/TyraDex/images/sprites/603/regular.png', 302, '1,2 m', '22,0 kg', 65, 85, 70, 40, 'https://raw.githubusercontent.com/Yarkis01/TyraDex/images/sprites/603/shiny.png'),
(604, 'Ohmassacre', 'https://raw.githubusercontent.com/Yarkis01/TyraDex/images/sprites/604/regular.png', 302, '2,1 m', '80,5 kg', 85, 115, 80, 50, 'https://raw.githubusercontent.com/Yarkis01/TyraDex/images/sprites/604/shiny.png'),
(605, 'Lewsor', 'https://raw.githubusercontent.com/Yarkis01/TyraDex/images/sprites/605/regular.png', 613, '0,5 m', '9,0 kg', 55, 55, 55, 30, 'https://raw.githubusercontent.com/Yarkis01/TyraDex/images/sprites/605/shiny.png'),
(606, 'Neitram', 'https://raw.githubusercontent.com/Yarkis01/TyraDex/images/sprites/606/regular.png', 613, '1,0 m', '34,5 kg', 75, 75, 75, 40, 'https://raw.githubusercontent.com/Yarkis01/TyraDex/images/sprites/606/shiny.png'),
(607, 'Funécire', 'https://raw.githubusercontent.com/Yarkis01/TyraDex/images/sprites/607/regular.png', 416, '0,3 m', '3,1 kg', 50, 30, 55, 20, 'https://raw.githubusercontent.com/Yarkis01/TyraDex/images/sprites/607/shiny.png'),
(608, 'Mélancolux', 'https://raw.githubusercontent.com/Yarkis01/TyraDex/images/sprites/608/regular.png', 673, '0,6 m', '13,0 kg', 60, 40, 60, 55, 'https://raw.githubusercontent.com/Yarkis01/TyraDex/images/sprites/608/shiny.png'),
(609, 'Lugulabre', 'https://raw.githubusercontent.com/Yarkis01/TyraDex/images/sprites/609/regular.png', 240, '1,0 m', '34,3 kg', 60, 55, 90, 80, 'https://raw.githubusercontent.com/Yarkis01/TyraDex/images/sprites/609/shiny.png'),
(610, 'Coupenotte', 'https://raw.githubusercontent.com/Yarkis01/TyraDex/images/sprites/610/regular.png', 150, '0,6 m', '18,0 kg', 46, 87, 60, 57, 'https://raw.githubusercontent.com/Yarkis01/TyraDex/images/sprites/610/shiny.png'),
(611, 'Incisache', 'https://raw.githubusercontent.com/Yarkis01/TyraDex/images/sprites/611/regular.png', 683, '1,0 m', '36,0 kg', 66, 117, 70, 67, 'https://raw.githubusercontent.com/Yarkis01/TyraDex/images/sprites/611/shiny.png'),
(612, 'Tranchodon', 'https://raw.githubusercontent.com/Yarkis01/TyraDex/images/sprites/612/regular.png', 683, '1,8 m', '105,5 kg', 76, 147, 90, 97, 'https://raw.githubusercontent.com/Yarkis01/TyraDex/images/sprites/612/shiny.png'),
(613, 'Polarhume', 'https://raw.githubusercontent.com/Yarkis01/TyraDex/images/sprites/613/regular.png', 473, '0,5 m', '8,5 kg', 55, 70, 40, 40, 'https://raw.githubusercontent.com/Yarkis01/TyraDex/images/sprites/613/shiny.png'),
(614, 'Polagriffe', 'https://raw.githubusercontent.com/Yarkis01/TyraDex/images/sprites/614/regular.png', 524, '2,6 m', '260,0 kg', 95, 130, 80, 50, 'https://raw.githubusercontent.com/Yarkis01/TyraDex/images/sprites/614/shiny.png'),
(615, 'Hexagel', 'https://raw.githubusercontent.com/Yarkis01/TyraDex/images/sprites/615/regular.png', 491, '1,1 m', '148,0 kg', 80, 50, 50, 105, 'https://raw.githubusercontent.com/Yarkis01/TyraDex/images/sprites/615/shiny.png'),
(616, 'Escargaume', 'https://raw.githubusercontent.com/Yarkis01/TyraDex/images/sprites/616/regular.png', 191, '0,4 m', '7,7 kg', 50, 40, 85, 25, 'https://raw.githubusercontent.com/Yarkis01/TyraDex/images/sprites/616/shiny.png'),
(617, 'Limaspeed', 'https://raw.githubusercontent.com/Yarkis01/TyraDex/images/sprites/617/regular.png', 513, '0,8 m', '23,5 kg', 80, 70, 40, 145, 'https://raw.githubusercontent.com/Yarkis01/TyraDex/images/sprites/617/shiny.png'),
(618, 'Limonde', 'https://raw.githubusercontent.com/Yarkis01/TyraDex/images/sprites/618/regular.png', 56, '0,7 m', '11,0 kg', 109, 66, 84, 32, 'https://raw.githubusercontent.com/Yarkis01/TyraDex/images/sprites/618/shiny.png'),
(619, 'Kungfouine', 'https://raw.githubusercontent.com/Yarkis01/TyraDex/images/sprites/619/regular.png', 440, '0,8 m', '20,0 kg', 45, 85, 50, 65, 'https://raw.githubusercontent.com/Yarkis01/TyraDex/images/sprites/619/shiny.png'),
(620, 'Shaofouine', 'https://raw.githubusercontent.com/Yarkis01/TyraDex/images/sprites/620/regular.png', 440, '1,4 m', '35,5 kg', 65, 125, 60, 105, 'https://raw.githubusercontent.com/Yarkis01/TyraDex/images/sprites/620/shiny.png'),
(621, 'Drakkarmin', 'https://raw.githubusercontent.com/Yarkis01/TyraDex/images/sprites/621/regular.png', 339, '1,6 m', '139,0 kg', 77, 120, 90, 48, 'https://raw.githubusercontent.com/Yarkis01/TyraDex/images/sprites/621/shiny.png'),
(622, 'Gringolem', 'https://raw.githubusercontent.com/Yarkis01/TyraDex/images/sprites/622/regular.png', 586, '1,0 m', '92,0 kg', 59, 74, 50, 35, 'https://raw.githubusercontent.com/Yarkis01/TyraDex/images/sprites/622/shiny.png'),
(623, 'Golemastoc', 'https://raw.githubusercontent.com/Yarkis01/TyraDex/images/sprites/623/regular.png', 586, '2,8 m', '330,0 kg', 89, 124, 80, 55, 'https://raw.githubusercontent.com/Yarkis01/TyraDex/images/sprites/623/shiny.png'),
(624, 'Scalpion', 'https://raw.githubusercontent.com/Yarkis01/TyraDex/images/sprites/624/regular.png', 518, '0,5 m', '10,2 kg', 45, 85, 70, 60, 'https://raw.githubusercontent.com/Yarkis01/TyraDex/images/sprites/624/shiny.png'),
(625, 'Scalproie', 'https://raw.githubusercontent.com/Yarkis01/TyraDex/images/sprites/625/regular.png', 527, '1,6 m', '70,0 kg', 65, 125, 100, 70, 'https://raw.githubusercontent.com/Yarkis01/TyraDex/images/sprites/625/shiny.png'),
(626, 'Frison', 'https://raw.githubusercontent.com/Yarkis01/TyraDex/images/sprites/626/regular.png', 348, '1,6 m', '94,5 kg', 95, 110, 95, 55, 'https://raw.githubusercontent.com/Yarkis01/TyraDex/images/sprites/626/shiny.png'),
(627, 'Furaiglon', 'https://raw.githubusercontent.com/Yarkis01/TyraDex/images/sprites/627/regular.png', 413, '0,5 m', '10,5 kg', 70, 83, 50, 60, 'https://raw.githubusercontent.com/Yarkis01/TyraDex/images/sprites/627/shiny.png'),
(628, 'Gueriaigle', 'https://raw.githubusercontent.com/Yarkis01/TyraDex/images/sprites/628/regular.png', 125, '1,5 m', '41,0 kg', 100, 123, 75, 80, 'https://raw.githubusercontent.com/Yarkis01/TyraDex/images/sprites/628/shiny.png'),
(629, 'Vostourno', 'https://raw.githubusercontent.com/Yarkis01/TyraDex/images/sprites/629/regular.png', 144, '0,5 m', '9,0 kg', 70, 55, 75, 60, 'https://raw.githubusercontent.com/Yarkis01/TyraDex/images/sprites/629/shiny.png'),
(630, 'Vaututrice', 'https://raw.githubusercontent.com/Yarkis01/TyraDex/images/sprites/630/regular.png', 132, '1,2 m', '39,5 kg', 110, 65, 105, 80, 'https://raw.githubusercontent.com/Yarkis01/TyraDex/images/sprites/630/shiny.png'),
(631, 'Aflamanoir', 'https://raw.githubusercontent.com/Yarkis01/TyraDex/images/sprites/631/regular.png', 635, '1,4 m', '58,0 kg', 85, 97, 66, 65, 'https://raw.githubusercontent.com/Yarkis01/TyraDex/images/sprites/631/shiny.png'),
(632, 'Fermite', 'https://raw.githubusercontent.com/Yarkis01/TyraDex/images/sprites/632/regular.png', 705, '0,3 m', '33,0 kg', 58, 109, 112, 109, 'https://raw.githubusercontent.com/Yarkis01/TyraDex/images/sprites/632/shiny.png'),
(633, 'Solochi', 'https://raw.githubusercontent.com/Yarkis01/TyraDex/images/sprites/633/regular.png', 279, '0,8 m', '17,3 kg', 52, 65, 50, 38, 'https://raw.githubusercontent.com/Yarkis01/TyraDex/images/sprites/633/shiny.png'),
(634, 'Diamat', 'https://raw.githubusercontent.com/Yarkis01/TyraDex/images/sprites/634/regular.png', 695, '1,4 m', '50,0 kg', 72, 85, 70, 58, 'https://raw.githubusercontent.com/Yarkis01/TyraDex/images/sprites/634/shiny.png'),
(635, 'Trioxhydre', 'https://raw.githubusercontent.com/Yarkis01/TyraDex/images/sprites/635/regular.png', 601, '1,8 m', '160,0 kg', 92, 105, 90, 98, 'https://raw.githubusercontent.com/Yarkis01/TyraDex/images/sprites/635/shiny.png'),
(636, 'Pyronille', 'https://raw.githubusercontent.com/Yarkis01/TyraDex/images/sprites/636/regular.png', 324, '1,1 m', '28,8 kg', 55, 85, 55, 60, 'https://raw.githubusercontent.com/Yarkis01/TyraDex/images/sprites/636/shiny.png'),
(637, 'Pyrax', 'https://raw.githubusercontent.com/Yarkis01/TyraDex/images/sprites/637/regular.png', 658, '1,6 m', '46,0 kg', 85, 60, 65, 100, 'https://raw.githubusercontent.com/Yarkis01/TyraDex/images/sprites/637/shiny.png'),
(638, 'Cobaltium', 'https://raw.githubusercontent.com/Yarkis01/TyraDex/images/sprites/638/regular.png', 426, '2,1 m', '250,0 kg', 91, 90, 129, 108, 'https://raw.githubusercontent.com/Yarkis01/TyraDex/images/sprites/638/shiny.png'),
(639, 'Terrakium', 'https://raw.githubusercontent.com/Yarkis01/TyraDex/images/sprites/639/regular.png', 358, '1,9 m', '260,0 kg', 91, 129, 90, 108, 'https://raw.githubusercontent.com/Yarkis01/TyraDex/images/sprites/639/shiny.png'),
(640, 'Viridium', 'https://raw.githubusercontent.com/Yarkis01/TyraDex/images/sprites/640/regular.png', 509, '2,0 m', '200,0 kg', 91, 90, 72, 108, 'https://raw.githubusercontent.com/Yarkis01/TyraDex/images/sprites/640/shiny.png'),
(641, 'Boréas', 'https://raw.githubusercontent.com/Yarkis01/TyraDex/images/sprites/641/regular.png', 595, '1,5 m', '63,0 kg', 79, 115, 70, 111, 'https://raw.githubusercontent.com/Yarkis01/TyraDex/images/sprites/641/shiny.png'),
(642, 'Fulguris', 'https://raw.githubusercontent.com/Yarkis01/TyraDex/images/sprites/642/regular.png', 694, '1,5 m', '61,0 kg', 79, 115, 70, 111, 'https://raw.githubusercontent.com/Yarkis01/TyraDex/images/sprites/642/shiny.png'),
(643, 'Reshiram', 'https://raw.githubusercontent.com/Yarkis01/TyraDex/images/sprites/643/regular.png', 194, '3,2 m', '330,0 kg', 100, 120, 100, 90, 'https://raw.githubusercontent.com/Yarkis01/TyraDex/images/sprites/643/shiny.png'),
(644, 'Zekrom', 'https://raw.githubusercontent.com/Yarkis01/TyraDex/images/sprites/644/regular.png', 249, '2,9 m', '345,0 kg', 100, 150, 120, 90, 'https://raw.githubusercontent.com/Yarkis01/TyraDex/images/sprites/644/shiny.png'),
(645, 'Démétéros', 'https://raw.githubusercontent.com/Yarkis01/TyraDex/images/sprites/645/regular.png', 487, '1,5 m', '68,0 kg', 89, 125, 90, 101, 'https://raw.githubusercontent.com/Yarkis01/TyraDex/images/sprites/645/shiny.png'),
(646, 'Kyurem', 'https://raw.githubusercontent.com/Yarkis01/TyraDex/images/sprites/646/regular.png', 112, '3,0 m', '325,0 kg', 125, 170, 100, 95, 'https://raw.githubusercontent.com/Yarkis01/TyraDex/images/sprites/646/shiny.png'),
(647, 'Keldeo', 'https://raw.githubusercontent.com/Yarkis01/TyraDex/images/sprites/647/regular.png', 383, '1,4 m', '48,5 kg', 91, 72, 90, 108, NULL),
(648, 'Meloetta', 'https://raw.githubusercontent.com/Yarkis01/TyraDex/images/sprites/648/regular.png', 546, '0,6 m', '6,5 kg', 100, 77, 77, 90, NULL),
(649, 'Genesect', 'https://raw.githubusercontent.com/Yarkis01/TyraDex/images/sprites/649/regular.png', 210, '1,5 m', '82,5 kg', 71, 120, 95, 99, 'https://raw.githubusercontent.com/Yarkis01/TyraDex/images/sprites/649/shiny.png'),
(650, 'Marisson', 'https://raw.githubusercontent.com/Yarkis01/TyraDex/images/sprites/650/regular.png', 535, '0,4 m', '9,0 kg', 56, 61, 65, 38, 'https://raw.githubusercontent.com/Yarkis01/TyraDex/images/sprites/650/shiny.png'),
(651, 'Boguérisse', 'https://raw.githubusercontent.com/Yarkis01/TyraDex/images/sprites/651/regular.png', 45, '0,7 m', '29,0 kg', 61, 78, 95, 57, 'https://raw.githubusercontent.com/Yarkis01/TyraDex/images/sprites/651/shiny.png'),
(652, 'Blindépique', 'https://raw.githubusercontent.com/Yarkis01/TyraDex/images/sprites/652/regular.png', 45, '1,6 m', '90,0 kg', 88, 107, 122, 64, 'https://raw.githubusercontent.com/Yarkis01/TyraDex/images/sprites/652/shiny.png'),
(653, 'Feunnec', 'https://raw.githubusercontent.com/Yarkis01/TyraDex/images/sprites/653/regular.png', 42, '0,4 m', '9,4 kg', 40, 45, 40, 60, 'https://raw.githubusercontent.com/Yarkis01/TyraDex/images/sprites/653/shiny.png'),
(654, 'Roussil', 'https://raw.githubusercontent.com/Yarkis01/TyraDex/images/sprites/654/regular.png', 42, '1,0 m', '14,5 kg', 59, 59, 58, 73, 'https://raw.githubusercontent.com/Yarkis01/TyraDex/images/sprites/654/shiny.png'),
(655, 'Goupelin', 'https://raw.githubusercontent.com/Yarkis01/TyraDex/images/sprites/655/regular.png', 42, '1,5 m', '39,0 kg', 75, 69, 72, 104, 'https://raw.githubusercontent.com/Yarkis01/TyraDex/images/sprites/655/shiny.png'),
(656, 'Grenousse', 'https://raw.githubusercontent.com/Yarkis01/TyraDex/images/sprites/656/regular.png', 272, '0,3 m', '7,0 kg', 41, 56, 40, 71, 'https://raw.githubusercontent.com/Yarkis01/TyraDex/images/sprites/656/shiny.png'),
(657, 'Croâporal', 'https://raw.githubusercontent.com/Yarkis01/TyraDex/images/sprites/657/regular.png', 272, '0,6 m', '10,9 kg', 54, 63, 52, 97, 'https://raw.githubusercontent.com/Yarkis01/TyraDex/images/sprites/657/shiny.png'),
(658, 'Amphinobi', 'https://raw.githubusercontent.com/Yarkis01/TyraDex/images/sprites/658/regular.png', 504, '1,5 m', '40,0 kg', 72, 145, 67, 132, 'https://raw.githubusercontent.com/Yarkis01/TyraDex/images/sprites/658/shiny.png'),
(659, 'Sapereau', 'https://raw.githubusercontent.com/Yarkis01/TyraDex/images/sprites/659/regular.png', 195, '0,4 m', '5,0 kg', 38, 36, 38, 57, 'https://raw.githubusercontent.com/Yarkis01/TyraDex/images/sprites/659/shiny.png'),
(660, 'Excavarenne', 'https://raw.githubusercontent.com/Yarkis01/TyraDex/images/sprites/660/regular.png', 195, '1,0 m', '42,4 kg', 85, 56, 77, 78, 'https://raw.githubusercontent.com/Yarkis01/TyraDex/images/sprites/660/shiny.png'),
(661, 'Passerouge', 'https://raw.githubusercontent.com/Yarkis01/TyraDex/images/sprites/661/regular.png', 134, '0,3 m', '1,7 kg', 45, 50, 43, 62, 'https://raw.githubusercontent.com/Yarkis01/TyraDex/images/sprites/661/shiny.png'),
(662, 'Braisillon', 'https://raw.githubusercontent.com/Yarkis01/TyraDex/images/sprites/662/regular.png', 179, '0,7 m', '16,0 kg', 62, 73, 55, 84, 'https://raw.githubusercontent.com/Yarkis01/TyraDex/images/sprites/662/shiny.png');
INSERT INTO `pokemon` (`id`, `nom`, `path_to_image`, `id_categorie`, `taille`, `poids`, `pv`, `attack`, `defense`, `vitesse`, `path_to_image_shiny`) VALUES
(663, 'Flambusard', 'https://raw.githubusercontent.com/Yarkis01/TyraDex/images/sprites/663/regular.png', 589, '1,2 m', '24,5 kg', 78, 81, 71, 126, 'https://raw.githubusercontent.com/Yarkis01/TyraDex/images/sprites/663/shiny.png'),
(664, 'Lépidonille', 'https://raw.githubusercontent.com/Yarkis01/TyraDex/images/sprites/664/regular.png', 522, '0,3 m', '2,5 kg', 38, 35, 40, 35, 'https://raw.githubusercontent.com/Yarkis01/TyraDex/images/sprites/664/shiny.png'),
(665, 'Pérégrain', 'https://raw.githubusercontent.com/Yarkis01/TyraDex/images/sprites/665/regular.png', 522, '0,3 m', '8,4 kg', 45, 22, 60, 29, 'https://raw.githubusercontent.com/Yarkis01/TyraDex/images/sprites/665/shiny.png'),
(666, 'Prismillon', 'https://raw.githubusercontent.com/Yarkis01/TyraDex/images/sprites/666/regular.png', 578, '1,2 m', '17,0 kg', 80, 52, 50, 89, 'https://raw.githubusercontent.com/Yarkis01/TyraDex/images/sprites/666/shiny.png'),
(667, 'Hélionceau', 'https://raw.githubusercontent.com/Yarkis01/TyraDex/images/sprites/667/regular.png', 458, '0,6 m', '13,5 kg', 62, 50, 58, 72, 'https://raw.githubusercontent.com/Yarkis01/TyraDex/images/sprites/667/shiny.png'),
(668, 'Némélios', 'https://raw.githubusercontent.com/Yarkis01/TyraDex/images/sprites/668/regular.png', 494, '1,5 m', '81,5 kg', 86, 68, 72, 106, 'https://raw.githubusercontent.com/Yarkis01/TyraDex/images/sprites/668/shiny.png'),
(669, 'Flabébé', 'https://raw.githubusercontent.com/Yarkis01/TyraDex/images/sprites/669/regular.png', 644, '0,1 m', '0,1 kg', 44, 38, 39, 42, 'https://raw.githubusercontent.com/Yarkis01/TyraDex/images/sprites/669/shiny.png'),
(670, 'Floette', 'https://raw.githubusercontent.com/Yarkis01/TyraDex/images/sprites/670/regular.png', 644, '0,2 m', '0,9 kg', 54, 45, 47, 52, 'https://raw.githubusercontent.com/Yarkis01/TyraDex/images/sprites/670/shiny.png'),
(671, 'Florges', 'https://raw.githubusercontent.com/Yarkis01/TyraDex/images/sprites/671/regular.png', 674, '1,1 m', '10,0 kg', 78, 65, 68, 75, 'https://raw.githubusercontent.com/Yarkis01/TyraDex/images/sprites/671/shiny.png'),
(672, 'Cabriolaine', 'https://raw.githubusercontent.com/Yarkis01/TyraDex/images/sprites/672/regular.png', 181, '0,9 m', '31,0 kg', 66, 65, 48, 52, 'https://raw.githubusercontent.com/Yarkis01/TyraDex/images/sprites/672/shiny.png'),
(673, 'Chevroum', 'https://raw.githubusercontent.com/Yarkis01/TyraDex/images/sprites/673/regular.png', 181, '1,7 m', '91,0 kg', 123, 100, 62, 68, 'https://raw.githubusercontent.com/Yarkis01/TyraDex/images/sprites/673/shiny.png'),
(674, 'Pandespiègle', 'https://raw.githubusercontent.com/Yarkis01/TyraDex/images/sprites/674/regular.png', 548, '0,6 m', '8,0 kg', 67, 82, 62, 43, 'https://raw.githubusercontent.com/Yarkis01/TyraDex/images/sprites/674/shiny.png'),
(675, 'Pandarbare', 'https://raw.githubusercontent.com/Yarkis01/TyraDex/images/sprites/675/regular.png', 569, '2,1 m', '136,0 kg', 95, 124, 78, 58, 'https://raw.githubusercontent.com/Yarkis01/TyraDex/images/sprites/675/shiny.png'),
(676, 'Couafarel', 'https://raw.githubusercontent.com/Yarkis01/TyraDex/images/sprites/676/regular.png', 18, '1,2 m', '28,0 kg', 75, 80, 60, 102, 'https://raw.githubusercontent.com/Yarkis01/TyraDex/images/sprites/676/shiny.png'),
(677, 'Psystigri', 'https://raw.githubusercontent.com/Yarkis01/TyraDex/images/sprites/677/regular.png', 316, '0,3 m', '3,5 kg', 62, 48, 54, 68, 'https://raw.githubusercontent.com/Yarkis01/TyraDex/images/sprites/677/shiny.png'),
(678, 'Mistigrix', 'https://raw.githubusercontent.com/Yarkis01/TyraDex/images/sprites/678/regular.png', 164, '0,6 m', '8,5 kg', 74, 48, 76, 104, 'https://raw.githubusercontent.com/Yarkis01/TyraDex/images/sprites/678/shiny.png'),
(679, 'Monorpale', 'https://raw.githubusercontent.com/Yarkis01/TyraDex/images/sprites/679/regular.png', 466, '0,8 m', '2,0 kg', 45, 80, 100, 28, 'https://raw.githubusercontent.com/Yarkis01/TyraDex/images/sprites/679/shiny.png'),
(680, 'Dimoclès', 'https://raw.githubusercontent.com/Yarkis01/TyraDex/images/sprites/680/regular.png', 466, '0,8 m', '4,5 kg', 59, 110, 150, 35, 'https://raw.githubusercontent.com/Yarkis01/TyraDex/images/sprites/680/shiny.png'),
(681, 'Exagide', 'https://raw.githubusercontent.com/Yarkis01/TyraDex/images/sprites/681/regular.png', 44, '1,7 m', '53,0 kg', 60, 50, 140, 60, 'https://raw.githubusercontent.com/Yarkis01/TyraDex/images/sprites/681/shiny.png'),
(682, 'Fluvetin', 'https://raw.githubusercontent.com/Yarkis01/TyraDex/images/sprites/682/regular.png', 686, '0,2 m', '0,5 kg', 78, 52, 60, 23, 'https://raw.githubusercontent.com/Yarkis01/TyraDex/images/sprites/682/shiny.png'),
(683, 'Cocotine', 'https://raw.githubusercontent.com/Yarkis01/TyraDex/images/sprites/683/regular.png', 235, '0,8 m', '15,5 kg', 101, 72, 72, 29, 'https://raw.githubusercontent.com/Yarkis01/TyraDex/images/sprites/683/shiny.png'),
(684, 'Sucroquin', 'https://raw.githubusercontent.com/Yarkis01/TyraDex/images/sprites/684/regular.png', 62, '0,4 m', '3,5 kg', 62, 48, 66, 49, 'https://raw.githubusercontent.com/Yarkis01/TyraDex/images/sprites/684/shiny.png'),
(685, 'Cupcanaille', 'https://raw.githubusercontent.com/Yarkis01/TyraDex/images/sprites/685/regular.png', 60, '0,8 m', '5,0 kg', 82, 80, 86, 72, 'https://raw.githubusercontent.com/Yarkis01/TyraDex/images/sprites/685/shiny.png'),
(686, 'Sepiatop', 'https://raw.githubusercontent.com/Yarkis01/TyraDex/images/sprites/686/regular.png', 321, '0,4 m', '3,5 kg', 53, 54, 53, 45, 'https://raw.githubusercontent.com/Yarkis01/TyraDex/images/sprites/686/shiny.png'),
(687, 'Sepiatroce', 'https://raw.githubusercontent.com/Yarkis01/TyraDex/images/sprites/687/regular.png', 248, '1,5 m', '47,0 kg', 86, 92, 88, 73, 'https://raw.githubusercontent.com/Yarkis01/TyraDex/images/sprites/687/shiny.png'),
(688, 'Opermine', 'https://raw.githubusercontent.com/Yarkis01/TyraDex/images/sprites/688/regular.png', 187, '0,5 m', '31,0 kg', 42, 52, 67, 50, 'https://raw.githubusercontent.com/Yarkis01/TyraDex/images/sprites/688/shiny.png'),
(689, 'Golgopathe', 'https://raw.githubusercontent.com/Yarkis01/TyraDex/images/sprites/689/regular.png', 246, '1,3 m', '96,0 kg', 72, 105, 115, 68, 'https://raw.githubusercontent.com/Yarkis01/TyraDex/images/sprites/689/shiny.png'),
(690, 'Venalgue', 'https://raw.githubusercontent.com/Yarkis01/TyraDex/images/sprites/690/regular.png', 245, '0,5 m', '7,3 kg', 50, 60, 60, 30, 'https://raw.githubusercontent.com/Yarkis01/TyraDex/images/sprites/690/shiny.png'),
(691, 'Kravarech', 'https://raw.githubusercontent.com/Yarkis01/TyraDex/images/sprites/691/regular.png', 245, '1,8 m', '81,5 kg', 65, 75, 90, 44, 'https://raw.githubusercontent.com/Yarkis01/TyraDex/images/sprites/691/shiny.png'),
(692, 'Flingouste', 'https://raw.githubusercontent.com/Yarkis01/TyraDex/images/sprites/692/regular.png', 2, '0,5 m', '8,3 kg', 50, 53, 62, 44, 'https://raw.githubusercontent.com/Yarkis01/TyraDex/images/sprites/692/shiny.png'),
(693, 'Gamblast', 'https://raw.githubusercontent.com/Yarkis01/TyraDex/images/sprites/693/regular.png', 652, '1,3 m', '35,3 kg', 71, 73, 88, 59, 'https://raw.githubusercontent.com/Yarkis01/TyraDex/images/sprites/693/shiny.png'),
(694, 'Galvaran', 'https://raw.githubusercontent.com/Yarkis01/TyraDex/images/sprites/694/regular.png', 158, '0,5 m', '6,0 kg', 44, 38, 33, 70, 'https://raw.githubusercontent.com/Yarkis01/TyraDex/images/sprites/694/shiny.png'),
(695, 'Iguolta', 'https://raw.githubusercontent.com/Yarkis01/TyraDex/images/sprites/695/regular.png', 158, '1,0 m', '21,0 kg', 62, 55, 52, 109, 'https://raw.githubusercontent.com/Yarkis01/TyraDex/images/sprites/695/shiny.png'),
(696, 'Ptyranidur', 'https://raw.githubusercontent.com/Yarkis01/TyraDex/images/sprites/696/regular.png', 319, '0,8 m', '26,0 kg', 58, 89, 77, 48, 'https://raw.githubusercontent.com/Yarkis01/TyraDex/images/sprites/696/shiny.png'),
(697, 'Rexillius', 'https://raw.githubusercontent.com/Yarkis01/TyraDex/images/sprites/697/regular.png', 257, '2,5 m', '270,0 kg', 82, 121, 119, 71, 'https://raw.githubusercontent.com/Yarkis01/TyraDex/images/sprites/697/shiny.png'),
(698, 'Amagara', 'https://raw.githubusercontent.com/Yarkis01/TyraDex/images/sprites/698/regular.png', 46, '1,3 m', '25,2 kg', 77, 59, 50, 46, 'https://raw.githubusercontent.com/Yarkis01/TyraDex/images/sprites/698/shiny.png'),
(699, 'Dragmara', 'https://raw.githubusercontent.com/Yarkis01/TyraDex/images/sprites/699/regular.png', 46, '2,7 m', '225,0 kg', 123, 77, 72, 58, 'https://raw.githubusercontent.com/Yarkis01/TyraDex/images/sprites/699/shiny.png'),
(700, 'Nymphali', 'https://raw.githubusercontent.com/Yarkis01/TyraDex/images/sprites/700/regular.png', 470, '1,0 m', '23,5 kg', 95, 65, 65, 60, 'https://raw.githubusercontent.com/Yarkis01/TyraDex/images/sprites/700/shiny.png'),
(701, 'Brutalibré', 'https://raw.githubusercontent.com/Yarkis01/TyraDex/images/sprites/701/regular.png', 159, '0,8 m', '21,5 kg', 78, 92, 75, 118, 'https://raw.githubusercontent.com/Yarkis01/TyraDex/images/sprites/701/shiny.png'),
(702, 'Dedenne', 'https://raw.githubusercontent.com/Yarkis01/TyraDex/images/sprites/702/regular.png', 372, '0,2 m', '2,2 kg', 67, 58, 57, 101, 'https://raw.githubusercontent.com/Yarkis01/TyraDex/images/sprites/702/shiny.png'),
(703, 'Strassie', 'https://raw.githubusercontent.com/Yarkis01/TyraDex/images/sprites/703/regular.png', 108, '0,3 m', '5,7 kg', 50, 50, 150, 50, 'https://raw.githubusercontent.com/Yarkis01/TyraDex/images/sprites/703/shiny.png'),
(704, 'Mucuscule', 'https://raw.githubusercontent.com/Yarkis01/TyraDex/images/sprites/704/regular.png', 341, '0,3 m', '2,8 kg', 45, 50, 35, 40, 'https://raw.githubusercontent.com/Yarkis01/TyraDex/images/sprites/704/shiny.png'),
(705, 'Colimucus', 'https://raw.githubusercontent.com/Yarkis01/TyraDex/images/sprites/705/regular.png', 341, '0,8 m', '17,5 kg', 68, 75, 53, 60, 'https://raw.githubusercontent.com/Yarkis01/TyraDex/images/sprites/705/shiny.png'),
(706, 'Muplodocus', 'https://raw.githubusercontent.com/Yarkis01/TyraDex/images/sprites/706/regular.png', 250, '2,0 m', '150,5 kg', 90, 100, 70, 80, 'https://raw.githubusercontent.com/Yarkis01/TyraDex/images/sprites/706/shiny.png'),
(707, 'Trousselin', 'https://raw.githubusercontent.com/Yarkis01/TyraDex/images/sprites/707/regular.png', 594, '0,2 m', '3,0 kg', 57, 80, 91, 75, 'https://raw.githubusercontent.com/Yarkis01/TyraDex/images/sprites/707/shiny.png'),
(708, 'Brocélôme', 'https://raw.githubusercontent.com/Yarkis01/TyraDex/images/sprites/708/regular.png', 375, '0,4 m', '7,0 kg', 43, 70, 48, 38, 'https://raw.githubusercontent.com/Yarkis01/TyraDex/images/sprites/708/shiny.png'),
(709, 'Desséliande', 'https://raw.githubusercontent.com/Yarkis01/TyraDex/images/sprites/709/regular.png', 565, '1,5 m', '71,0 kg', 85, 110, 76, 56, 'https://raw.githubusercontent.com/Yarkis01/TyraDex/images/sprites/709/shiny.png'),
(710, 'Pitrouille', 'https://raw.githubusercontent.com/Yarkis01/TyraDex/images/sprites/710/regular.png', 538, '0,5 m', '7,5 kg', 55, 66, 70, 46, 'https://raw.githubusercontent.com/Yarkis01/TyraDex/images/sprites/710/shiny.png'),
(711, 'Banshitrouye', 'https://raw.githubusercontent.com/Yarkis01/TyraDex/images/sprites/711/regular.png', 538, '1,1 m', '14,0 kg', 75, 95, 122, 69, 'https://raw.githubusercontent.com/Yarkis01/TyraDex/images/sprites/711/shiny.png'),
(712, 'Grelaçon', 'https://raw.githubusercontent.com/Yarkis01/TyraDex/images/sprites/712/regular.png', 678, '1,0 m', '99,5 kg', 55, 69, 85, 28, 'https://raw.githubusercontent.com/Yarkis01/TyraDex/images/sprites/712/shiny.png'),
(713, 'Séracrawl', 'https://raw.githubusercontent.com/Yarkis01/TyraDex/images/sprites/713/regular.png', 390, '2,0 m', '505,0 kg', 95, 117, 184, 28, 'https://raw.githubusercontent.com/Yarkis01/TyraDex/images/sprites/713/shiny.png'),
(714, 'Sonistrelle', 'https://raw.githubusercontent.com/Yarkis01/TyraDex/images/sprites/714/regular.png', 142, '0,5 m', '8,0 kg', 40, 30, 35, 55, 'https://raw.githubusercontent.com/Yarkis01/TyraDex/images/sprites/714/shiny.png'),
(715, 'Bruyverne', 'https://raw.githubusercontent.com/Yarkis01/TyraDex/images/sprites/715/regular.png', 142, '1,5 m', '85,0 kg', 85, 70, 80, 123, 'https://raw.githubusercontent.com/Yarkis01/TyraDex/images/sprites/715/shiny.png'),
(716, 'Xerneas', 'https://raw.githubusercontent.com/Yarkis01/TyraDex/images/sprites/716/regular.png', 559, '3,0 m', '215,0 kg', 126, 131, 95, 99, 'https://raw.githubusercontent.com/Yarkis01/TyraDex/images/sprites/716/shiny.png'),
(717, 'Yveltal', 'https://raw.githubusercontent.com/Yarkis01/TyraDex/images/sprites/717/regular.png', 145, '5,8 m', '203,0 kg', 126, 131, 95, 99, 'https://raw.githubusercontent.com/Yarkis01/TyraDex/images/sprites/717/shiny.png'),
(718, 'Zygarde', 'https://raw.githubusercontent.com/Yarkis01/TyraDex/images/sprites/718/regular.png', 642, '5,0 m', '305,0 kg', 108, 100, 121, 95, 'https://raw.githubusercontent.com/Yarkis01/TyraDex/images/sprites/718/shiny.png'),
(719, 'Diancie', 'https://raw.githubusercontent.com/Yarkis01/TyraDex/images/sprites/719/regular.png', 108, '0,7 m', '8,8 kg', 50, 100, 150, 50, 'https://raw.githubusercontent.com/Yarkis01/TyraDex/images/sprites/719/shiny.png'),
(720, 'Hoopa', 'https://raw.githubusercontent.com/Yarkis01/TyraDex/images/sprites/720/regular.png', 436, '0,7 m', '8,8 kg', 80, 110, 60, 70, NULL),
(721, 'Volcanion', 'https://raw.githubusercontent.com/Yarkis01/TyraDex/images/sprites/721/regular.png', 604, '1,7 m', '195,0 kg', 80, 110, 120, 70, NULL),
(722, 'Brindibou', 'https://raw.githubusercontent.com/Yarkis01/TyraDex/images/sprites/722/regular.png', 24, '0,3 m', '1,5 kg', 68, 55, 55, 42, 'https://raw.githubusercontent.com/Yarkis01/TyraDex/images/sprites/722/shiny.png'),
(723, 'Efflèche', 'https://raw.githubusercontent.com/Yarkis01/TyraDex/images/sprites/723/regular.png', 626, '0,7 m', '16,0 kg', 78, 75, 75, 52, 'https://raw.githubusercontent.com/Yarkis01/TyraDex/images/sprites/723/shiny.png'),
(724, 'Archéduc', 'https://raw.githubusercontent.com/Yarkis01/TyraDex/images/sprites/724/regular.png', 269, '1,6 m', '36,6 kg', 78, 107, 75, 70, 'https://raw.githubusercontent.com/Yarkis01/TyraDex/images/sprites/724/shiny.png'),
(725, 'Flamiaou', 'https://raw.githubusercontent.com/Yarkis01/TyraDex/images/sprites/725/regular.png', 97, '0,4 m', '4,3 kg', 45, 65, 40, 70, 'https://raw.githubusercontent.com/Yarkis01/TyraDex/images/sprites/725/shiny.png'),
(726, 'Matoufeu', 'https://raw.githubusercontent.com/Yarkis01/TyraDex/images/sprites/726/regular.png', 97, '0,7 m', '25,0 kg', 65, 85, 50, 90, 'https://raw.githubusercontent.com/Yarkis01/TyraDex/images/sprites/726/shiny.png'),
(727, 'Félinferno', 'https://raw.githubusercontent.com/Yarkis01/TyraDex/images/sprites/727/regular.png', 476, '1,8 m', '83,0 kg', 95, 115, 90, 60, 'https://raw.githubusercontent.com/Yarkis01/TyraDex/images/sprites/727/shiny.png'),
(728, 'Otaquin', 'https://raw.githubusercontent.com/Yarkis01/TyraDex/images/sprites/728/regular.png', 166, '0,4 m', '7,5 kg', 50, 54, 54, 40, 'https://raw.githubusercontent.com/Yarkis01/TyraDex/images/sprites/728/shiny.png'),
(729, 'Otarlette', 'https://raw.githubusercontent.com/Yarkis01/TyraDex/images/sprites/729/regular.png', 693, '0,6 m', '17,5 kg', 60, 69, 69, 50, 'https://raw.githubusercontent.com/Yarkis01/TyraDex/images/sprites/729/shiny.png'),
(730, 'Oratoria', 'https://raw.githubusercontent.com/Yarkis01/TyraDex/images/sprites/730/regular.png', 544, '1,8 m', '44,0 kg', 80, 74, 74, 60, 'https://raw.githubusercontent.com/Yarkis01/TyraDex/images/sprites/730/shiny.png'),
(731, 'Picassaut', 'https://raw.githubusercontent.com/Yarkis01/TyraDex/images/sprites/731/regular.png', 410, '0,3 m', '1,2 kg', 35, 75, 30, 65, 'https://raw.githubusercontent.com/Yarkis01/TyraDex/images/sprites/731/shiny.png'),
(732, 'Piclairon', 'https://raw.githubusercontent.com/Yarkis01/TyraDex/images/sprites/732/regular.png', 450, '0,6 m', '14,8 kg', 55, 85, 50, 75, 'https://raw.githubusercontent.com/Yarkis01/TyraDex/images/sprites/732/shiny.png'),
(733, 'Bazoucan', 'https://raw.githubusercontent.com/Yarkis01/TyraDex/images/sprites/733/regular.png', 275, '1,1 m', '26,0 kg', 80, 120, 75, 60, 'https://raw.githubusercontent.com/Yarkis01/TyraDex/images/sprites/733/shiny.png'),
(734, 'Manglouton', 'https://raw.githubusercontent.com/Yarkis01/TyraDex/images/sprites/734/regular.png', 536, '0,4 m', '6,0 kg', 48, 70, 30, 45, 'https://raw.githubusercontent.com/Yarkis01/TyraDex/images/sprites/734/shiny.png'),
(735, 'Argouste', 'https://raw.githubusercontent.com/Yarkis01/TyraDex/images/sprites/735/regular.png', 401, '0,7 m', '14,2 kg', 88, 110, 60, 45, 'https://raw.githubusercontent.com/Yarkis01/TyraDex/images/sprites/735/shiny.png'),
(736, 'Larvibule', 'https://raw.githubusercontent.com/Yarkis01/TyraDex/images/sprites/736/regular.png', 67, '0,4 m', '4,4 kg', 47, 62, 45, 46, 'https://raw.githubusercontent.com/Yarkis01/TyraDex/images/sprites/736/shiny.png'),
(737, 'Chrysapile', 'https://raw.githubusercontent.com/Yarkis01/TyraDex/images/sprites/737/regular.png', 137, '0,5 m', '10,5 kg', 57, 82, 95, 36, 'https://raw.githubusercontent.com/Yarkis01/TyraDex/images/sprites/737/shiny.png'),
(738, 'Lucanon', 'https://raw.githubusercontent.com/Yarkis01/TyraDex/images/sprites/738/regular.png', 468, '1,5 m', '45,0 kg', 77, 70, 90, 43, 'https://raw.githubusercontent.com/Yarkis01/TyraDex/images/sprites/738/shiny.png'),
(739, 'Crabagarre', 'https://raw.githubusercontent.com/Yarkis01/TyraDex/images/sprites/739/regular.png', 110, '0,6 m', '7,0 kg', 47, 82, 57, 63, 'https://raw.githubusercontent.com/Yarkis01/TyraDex/images/sprites/739/shiny.png'),
(740, 'Crabominable', 'https://raw.githubusercontent.com/Yarkis01/TyraDex/images/sprites/740/regular.png', 247, '1,7 m', '180,0 kg', 97, 132, 77, 43, 'https://raw.githubusercontent.com/Yarkis01/TyraDex/images/sprites/740/shiny.png'),
(741, 'Plumeline', 'https://raw.githubusercontent.com/Yarkis01/TyraDex/images/sprites/741/regular.png', 104, '0,6 m', '3,4 kg', 75, 70, 70, 93, 'https://raw.githubusercontent.com/Yarkis01/TyraDex/images/sprites/741/shiny.png'),
(742, 'Bombydou', 'https://raw.githubusercontent.com/Yarkis01/TyraDex/images/sprites/742/regular.png', 222, '0,1 m', '0,2 kg', 40, 45, 40, 84, 'https://raw.githubusercontent.com/Yarkis01/TyraDex/images/sprites/742/shiny.png'),
(743, 'Rubombelle', 'https://raw.githubusercontent.com/Yarkis01/TyraDex/images/sprites/743/regular.png', 222, '0,2 m', '0,5 kg', 60, 55, 60, 124, 'https://raw.githubusercontent.com/Yarkis01/TyraDex/images/sprites/743/shiny.png'),
(744, 'Rocabot', 'https://raw.githubusercontent.com/Yarkis01/TyraDex/images/sprites/744/regular.png', 579, '0,5 m', '9,2 kg', 45, 65, 40, 60, 'https://raw.githubusercontent.com/Yarkis01/TyraDex/images/sprites/744/shiny.png'),
(745, 'Lougaroc', 'https://raw.githubusercontent.com/Yarkis01/TyraDex/images/sprites/745/regular.png', 208, '0,8 m', '25,0 kg', 75, 115, 65, 112, 'https://raw.githubusercontent.com/Yarkis01/TyraDex/images/sprites/745/shiny.png'),
(746, 'Froussardine', 'https://raw.githubusercontent.com/Yarkis01/TyraDex/images/sprites/746/regular.png', 265, '0,2 m', '0,3 kg', 45, 20, 20, 40, 'https://raw.githubusercontent.com/Yarkis01/TyraDex/images/sprites/746/shiny.png'),
(747, 'Vorastérie', 'https://raw.githubusercontent.com/Yarkis01/TyraDex/images/sprites/747/regular.png', 157, '0,4 m', '8,0 kg', 50, 53, 62, 45, 'https://raw.githubusercontent.com/Yarkis01/TyraDex/images/sprites/747/shiny.png'),
(748, 'Prédastérie', 'https://raw.githubusercontent.com/Yarkis01/TyraDex/images/sprites/748/regular.png', 157, '0,7 m', '14,5 kg', 50, 63, 152, 35, 'https://raw.githubusercontent.com/Yarkis01/TyraDex/images/sprites/748/shiny.png'),
(749, 'Tiboudet', 'https://raw.githubusercontent.com/Yarkis01/TyraDex/images/sprites/749/regular.png', 126, '1,0 m', '110,0 kg', 70, 100, 70, 45, 'https://raw.githubusercontent.com/Yarkis01/TyraDex/images/sprites/749/shiny.png'),
(750, 'Bourrinos', 'https://raw.githubusercontent.com/Yarkis01/TyraDex/images/sprites/750/regular.png', 405, '2,5 m', '920,0 kg', 100, 125, 100, 35, 'https://raw.githubusercontent.com/Yarkis01/TyraDex/images/sprites/750/shiny.png'),
(751, 'Araqua', 'https://raw.githubusercontent.com/Yarkis01/TyraDex/images/sprites/751/regular.png', 160, '0,3 m', '4,0 kg', 38, 40, 52, 27, 'https://raw.githubusercontent.com/Yarkis01/TyraDex/images/sprites/751/shiny.png'),
(752, 'Tarenbulle', 'https://raw.githubusercontent.com/Yarkis01/TyraDex/images/sprites/752/regular.png', 160, '1,8 m', '82,0 kg', 68, 70, 92, 42, 'https://raw.githubusercontent.com/Yarkis01/TyraDex/images/sprites/752/shiny.png'),
(753, 'Mimantis', 'https://raw.githubusercontent.com/Yarkis01/TyraDex/images/sprites/753/regular.png', 182, '0,3 m', '1,5 kg', 40, 55, 35, 35, 'https://raw.githubusercontent.com/Yarkis01/TyraDex/images/sprites/753/shiny.png'),
(754, 'Floramantis', 'https://raw.githubusercontent.com/Yarkis01/TyraDex/images/sprites/754/regular.png', 555, '0,9 m', '18,5 kg', 70, 105, 90, 45, 'https://raw.githubusercontent.com/Yarkis01/TyraDex/images/sprites/754/shiny.png'),
(755, 'Spododo', 'https://raw.githubusercontent.com/Yarkis01/TyraDex/images/sprites/755/regular.png', 227, '0,2 m', '1,5 kg', 40, 35, 55, 15, 'https://raw.githubusercontent.com/Yarkis01/TyraDex/images/sprites/755/shiny.png'),
(756, 'Lampignon', 'https://raw.githubusercontent.com/Yarkis01/TyraDex/images/sprites/756/regular.png', 227, '1,0 m', '11,5 kg', 60, 45, 80, 30, 'https://raw.githubusercontent.com/Yarkis01/TyraDex/images/sprites/756/shiny.png'),
(757, 'Tritox', 'https://raw.githubusercontent.com/Yarkis01/TyraDex/images/sprites/757/regular.png', 76, '0,6 m', '4,8 kg', 48, 44, 40, 77, 'https://raw.githubusercontent.com/Yarkis01/TyraDex/images/sprites/757/shiny.png'),
(758, 'Malamandre', 'https://raw.githubusercontent.com/Yarkis01/TyraDex/images/sprites/758/regular.png', 76, '1,2 m', '22,2 kg', 68, 64, 60, 117, 'https://raw.githubusercontent.com/Yarkis01/TyraDex/images/sprites/758/shiny.png'),
(759, 'Nounourson', 'https://raw.githubusercontent.com/Yarkis01/TyraDex/images/sprites/759/regular.png', 437, '0,5 m', '6,8 kg', 70, 75, 50, 50, 'https://raw.githubusercontent.com/Yarkis01/TyraDex/images/sprites/759/shiny.png'),
(760, 'Chelours', 'https://raw.githubusercontent.com/Yarkis01/TyraDex/images/sprites/760/regular.png', 409, '2,1 m', '135,0 kg', 120, 125, 80, 60, 'https://raw.githubusercontent.com/Yarkis01/TyraDex/images/sprites/760/shiny.png'),
(761, 'Croquine', 'https://raw.githubusercontent.com/Yarkis01/TyraDex/images/sprites/761/regular.png', 543, '0,3 m', '3,2 kg', 42, 30, 38, 32, 'https://raw.githubusercontent.com/Yarkis01/TyraDex/images/sprites/761/shiny.png'),
(762, 'Candine', 'https://raw.githubusercontent.com/Yarkis01/TyraDex/images/sprites/762/regular.png', 543, '0,7 m', '8,2 kg', 52, 40, 48, 62, 'https://raw.githubusercontent.com/Yarkis01/TyraDex/images/sprites/762/shiny.png'),
(763, 'Sucreine', 'https://raw.githubusercontent.com/Yarkis01/TyraDex/images/sprites/763/regular.png', 543, '1,2 m', '21,4 kg', 72, 120, 98, 72, 'https://raw.githubusercontent.com/Yarkis01/TyraDex/images/sprites/763/shiny.png'),
(764, 'Guérilande', 'https://raw.githubusercontent.com/Yarkis01/TyraDex/images/sprites/764/regular.png', 370, '0,1 m', '0,3 kg', 51, 52, 90, 100, 'https://raw.githubusercontent.com/Yarkis01/TyraDex/images/sprites/764/shiny.png'),
(765, 'Gouroutan', 'https://raw.githubusercontent.com/Yarkis01/TyraDex/images/sprites/765/regular.png', 196, '1,5 m', '76,0 kg', 90, 60, 80, 60, 'https://raw.githubusercontent.com/Yarkis01/TyraDex/images/sprites/765/shiny.png'),
(766, 'Quartermac', 'https://raw.githubusercontent.com/Yarkis01/TyraDex/images/sprites/766/regular.png', 281, '2,0 m', '82,8 kg', 100, 120, 90, 80, 'https://raw.githubusercontent.com/Yarkis01/TyraDex/images/sprites/766/shiny.png'),
(767, 'Sovkipou', 'https://raw.githubusercontent.com/Yarkis01/TyraDex/images/sprites/767/regular.png', 129, '0,5 m', '12,0 kg', 25, 35, 40, 80, 'https://raw.githubusercontent.com/Yarkis01/TyraDex/images/sprites/767/shiny.png'),
(768, 'Sarmuraï', 'https://raw.githubusercontent.com/Yarkis01/TyraDex/images/sprites/768/regular.png', 72, '2,0 m', '108,0 kg', 75, 125, 140, 40, 'https://raw.githubusercontent.com/Yarkis01/TyraDex/images/sprites/768/shiny.png'),
(769, 'Bacabouh', 'https://raw.githubusercontent.com/Yarkis01/TyraDex/images/sprites/769/regular.png', 1, '0,5 m', '70,0 kg', 55, 55, 80, 15, 'https://raw.githubusercontent.com/Yarkis01/TyraDex/images/sprites/769/shiny.png'),
(770, 'Trépassable', 'https://raw.githubusercontent.com/Yarkis01/TyraDex/images/sprites/770/regular.png', 379, '1,3 m', '250,0 kg', 85, 75, 110, 35, 'https://raw.githubusercontent.com/Yarkis01/TyraDex/images/sprites/770/shiny.png'),
(771, 'Concombaffe', 'https://raw.githubusercontent.com/Yarkis01/TyraDex/images/sprites/771/regular.png', 336, '0,3 m', '1,2 kg', 55, 60, 130, 5, 'https://raw.githubusercontent.com/Yarkis01/TyraDex/images/sprites/771/shiny.png'),
(772, 'Type:0', 'https://raw.githubusercontent.com/Yarkis01/TyraDex/images/sprites/772/regular.png', 631, '1,9 m', '120,5 kg', 95, 95, 95, 59, 'https://raw.githubusercontent.com/Yarkis01/TyraDex/images/sprites/772/shiny.png'),
(773, 'Silvallié', 'https://raw.githubusercontent.com/Yarkis01/TyraDex/images/sprites/773/regular.png', 631, '2,3 m', '100,5 kg', 95, 95, 95, 95, 'https://raw.githubusercontent.com/Yarkis01/TyraDex/images/sprites/773/shiny.png'),
(774, 'Météno', 'https://raw.githubusercontent.com/Yarkis01/TyraDex/images/sprites/774/regular.png', 645, '0,3 m', '40,0 kg', 60, 100, 60, 120, 'https://raw.githubusercontent.com/Yarkis01/TyraDex/images/sprites/774/shiny.png'),
(775, 'Dodoala', 'https://raw.githubusercontent.com/Yarkis01/TyraDex/images/sprites/775/regular.png', 273, '0,4 m', '19,9 kg', 65, 115, 65, 65, 'https://raw.githubusercontent.com/Yarkis01/TyraDex/images/sprites/775/shiny.png'),
(776, 'Boumata', 'https://raw.githubusercontent.com/Yarkis01/TyraDex/images/sprites/776/regular.png', 668, '2,0 m', '212,0 kg', 60, 78, 135, 36, 'https://raw.githubusercontent.com/Yarkis01/TyraDex/images/sprites/776/shiny.png'),
(777, 'Togedemaru', 'https://raw.githubusercontent.com/Yarkis01/TyraDex/images/sprites/777/regular.png', 93, '0,3 m', '3,3 kg', 65, 98, 63, 96, 'https://raw.githubusercontent.com/Yarkis01/TyraDex/images/sprites/777/shiny.png'),
(778, 'Mimiqui', 'https://raw.githubusercontent.com/Yarkis01/TyraDex/images/sprites/778/regular.png', 442, '0,2 m', '0,7 kg', 55, 90, 80, 96, 'https://raw.githubusercontent.com/Yarkis01/TyraDex/images/sprites/778/shiny.png'),
(779, 'Denticrisse', 'https://raw.githubusercontent.com/Yarkis01/TyraDex/images/sprites/779/regular.png', 433, '0,9 m', '19,0 kg', 68, 105, 70, 92, 'https://raw.githubusercontent.com/Yarkis01/TyraDex/images/sprites/779/shiny.png'),
(780, 'Draïeul', 'https://raw.githubusercontent.com/Yarkis01/TyraDex/images/sprites/780/regular.png', 497, '3,0 m', '185,0 kg', 78, 60, 85, 36, 'https://raw.githubusercontent.com/Yarkis01/TyraDex/images/sprites/780/shiny.png'),
(781, 'Sinistrail', 'https://raw.githubusercontent.com/Yarkis01/TyraDex/images/sprites/781/regular.png', 515, '3,9 m', '210,0 kg', 70, 131, 100, 40, 'https://raw.githubusercontent.com/Yarkis01/TyraDex/images/sprites/781/shiny.png'),
(782, 'Bébécaille', 'https://raw.githubusercontent.com/Yarkis01/TyraDex/images/sprites/782/regular.png', 677, '0,6 m', '29,7 kg', 45, 55, 65, 45, 'https://raw.githubusercontent.com/Yarkis01/TyraDex/images/sprites/782/shiny.png'),
(783, 'Écaïd', 'https://raw.githubusercontent.com/Yarkis01/TyraDex/images/sprites/783/regular.png', 677, '1,2 m', '47,0 kg', 55, 75, 90, 65, 'https://raw.githubusercontent.com/Yarkis01/TyraDex/images/sprites/783/shiny.png'),
(784, 'Ékaïser', 'https://raw.githubusercontent.com/Yarkis01/TyraDex/images/sprites/784/regular.png', 677, '1,6 m', '78,2 kg', 75, 110, 125, 85, 'https://raw.githubusercontent.com/Yarkis01/TyraDex/images/sprites/784/shiny.png'),
(785, 'Tokorico', 'https://raw.githubusercontent.com/Yarkis01/TyraDex/images/sprites/785/regular.png', 94, '1,8 m', '20,5 kg', 70, 115, 85, 130, 'https://raw.githubusercontent.com/Yarkis01/TyraDex/images/sprites/785/shiny.png'),
(786, 'Tokopiyon', 'https://raw.githubusercontent.com/Yarkis01/TyraDex/images/sprites/786/regular.png', 94, '1,2 m', '18,6 kg', 70, 85, 75, 95, 'https://raw.githubusercontent.com/Yarkis01/TyraDex/images/sprites/786/shiny.png'),
(787, 'Tokotoro', 'https://raw.githubusercontent.com/Yarkis01/TyraDex/images/sprites/787/regular.png', 94, '1,9 m', '45,5 kg', 70, 130, 115, 75, 'https://raw.githubusercontent.com/Yarkis01/TyraDex/images/sprites/787/shiny.png'),
(788, 'Tokopisco', 'https://raw.githubusercontent.com/Yarkis01/TyraDex/images/sprites/788/regular.png', 94, '1,3 m', '21,2 kg', 70, 75, 115, 85, 'https://raw.githubusercontent.com/Yarkis01/TyraDex/images/sprites/788/shiny.png'),
(789, 'Cosmog', 'https://raw.githubusercontent.com/Yarkis01/TyraDex/images/sprites/789/regular.png', 17, '0,2 m', '0,1 kg', 43, 29, 31, 37, NULL),
(790, 'Cosmovum', 'https://raw.githubusercontent.com/Yarkis01/TyraDex/images/sprites/790/regular.png', 411, '0,1 m', '999,9 kg', 43, 29, 131, 37, NULL),
(791, 'Solgaleo', 'https://raw.githubusercontent.com/Yarkis01/TyraDex/images/sprites/791/regular.png', 184, '3,4 m', '230,0 kg', 137, 137, 107, 97, 'https://raw.githubusercontent.com/Yarkis01/TyraDex/images/sprites/791/shiny.png'),
(792, 'Lunala', 'https://raw.githubusercontent.com/Yarkis01/TyraDex/images/sprites/792/regular.png', 530, '4,0 m', '120,0 kg', 137, 113, 89, 97, 'https://raw.githubusercontent.com/Yarkis01/TyraDex/images/sprites/792/shiny.png'),
(793, 'Zéroïd', 'https://raw.githubusercontent.com/Yarkis01/TyraDex/images/sprites/793/regular.png', 606, '1,2 m', '55,5 kg', 109, 53, 47, 103, 'https://raw.githubusercontent.com/Yarkis01/TyraDex/images/sprites/793/shiny.png'),
(794, 'Mouscoto', 'https://raw.githubusercontent.com/Yarkis01/TyraDex/images/sprites/794/regular.png', 198, '2,4 m', '333,6 kg', 107, 139, 139, 79, 'https://raw.githubusercontent.com/Yarkis01/TyraDex/images/sprites/794/shiny.png'),
(795, 'Cancrelove', 'https://raw.githubusercontent.com/Yarkis01/TyraDex/images/sprites/795/regular.png', 258, '1,8 m', '25,0 kg', 71, 137, 37, 151, 'https://raw.githubusercontent.com/Yarkis01/TyraDex/images/sprites/795/shiny.png'),
(796, 'Câblifère', 'https://raw.githubusercontent.com/Yarkis01/TyraDex/images/sprites/796/regular.png', 264, '3,8 m', '100,0 kg', 83, 89, 71, 83, 'https://raw.githubusercontent.com/Yarkis01/TyraDex/images/sprites/796/shiny.png'),
(797, 'Bamboiselle', 'https://raw.githubusercontent.com/Yarkis01/TyraDex/images/sprites/797/regular.png', 109, '9,2 m', '999,9 kg', 97, 101, 103, 61, 'https://raw.githubusercontent.com/Yarkis01/TyraDex/images/sprites/797/shiny.png'),
(798, 'Katagami', 'https://raw.githubusercontent.com/Yarkis01/TyraDex/images/sprites/798/regular.png', 357, '0,3 m', '0,1 kg', 59, 181, 131, 109, 'https://raw.githubusercontent.com/Yarkis01/TyraDex/images/sprites/798/shiny.png'),
(799, 'Engloutyran', 'https://raw.githubusercontent.com/Yarkis01/TyraDex/images/sprites/799/regular.png', 228, '5,5 m', '888,0 kg', 223, 101, 53, 43, 'https://raw.githubusercontent.com/Yarkis01/TyraDex/images/sprites/799/shiny.png'),
(800, 'Necrozma', 'https://raw.githubusercontent.com/Yarkis01/TyraDex/images/sprites/800/regular.png', 422, '2,4 m', '230,0 kg', 97, 107, 101, 79, 'https://raw.githubusercontent.com/Yarkis01/TyraDex/images/sprites/800/shiny.png'),
(801, 'Magearna', 'https://raw.githubusercontent.com/Yarkis01/TyraDex/images/sprites/801/regular.png', 602, '1,0 m', '80,5 kg', 80, 95, 115, 65, NULL),
(802, 'Marshadow', 'https://raw.githubusercontent.com/Yarkis01/TyraDex/images/sprites/802/regular.png', 96, '0,7 m', '22,2 kg', 90, 125, 80, 125, NULL),
(803, 'Vémini', 'https://raw.githubusercontent.com/Yarkis01/TyraDex/images/sprites/803/regular.png', 602, '0,6 m', '1,8 kg', 67, 73, 67, 73, 'https://raw.githubusercontent.com/Yarkis01/TyraDex/images/sprites/803/shiny.png'),
(804, 'Mandrillon', 'https://raw.githubusercontent.com/Yarkis01/TyraDex/images/sprites/804/regular.png', 201, '3,6 m', '150,0 kg', 73, 73, 73, 121, 'https://raw.githubusercontent.com/Yarkis01/TyraDex/images/sprites/804/shiny.png'),
(805, 'Ama-ama', 'https://raw.githubusercontent.com/Yarkis01/TyraDex/images/sprites/805/regular.png', 415, '5,5 m', '820,0 kg', 61, 131, 211, 13, 'https://raw.githubusercontent.com/Yarkis01/TyraDex/images/sprites/805/shiny.png'),
(806, 'Pierroteknik', 'https://raw.githubusercontent.com/Yarkis01/TyraDex/images/sprites/806/regular.png', 165, '1,8 m', '13,0 kg', 53, 127, 53, 107, 'https://raw.githubusercontent.com/Yarkis01/TyraDex/images/sprites/806/shiny.png'),
(807, 'Zeraora', 'https://raw.githubusercontent.com/Yarkis01/TyraDex/images/sprites/807/regular.png', 622, '1,5 m', '44,5 kg', 88, 112, 75, 143, 'https://raw.githubusercontent.com/Yarkis01/TyraDex/images/sprites/807/shiny.png'),
(808, 'Meltan', 'https://raw.githubusercontent.com/Yarkis01/TyraDex/images/sprites/808/regular.png', 392, '0,2 m', '8,0 kg', 46, 65, 65, 34, 'https://raw.githubusercontent.com/Yarkis01/TyraDex/images/sprites/808/shiny.png'),
(809, 'Melmetal', 'https://raw.githubusercontent.com/Yarkis01/TyraDex/images/sprites/809/regular.png', 392, '2,5 m', '800,0 kg', 135, 143, 143, 34, 'https://raw.githubusercontent.com/Yarkis01/TyraDex/images/sprites/809/shiny.png'),
(810, 'Ouistempo', 'https://raw.githubusercontent.com/Yarkis01/TyraDex/images/sprites/810/regular.png', 172, '0,3 m', '5,0 kg', 50, 65, 50, 65, 'https://raw.githubusercontent.com/Yarkis01/TyraDex/images/sprites/810/shiny.png'),
(811, 'Badabouin', 'https://raw.githubusercontent.com/Yarkis01/TyraDex/images/sprites/811/regular.png', 58, '0,7 m', '14,0 kg', 70, 85, 70, 80, 'https://raw.githubusercontent.com/Yarkis01/TyraDex/images/sprites/811/shiny.png'),
(812, 'Gorythmic', 'https://raw.githubusercontent.com/Yarkis01/TyraDex/images/sprites/812/regular.png', 167, '2,1 m', '90,0 kg', 100, 125, 90, 85, 'https://raw.githubusercontent.com/Yarkis01/TyraDex/images/sprites/812/shiny.png'),
(813, 'Flambino', 'https://raw.githubusercontent.com/Yarkis01/TyraDex/images/sprites/813/regular.png', 14, '0,3 m', '4,5 kg', 50, 71, 40, 69, 'https://raw.githubusercontent.com/Yarkis01/TyraDex/images/sprites/813/shiny.png'),
(814, 'Lapyro', 'https://raw.githubusercontent.com/Yarkis01/TyraDex/images/sprites/814/regular.png', 14, '0,6 m', '9,0 kg', 65, 86, 60, 94, 'https://raw.githubusercontent.com/Yarkis01/TyraDex/images/sprites/814/shiny.png'),
(815, 'Pyrobut', 'https://raw.githubusercontent.com/Yarkis01/TyraDex/images/sprites/815/regular.png', 682, '1,4 m', '33,0 kg', 80, 116, 75, 119, 'https://raw.githubusercontent.com/Yarkis01/TyraDex/images/sprites/815/shiny.png'),
(816, 'Larméléon', 'https://raw.githubusercontent.com/Yarkis01/TyraDex/images/sprites/816/regular.png', 692, '0,3 m', '4,0 kg', 50, 40, 40, 70, 'https://raw.githubusercontent.com/Yarkis01/TyraDex/images/sprites/816/shiny.png'),
(817, 'Arrozard', 'https://raw.githubusercontent.com/Yarkis01/TyraDex/images/sprites/817/regular.png', 692, '0,7 m', '11,5 kg', 65, 60, 55, 90, 'https://raw.githubusercontent.com/Yarkis01/TyraDex/images/sprites/817/shiny.png'),
(818, 'Lézargus', 'https://raw.githubusercontent.com/Yarkis01/TyraDex/images/sprites/818/regular.png', 66, '1,9 m', '45,2 kg', 70, 85, 65, 120, 'https://raw.githubusercontent.com/Yarkis01/TyraDex/images/sprites/818/shiny.png'),
(819, 'Rongourmand', 'https://raw.githubusercontent.com/Yarkis01/TyraDex/images/sprites/819/regular.png', 168, '0,3 m', '2,5 kg', 70, 55, 55, 25, 'https://raw.githubusercontent.com/Yarkis01/TyraDex/images/sprites/819/shiny.png'),
(820, 'Rongrigou', 'https://raw.githubusercontent.com/Yarkis01/TyraDex/images/sprites/820/regular.png', 47, '0,6 m', '6,0 kg', 120, 95, 95, 20, 'https://raw.githubusercontent.com/Yarkis01/TyraDex/images/sprites/820/shiny.png'),
(821, 'Minisange', 'https://raw.githubusercontent.com/Yarkis01/TyraDex/images/sprites/821/regular.png', 482, '0,2 m', '1,8 kg', 38, 47, 35, 57, 'https://raw.githubusercontent.com/Yarkis01/TyraDex/images/sprites/821/shiny.png'),
(822, 'Bleuseille', 'https://raw.githubusercontent.com/Yarkis01/TyraDex/images/sprites/822/regular.png', 689, '0,8 m', '16,0 kg', 68, 67, 55, 77, 'https://raw.githubusercontent.com/Yarkis01/TyraDex/images/sprites/822/shiny.png'),
(823, 'Corvaillus', 'https://raw.githubusercontent.com/Yarkis01/TyraDex/images/sprites/823/regular.png', 689, '2,2 m', '75,0 kg', 98, 87, 105, 67, 'https://raw.githubusercontent.com/Yarkis01/TyraDex/images/sprites/823/shiny.png'),
(824, 'Larvadar', 'https://raw.githubusercontent.com/Yarkis01/TyraDex/images/sprites/824/regular.png', 67, '0,4 m', '8,0 kg', 28, 20, 20, 45, 'https://raw.githubusercontent.com/Yarkis01/TyraDex/images/sprites/824/shiny.png'),
(825, 'Coléodôme', 'https://raw.githubusercontent.com/Yarkis01/TyraDex/images/sprites/825/regular.png', 385, '0,4 m', '19,5 kg', 50, 35, 80, 30, 'https://raw.githubusercontent.com/Yarkis01/TyraDex/images/sprites/825/shiny.png'),
(826, 'Astronelle', 'https://raw.githubusercontent.com/Yarkis01/TyraDex/images/sprites/826/regular.png', 260, '0,4 m', '19,5 kg', 60, 45, 110, 90, 'https://raw.githubusercontent.com/Yarkis01/TyraDex/images/sprites/826/shiny.png'),
(827, 'Goupilou', 'https://raw.githubusercontent.com/Yarkis01/TyraDex/images/sprites/827/regular.png', 42, '0,6 m', '8,9 kg', 40, 28, 28, 50, 'https://raw.githubusercontent.com/Yarkis01/TyraDex/images/sprites/827/shiny.png'),
(828, 'Roublenard', 'https://raw.githubusercontent.com/Yarkis01/TyraDex/images/sprites/828/regular.png', 42, '1,2 m', '19,9 kg', 70, 58, 58, 90, 'https://raw.githubusercontent.com/Yarkis01/TyraDex/images/sprites/828/shiny.png'),
(829, 'Tournicoton', 'https://raw.githubusercontent.com/Yarkis01/TyraDex/images/sprites/829/regular.png', 700, '0,4 m', '2,2 kg', 40, 40, 60, 10, 'https://raw.githubusercontent.com/Yarkis01/TyraDex/images/sprites/829/shiny.png'),
(830, 'Blancoton', 'https://raw.githubusercontent.com/Yarkis01/TyraDex/images/sprites/830/regular.png', 211, '0,5 m', '2,5 kg', 60, 50, 90, 60, 'https://raw.githubusercontent.com/Yarkis01/TyraDex/images/sprites/830/shiny.png'),
(831, 'Moumouton', 'https://raw.githubusercontent.com/Yarkis01/TyraDex/images/sprites/831/regular.png', 362, '0,6 m', '6,0 kg', 42, 40, 55, 48, 'https://raw.githubusercontent.com/Yarkis01/TyraDex/images/sprites/831/shiny.png'),
(832, 'Moumouflon', 'https://raw.githubusercontent.com/Yarkis01/TyraDex/images/sprites/832/regular.png', 362, '1,3 m', '43,0 kg', 72, 80, 100, 88, 'https://raw.githubusercontent.com/Yarkis01/TyraDex/images/sprites/832/shiny.png'),
(833, 'Khélocrok', 'https://raw.githubusercontent.com/Yarkis01/TyraDex/images/sprites/833/regular.png', 434, '0,3 m', '8,5 kg', 50, 64, 50, 44, 'https://raw.githubusercontent.com/Yarkis01/TyraDex/images/sprites/833/shiny.png'),
(834, 'Torgamord', 'https://raw.githubusercontent.com/Yarkis01/TyraDex/images/sprites/834/regular.png', 690, '1,0 m', '115,5 kg', 90, 115, 90, 74, 'https://raw.githubusercontent.com/Yarkis01/TyraDex/images/sprites/834/shiny.png'),
(835, 'Voltoutou', 'https://raw.githubusercontent.com/Yarkis01/TyraDex/images/sprites/835/regular.png', 579, '0,3 m', '13,5 kg', 59, 45, 50, 26, 'https://raw.githubusercontent.com/Yarkis01/TyraDex/images/sprites/835/shiny.png'),
(836, 'Fulgudog', 'https://raw.githubusercontent.com/Yarkis01/TyraDex/images/sprites/836/regular.png', 517, '1,0 m', '34,0 kg', 69, 90, 60, 121, 'https://raw.githubusercontent.com/Yarkis01/TyraDex/images/sprites/836/shiny.png'),
(837, 'Charbi', 'https://raw.githubusercontent.com/Yarkis01/TyraDex/images/sprites/837/regular.png', 174, '0,3 m', '12,0 kg', 30, 40, 50, 30, 'https://raw.githubusercontent.com/Yarkis01/TyraDex/images/sprites/837/shiny.png'),
(838, 'Wagomine', 'https://raw.githubusercontent.com/Yarkis01/TyraDex/images/sprites/838/regular.png', 174, '1,1 m', '78,0 kg', 80, 60, 90, 50, 'https://raw.githubusercontent.com/Yarkis01/TyraDex/images/sprites/838/shiny.png'),
(839, 'Monthracite', 'https://raw.githubusercontent.com/Yarkis01/TyraDex/images/sprites/839/regular.png', 174, '2,8 m', '310,5 kg', 110, 80, 120, 30, 'https://raw.githubusercontent.com/Yarkis01/TyraDex/images/sprites/839/shiny.png'),
(840, 'Verpom', 'https://raw.githubusercontent.com/Yarkis01/TyraDex/images/sprites/840/regular.png', 39, '0,2 m', '0,5 kg', 40, 40, 80, 20, 'https://raw.githubusercontent.com/Yarkis01/TyraDex/images/sprites/840/shiny.png'),
(841, 'Pomdrapi', 'https://raw.githubusercontent.com/Yarkis01/TyraDex/images/sprites/841/regular.png', 629, '0,3 m', '1,0 kg', 70, 110, 80, 70, 'https://raw.githubusercontent.com/Yarkis01/TyraDex/images/sprites/841/shiny.png'),
(842, 'Dratatin', 'https://raw.githubusercontent.com/Yarkis01/TyraDex/images/sprites/842/regular.png', 531, '0,4 m', '13,0 kg', 110, 85, 80, 30, 'https://raw.githubusercontent.com/Yarkis01/TyraDex/images/sprites/842/shiny.png'),
(843, 'Dunaja', 'https://raw.githubusercontent.com/Yarkis01/TyraDex/images/sprites/843/regular.png', 330, '2,2 m', '7,6 kg', 52, 57, 75, 46, 'https://raw.githubusercontent.com/Yarkis01/TyraDex/images/sprites/843/shiny.png'),
(844, 'Dunaconda', 'https://raw.githubusercontent.com/Yarkis01/TyraDex/images/sprites/844/regular.png', 330, '3,8 m', '65,5 kg', 72, 107, 125, 71, 'https://raw.githubusercontent.com/Yarkis01/TyraDex/images/sprites/844/shiny.png'),
(845, 'Nigosier', 'https://raw.githubusercontent.com/Yarkis01/TyraDex/images/sprites/845/regular.png', 675, '0,8 m', '18,0 kg', 70, 85, 55, 85, 'https://raw.githubusercontent.com/Yarkis01/TyraDex/images/sprites/845/shiny.png'),
(846, 'Embrochet', 'https://raw.githubusercontent.com/Yarkis01/TyraDex/images/sprites/846/regular.png', 500, '0,5 m', '1,0 kg', 41, 63, 40, 66, 'https://raw.githubusercontent.com/Yarkis01/TyraDex/images/sprites/846/shiny.png'),
(847, 'Hastacuda', 'https://raw.githubusercontent.com/Yarkis01/TyraDex/images/sprites/847/regular.png', 377, '1,3 m', '30,0 kg', 61, 123, 60, 136, 'https://raw.githubusercontent.com/Yarkis01/TyraDex/images/sprites/847/shiny.png'),
(848, 'Toxizap', 'https://raw.githubusercontent.com/Yarkis01/TyraDex/images/sprites/848/regular.png', 374, '0,4 m', '11,0 kg', 40, 38, 35, 40, 'https://raw.githubusercontent.com/Yarkis01/TyraDex/images/sprites/848/shiny.png'),
(849, 'Salarsen', 'https://raw.githubusercontent.com/Yarkis01/TyraDex/images/sprites/849/regular.png', 593, '1,6 m', '40,0 kg', 75, 98, 70, 75, 'https://raw.githubusercontent.com/Yarkis01/TyraDex/images/sprites/849/shiny.png'),
(850, 'Grillepattes', 'https://raw.githubusercontent.com/Yarkis01/TyraDex/images/sprites/850/regular.png', 432, '0,7 m', '1,0 kg', 50, 65, 45, 45, 'https://raw.githubusercontent.com/Yarkis01/TyraDex/images/sprites/850/shiny.png'),
(851, 'Scolocendre', 'https://raw.githubusercontent.com/Yarkis01/TyraDex/images/sprites/851/regular.png', 432, '3,0 m', '120,0 kg', 100, 115, 65, 65, 'https://raw.githubusercontent.com/Yarkis01/TyraDex/images/sprites/851/shiny.png'),
(852, 'Poulpaf', 'https://raw.githubusercontent.com/Yarkis01/TyraDex/images/sprites/852/regular.png', 502, '0,6 m', '4,0 kg', 50, 68, 60, 32, 'https://raw.githubusercontent.com/Yarkis01/TyraDex/images/sprites/852/shiny.png'),
(853, 'Krakos', 'https://raw.githubusercontent.com/Yarkis01/TyraDex/images/sprites/853/regular.png', 101, '1,6 m', '39,0 kg', 80, 118, 90, 42, 'https://raw.githubusercontent.com/Yarkis01/TyraDex/images/sprites/853/shiny.png'),
(854, 'Théffroi', 'https://raw.githubusercontent.com/Yarkis01/TyraDex/images/sprites/854/regular.png', 532, '0,1 m', '0,2 kg', 40, 45, 45, 50, 'https://raw.githubusercontent.com/Yarkis01/TyraDex/images/sprites/854/shiny.png'),
(855, 'Polthégeist', 'https://raw.githubusercontent.com/Yarkis01/TyraDex/images/sprites/855/regular.png', 532, '0,2 m', '0,4 kg', 60, 65, 65, 70, 'https://raw.githubusercontent.com/Yarkis01/TyraDex/images/sprites/855/shiny.png'),
(856, 'Bibichut', 'https://raw.githubusercontent.com/Yarkis01/TyraDex/images/sprites/856/regular.png', 305, '0,4 m', '3,4 kg', 42, 30, 45, 39, 'https://raw.githubusercontent.com/Yarkis01/TyraDex/images/sprites/856/shiny.png'),
(857, 'Chapotus', 'https://raw.githubusercontent.com/Yarkis01/TyraDex/images/sprites/857/regular.png', 215, '0,6 m', '4,8 kg', 57, 40, 65, 49, 'https://raw.githubusercontent.com/Yarkis01/TyraDex/images/sprites/857/shiny.png'),
(858, 'Sorcilence', 'https://raw.githubusercontent.com/Yarkis01/TyraDex/images/sprites/858/regular.png', 220, '2,1 m', '5,1 kg', 57, 90, 95, 29, 'https://raw.githubusercontent.com/Yarkis01/TyraDex/images/sprites/858/shiny.png'),
(859, 'Grimalin', 'https://raw.githubusercontent.com/Yarkis01/TyraDex/images/sprites/859/regular.png', 114, '0,4 m', '5,5 kg', 45, 45, 30, 50, 'https://raw.githubusercontent.com/Yarkis01/TyraDex/images/sprites/859/shiny.png'),
(860, 'Fourbelin', 'https://raw.githubusercontent.com/Yarkis01/TyraDex/images/sprites/860/regular.png', 202, '0,8 m', '12,5 kg', 65, 60, 45, 70, 'https://raw.githubusercontent.com/Yarkis01/TyraDex/images/sprites/860/shiny.png'),
(861, 'Angoliath', 'https://raw.githubusercontent.com/Yarkis01/TyraDex/images/sprites/861/regular.png', 200, '1,5 m', '61,0 kg', 95, 120, 65, 60, 'https://raw.githubusercontent.com/Yarkis01/TyraDex/images/sprites/861/shiny.png'),
(862, 'Ixon', 'https://raw.githubusercontent.com/Yarkis01/TyraDex/images/sprites/862/regular.png', 36, '1,6 m', '46,0 kg', 93, 90, 101, 95, 'https://raw.githubusercontent.com/Yarkis01/TyraDex/images/sprites/862/shiny.png'),
(863, 'Berserkatt', 'https://raw.githubusercontent.com/Yarkis01/TyraDex/images/sprites/863/regular.png', 584, '0,8 m', '28,0 kg', 70, 110, 100, 50, 'https://raw.githubusercontent.com/Yarkis01/TyraDex/images/sprites/863/shiny.png'),
(864, 'Corayôme', 'https://raw.githubusercontent.com/Yarkis01/TyraDex/images/sprites/864/regular.png', 252, '1,0 m', '0,4 kg', 60, 95, 50, 30, 'https://raw.githubusercontent.com/Yarkis01/TyraDex/images/sprites/864/shiny.png'),
(865, 'Palarticho', 'https://raw.githubusercontent.com/Yarkis01/TyraDex/images/sprites/865/regular.png', 576, '0,8 m', '117,0 kg', 62, 135, 95, 65, 'https://raw.githubusercontent.com/Yarkis01/TyraDex/images/sprites/865/shiny.png'),
(866, 'M. Glaquette', 'https://raw.githubusercontent.com/Yarkis01/TyraDex/images/sprites/866/regular.png', 637, '1,5 m', '58,2 kg', 80, 85, 75, 70, 'https://raw.githubusercontent.com/Yarkis01/TyraDex/images/sprites/866/shiny.png'),
(867, 'Tutétékri', 'https://raw.githubusercontent.com/Yarkis01/TyraDex/images/sprites/867/regular.png', 6, '1,6 m', '66,6 kg', 58, 95, 145, 30, 'https://raw.githubusercontent.com/Yarkis01/TyraDex/images/sprites/867/shiny.png'),
(868, 'Crèmy', 'https://raw.githubusercontent.com/Yarkis01/TyraDex/images/sprites/868/regular.png', 331, '0,2 m', '0,3 kg', 45, 40, 40, 34, 'https://raw.githubusercontent.com/Yarkis01/TyraDex/images/sprites/868/shiny.png'),
(869, 'Charmilly', 'https://raw.githubusercontent.com/Yarkis01/TyraDex/images/sprites/869/regular.png', 331, '0,3 m', '0,5 kg', 65, 60, 75, 64, 'https://raw.githubusercontent.com/Yarkis01/TyraDex/images/sprites/869/shiny.png'),
(870, 'Hexadron', 'https://raw.githubusercontent.com/Yarkis01/TyraDex/images/sprites/870/regular.png', 457, '3,0 m', '62,0 kg', 65, 100, 100, 75, 'https://raw.githubusercontent.com/Yarkis01/TyraDex/images/sprites/870/shiny.png'),
(871, 'Wattapik', 'https://raw.githubusercontent.com/Yarkis01/TyraDex/images/sprites/871/regular.png', 493, '0,3 m', '1,0 kg', 48, 101, 95, 15, 'https://raw.githubusercontent.com/Yarkis01/TyraDex/images/sprites/871/shiny.png'),
(872, 'Frissonille', 'https://raw.githubusercontent.com/Yarkis01/TyraDex/images/sprites/872/regular.png', 605, '0,3 m', '3,8 kg', 30, 25, 35, 20, 'https://raw.githubusercontent.com/Yarkis01/TyraDex/images/sprites/872/shiny.png'),
(873, 'Beldeneige', 'https://raw.githubusercontent.com/Yarkis01/TyraDex/images/sprites/873/regular.png', 13, '1,3 m', '42,0 kg', 70, 65, 60, 65, 'https://raw.githubusercontent.com/Yarkis01/TyraDex/images/sprites/873/shiny.png'),
(874, 'Dolman', 'https://raw.githubusercontent.com/Yarkis01/TyraDex/images/sprites/874/regular.png', 163, '2,5 m', '520,0 kg', 100, 125, 135, 70, 'https://raw.githubusercontent.com/Yarkis01/TyraDex/images/sprites/874/shiny.png'),
(875, 'Bekaglaçon', 'https://raw.githubusercontent.com/Yarkis01/TyraDex/images/sprites/875/regular.png', 216, '1,4 m', '89,0 kg', 75, 80, 110, 50, 'https://raw.githubusercontent.com/Yarkis01/TyraDex/images/sprites/875/shiny.png'),
(876, 'Wimessir', 'https://raw.githubusercontent.com/Yarkis01/TyraDex/images/sprites/876/regular.png', 620, '0,9 m', '28,0 kg', 70, 55, 65, 85, 'https://raw.githubusercontent.com/Yarkis01/TyraDex/images/sprites/876/shiny.png'),
(877, 'Morpeko', 'https://raw.githubusercontent.com/Yarkis01/TyraDex/images/sprites/877/regular.png', 680, '0,3 m', '3,0 kg', 58, 95, 58, 97, 'https://raw.githubusercontent.com/Yarkis01/TyraDex/images/sprites/877/shiny.png'),
(878, 'Charibari', 'https://raw.githubusercontent.com/Yarkis01/TyraDex/images/sprites/878/regular.png', 380, '1,2 m', '100,0 kg', 72, 80, 49, 40, 'https://raw.githubusercontent.com/Yarkis01/TyraDex/images/sprites/878/shiny.png'),
(879, 'Pachyradjah', 'https://raw.githubusercontent.com/Yarkis01/TyraDex/images/sprites/879/regular.png', 380, '3,0 m', '650,0 kg', 122, 130, 69, 30, 'https://raw.githubusercontent.com/Yarkis01/TyraDex/images/sprites/879/shiny.png'),
(880, 'Galvagon', 'https://raw.githubusercontent.com/Yarkis01/TyraDex/images/sprites/880/regular.png', 117, '1,8 m', '190,0 kg', 90, 100, 90, 75, 'https://raw.githubusercontent.com/Yarkis01/TyraDex/images/sprites/880/shiny.png'),
(881, 'Galvagla', 'https://raw.githubusercontent.com/Yarkis01/TyraDex/images/sprites/881/regular.png', 117, '2,3 m', '150,0 kg', 90, 100, 90, 55, 'https://raw.githubusercontent.com/Yarkis01/TyraDex/images/sprites/881/shiny.png'),
(882, 'Hydragon', 'https://raw.githubusercontent.com/Yarkis01/TyraDex/images/sprites/882/regular.png', 117, '2,3 m', '215,0 kg', 90, 90, 100, 75, 'https://raw.githubusercontent.com/Yarkis01/TyraDex/images/sprites/882/shiny.png'),
(883, 'Hydragla', 'https://raw.githubusercontent.com/Yarkis01/TyraDex/images/sprites/883/regular.png', 117, '2,0 m', '175,0 kg', 90, 90, 100, 55, 'https://raw.githubusercontent.com/Yarkis01/TyraDex/images/sprites/883/shiny.png');
INSERT INTO `pokemon` (`id`, `nom`, `path_to_image`, `id_categorie`, `taille`, `poids`, `pv`, `attack`, `defense`, `vitesse`, `path_to_image_shiny`) VALUES
(884, 'Duralugon', 'https://raw.githubusercontent.com/Yarkis01/TyraDex/images/sprites/884/regular.png', 85, '1,8 m', '40,0 kg', 70, 95, 115, 85, 'https://raw.githubusercontent.com/Yarkis01/TyraDex/images/sprites/884/shiny.png'),
(885, 'Fantyrm', 'https://raw.githubusercontent.com/Yarkis01/TyraDex/images/sprites/885/regular.png', 148, '0,5 m', '2,0 kg', 28, 60, 30, 82, 'https://raw.githubusercontent.com/Yarkis01/TyraDex/images/sprites/885/shiny.png'),
(886, 'Dispareptil', 'https://raw.githubusercontent.com/Yarkis01/TyraDex/images/sprites/886/regular.png', 381, '1,4 m', '11,0 kg', 68, 80, 50, 102, 'https://raw.githubusercontent.com/Yarkis01/TyraDex/images/sprites/886/shiny.png'),
(887, 'Lanssorien', 'https://raw.githubusercontent.com/Yarkis01/TyraDex/images/sprites/887/regular.png', 299, '3,0 m', '50,0 kg', 88, 120, 75, 142, 'https://raw.githubusercontent.com/Yarkis01/TyraDex/images/sprites/887/shiny.png'),
(888, 'Zacian', 'https://raw.githubusercontent.com/Yarkis01/TyraDex/images/sprites/888/regular.png', 549, '2,8 m', '110,0 kg', 92, 170, 115, 148, 'https://raw.githubusercontent.com/Yarkis01/TyraDex/images/sprites/888/shiny.png'),
(889, 'Zamazenta', 'https://raw.githubusercontent.com/Yarkis01/TyraDex/images/sprites/889/regular.png', 549, '2,9 m', '210,0 kg', 92, 130, 145, 128, 'https://raw.githubusercontent.com/Yarkis01/TyraDex/images/sprites/889/shiny.png'),
(890, 'Éthernatos', 'https://raw.githubusercontent.com/Yarkis01/TyraDex/images/sprites/890/regular.png', 206, '0,6 m', '12,0 kg', 140, 85, 95, 130, 'https://raw.githubusercontent.com/Yarkis01/TyraDex/images/sprites/890/shiny.png'),
(891, 'Wushours', 'https://raw.githubusercontent.com/Yarkis01/TyraDex/images/sprites/891/regular.png', 31, '0,6 m', '12,0 kg', 60, 90, 60, 72, NULL),
(892, 'Shifours', 'https://raw.githubusercontent.com/Yarkis01/TyraDex/images/sprites/892/regular.png', 31, '1,9 m', '105,0 kg', 100, 130, 100, 97, NULL),
(893, 'Zarude', 'https://raw.githubusercontent.com/Yarkis01/TyraDex/images/sprites/893/regular.png', 481, '1,8 m', '70,0 kg', 105, 120, 105, 105, NULL),
(894, 'Regieleki', 'https://raw.githubusercontent.com/Yarkis01/TyraDex/images/sprites/894/regular.png', 313, '1,2 m', '145,0 kg', 80, 100, 50, 200, 'https://raw.githubusercontent.com/Yarkis01/TyraDex/images/sprites/894/shiny.png'),
(895, 'Regidrago', 'https://raw.githubusercontent.com/Yarkis01/TyraDex/images/sprites/895/regular.png', 329, '2,1 m', '200,0 kg', 200, 100, 50, 80, 'https://raw.githubusercontent.com/Yarkis01/TyraDex/images/sprites/895/shiny.png'),
(896, 'Blizzeval', 'https://raw.githubusercontent.com/Yarkis01/TyraDex/images/sprites/896/regular.png', 553, '2,2 m', '800,0 kg', 100, 145, 130, 30, NULL),
(897, 'Spectreval', 'https://raw.githubusercontent.com/Yarkis01/TyraDex/images/sprites/897/regular.png', 113, '2,0 m', '44,5 kg', 100, 65, 60, 130, NULL),
(898, 'Sylveroy', 'https://raw.githubusercontent.com/Yarkis01/TyraDex/images/sprites/898/regular.png', 233, '1,1 m', '7,7 kg', 100, 80, 80, 80, NULL),
(899, 'Cerbyllin', 'https://raw.githubusercontent.com/Yarkis01/TyraDex/images/sprites/899/regular.png', 484, '1,8 m', '95,1 kg', 103, 105, 72, 65, 'https://raw.githubusercontent.com/Yarkis01/TyraDex/images/sprites/899/shiny.png'),
(900, 'Hachécateur', 'https://raw.githubusercontent.com/Yarkis01/TyraDex/images/sprites/900/regular.png', 236, '1,8 m', '89,0 kg', 70, 135, 95, 85, 'https://raw.githubusercontent.com/Yarkis01/TyraDex/images/sprites/900/shiny.png'),
(901, 'Ursaking', 'https://raw.githubusercontent.com/Yarkis01/TyraDex/images/sprites/901/regular.png', 523, '2,4 m', '290,0 kg', 130, 140, 105, 50, 'https://raw.githubusercontent.com/Yarkis01/TyraDex/images/sprites/901/shiny.png'),
(902, 'Paragruel', 'https://raw.githubusercontent.com/Yarkis01/TyraDex/images/sprites/902/regular.png', 638, '3,0 m', '110,0 kg', 120, 112, 65, 78, 'https://raw.githubusercontent.com/Yarkis01/TyraDex/images/sprites/902/shiny.png'),
(903, 'Farfurex', 'https://raw.githubusercontent.com/Yarkis01/TyraDex/images/sprites/903/regular.png', 254, '1,3 m', '43,0 kg', 80, 130, 60, 120, 'https://raw.githubusercontent.com/Yarkis01/TyraDex/images/sprites/903/shiny.png'),
(904, 'Qwilpik', 'https://raw.githubusercontent.com/Yarkis01/TyraDex/images/sprites/904/regular.png', 425, '2,5 m', '60,5 kg', 85, 115, 95, 85, 'https://raw.githubusercontent.com/Yarkis01/TyraDex/images/sprites/904/shiny.png'),
(905, 'Amovénus', 'https://raw.githubusercontent.com/Yarkis01/TyraDex/images/sprites/905/regular.png', 429, '1,6 m', '48,0 kg', 74, 115, 70, 106, NULL),
(906, 'Poussacha', 'https://raw.githubusercontent.com/Yarkis01/TyraDex/images/sprites/906/regular.png', 307, '0,4 m', '4,1 kg', 40, 61, 54, 65, 'https://raw.githubusercontent.com/Yarkis01/TyraDex/images/sprites/906/shiny.png'),
(907, 'Matourgeon', 'https://raw.githubusercontent.com/Yarkis01/TyraDex/images/sprites/907/regular.png', 307, '0,9 m', '12,2 kg', 61, 80, 63, 83, 'https://raw.githubusercontent.com/Yarkis01/TyraDex/images/sprites/907/shiny.png'),
(908, 'Miascarade', 'https://raw.githubusercontent.com/Yarkis01/TyraDex/images/sprites/908/regular.png', 106, '1,5 m', '31,2 kg', 76, 110, 70, 123, 'https://raw.githubusercontent.com/Yarkis01/TyraDex/images/sprites/908/shiny.png'),
(909, 'Chochodile', 'https://raw.githubusercontent.com/Yarkis01/TyraDex/images/sprites/909/regular.png', 89, '0,4 m', '9,8 kg', 67, 45, 59, 36, 'https://raw.githubusercontent.com/Yarkis01/TyraDex/images/sprites/909/shiny.png'),
(910, 'Crocogril', 'https://raw.githubusercontent.com/Yarkis01/TyraDex/images/sprites/910/regular.png', 89, '1,0 m', '30,7 kg', 81, 55, 78, 49, 'https://raw.githubusercontent.com/Yarkis01/TyraDex/images/sprites/910/shiny.png'),
(911, 'Flâmigator', 'https://raw.githubusercontent.com/Yarkis01/TyraDex/images/sprites/911/regular.png', 474, '1,6 m', '326,5 kg', 104, 75, 100, 66, 'https://raw.githubusercontent.com/Yarkis01/TyraDex/images/sprites/911/shiny.png'),
(912, 'Coiffeton', 'https://raw.githubusercontent.com/Yarkis01/TyraDex/images/sprites/912/regular.png', 528, '0,5 m', '6,1 kg', 55, 65, 45, 50, 'https://raw.githubusercontent.com/Yarkis01/TyraDex/images/sprites/912/shiny.png'),
(913, 'Canarbello', 'https://raw.githubusercontent.com/Yarkis01/TyraDex/images/sprites/913/regular.png', 665, '1,2 m', '21,5 kg', 70, 85, 65, 65, 'https://raw.githubusercontent.com/Yarkis01/TyraDex/images/sprites/913/shiny.png'),
(914, 'Palmaval', 'https://raw.githubusercontent.com/Yarkis01/TyraDex/images/sprites/914/regular.png', 386, '1,8 m', '61,9 kg', 85, 120, 80, 85, 'https://raw.githubusercontent.com/Yarkis01/TyraDex/images/sprites/914/shiny.png'),
(915, 'Gourmelet', 'https://raw.githubusercontent.com/Yarkis01/TyraDex/images/sprites/915/regular.png', 328, '0,5 m', '10,2 kg', 54, 45, 40, 35, 'https://raw.githubusercontent.com/Yarkis01/TyraDex/images/sprites/915/shiny.png'),
(916, 'Fragroin', 'https://raw.githubusercontent.com/Yarkis01/TyraDex/images/sprites/916/regular.png', 328, '1,0 m', '120,0 kg', 110, 100, 75, 65, 'https://raw.githubusercontent.com/Yarkis01/TyraDex/images/sprites/916/shiny.png'),
(917, 'Tissenboule', 'https://raw.githubusercontent.com/Yarkis01/TyraDex/images/sprites/917/regular.png', 384, '0,3 m', '4,0 kg', 35, 41, 45, 20, 'https://raw.githubusercontent.com/Yarkis01/TyraDex/images/sprites/917/shiny.png'),
(918, 'Filentrappe', 'https://raw.githubusercontent.com/Yarkis01/TyraDex/images/sprites/918/regular.png', 56, '1,0 m', '16,5 kg', 60, 79, 92, 35, 'https://raw.githubusercontent.com/Yarkis01/TyraDex/images/sprites/918/shiny.png'),
(919, 'Lilliterelle', 'https://raw.githubusercontent.com/Yarkis01/TyraDex/images/sprites/919/regular.png', 539, '0,2 m', '1,0 kg', 33, 46, 40, 45, 'https://raw.githubusercontent.com/Yarkis01/TyraDex/images/sprites/919/shiny.png'),
(920, 'Gambex', 'https://raw.githubusercontent.com/Yarkis01/TyraDex/images/sprites/920/regular.png', 539, '1,0 m', '17,5 kg', 71, 102, 78, 92, 'https://raw.githubusercontent.com/Yarkis01/TyraDex/images/sprites/920/shiny.png'),
(921, 'Pohm', 'https://raw.githubusercontent.com/Yarkis01/TyraDex/images/sprites/921/regular.png', 28, '0,3 m', '2,5 kg', 45, 50, 20, 60, 'https://raw.githubusercontent.com/Yarkis01/TyraDex/images/sprites/921/shiny.png'),
(922, 'Pohmotte', 'https://raw.githubusercontent.com/Yarkis01/TyraDex/images/sprites/922/regular.png', 28, '0,4 m', '6,5 kg', 60, 75, 40, 85, 'https://raw.githubusercontent.com/Yarkis01/TyraDex/images/sprites/922/shiny.png'),
(923, 'Pohmarmotte', 'https://raw.githubusercontent.com/Yarkis01/TyraDex/images/sprites/923/regular.png', 452, '0,9 m', '41,0 kg', 70, 115, 70, 105, 'https://raw.githubusercontent.com/Yarkis01/TyraDex/images/sprites/923/shiny.png'),
(924, 'Compagnol', 'https://raw.githubusercontent.com/Yarkis01/TyraDex/images/sprites/924/regular.png', 309, '0,3 m', '1,8 kg', 50, 50, 45, 75, 'https://raw.githubusercontent.com/Yarkis01/TyraDex/images/sprites/924/shiny.png'),
(925, 'Famignol', 'https://raw.githubusercontent.com/Yarkis01/TyraDex/images/sprites/925/regular.png', 395, '0,3 m', '2,3 kg', 74, 75, 70, 111, 'https://raw.githubusercontent.com/Yarkis01/TyraDex/images/sprites/925/shiny.png'),
(926, 'Pâtachiot', 'https://raw.githubusercontent.com/Yarkis01/TyraDex/images/sprites/926/regular.png', 579, '0,3 m', '10,9 kg', 37, 55, 70, 65, 'https://raw.githubusercontent.com/Yarkis01/TyraDex/images/sprites/926/shiny.png'),
(927, 'Briochien', 'https://raw.githubusercontent.com/Yarkis01/TyraDex/images/sprites/927/regular.png', 517, '0,5 m', '14,9 kg', 57, 80, 115, 95, 'https://raw.githubusercontent.com/Yarkis01/TyraDex/images/sprites/927/shiny.png'),
(928, 'Olivini', 'https://raw.githubusercontent.com/Yarkis01/TyraDex/images/sprites/928/regular.png', 229, '0,3 m', '6,5 kg', 41, 35, 45, 30, 'https://raw.githubusercontent.com/Yarkis01/TyraDex/images/sprites/928/shiny.png'),
(929, 'Olivado', 'https://raw.githubusercontent.com/Yarkis01/TyraDex/images/sprites/929/regular.png', 229, '0,6 m', '11,9 kg', 52, 53, 60, 33, 'https://raw.githubusercontent.com/Yarkis01/TyraDex/images/sprites/929/shiny.png'),
(930, 'Arboliva', 'https://raw.githubusercontent.com/Yarkis01/TyraDex/images/sprites/930/regular.png', 229, '1,4 m', '48,2 kg', 78, 69, 90, 39, 'https://raw.githubusercontent.com/Yarkis01/TyraDex/images/sprites/930/shiny.png'),
(931, 'Tapatoès', 'https://raw.githubusercontent.com/Yarkis01/TyraDex/images/sprites/931/regular.png', 465, '0,6 m', '2,4 kg', 82, 96, 51, 95, 'https://raw.githubusercontent.com/Yarkis01/TyraDex/images/sprites/931/shiny.png'),
(932, 'Selutin', 'https://raw.githubusercontent.com/Yarkis01/TyraDex/images/sprites/932/regular.png', 505, '0,4 m', '16,0 kg', 55, 55, 75, 25, 'https://raw.githubusercontent.com/Yarkis01/TyraDex/images/sprites/932/shiny.png'),
(933, 'Amassel', 'https://raw.githubusercontent.com/Yarkis01/TyraDex/images/sprites/933/regular.png', 505, '0,6 m', '105,0 kg', 60, 60, 100, 35, 'https://raw.githubusercontent.com/Yarkis01/TyraDex/images/sprites/933/shiny.png'),
(934, 'Gigansel', 'https://raw.githubusercontent.com/Yarkis01/TyraDex/images/sprites/934/regular.png', 505, '2,3 m', '240,0 kg', 100, 100, 130, 35, 'https://raw.githubusercontent.com/Yarkis01/TyraDex/images/sprites/934/shiny.png'),
(935, 'Charbambin', 'https://raw.githubusercontent.com/Yarkis01/TyraDex/images/sprites/935/regular.png', 445, '0,6 m', '10,5 kg', 40, 50, 40, 35, 'https://raw.githubusercontent.com/Yarkis01/TyraDex/images/sprites/935/shiny.png'),
(936, 'Carmadura', 'https://raw.githubusercontent.com/Yarkis01/TyraDex/images/sprites/936/regular.png', 591, '1,5 m', '85,0 kg', 85, 60, 100, 75, 'https://raw.githubusercontent.com/Yarkis01/TyraDex/images/sprites/936/shiny.png'),
(937, 'Malvalame', 'https://raw.githubusercontent.com/Yarkis01/TyraDex/images/sprites/937/regular.png', 691, '1,6 m', '62,0 kg', 75, 125, 80, 85, 'https://raw.githubusercontent.com/Yarkis01/TyraDex/images/sprites/937/shiny.png'),
(938, 'Têtampoule', 'https://raw.githubusercontent.com/Yarkis01/TyraDex/images/sprites/938/regular.png', 608, '0,3 m', '0,4 kg', 61, 31, 41, 45, 'https://raw.githubusercontent.com/Yarkis01/TyraDex/images/sprites/938/shiny.png'),
(939, 'Ampibidou', 'https://raw.githubusercontent.com/Yarkis01/TyraDex/images/sprites/939/regular.png', 73, '1,2 m', '113,0 kg', 109, 64, 91, 45, 'https://raw.githubusercontent.com/Yarkis01/TyraDex/images/sprites/939/shiny.png'),
(940, 'Zapétrel', 'https://raw.githubusercontent.com/Yarkis01/TyraDex/images/sprites/940/regular.png', 475, '0,4 m', '3,6 kg', 40, 40, 35, 70, 'https://raw.githubusercontent.com/Yarkis01/TyraDex/images/sprites/940/shiny.png'),
(941, 'Fulgulairo', 'https://raw.githubusercontent.com/Yarkis01/TyraDex/images/sprites/941/regular.png', 9, '1,4 m', '38,6 kg', 70, 70, 60, 125, 'https://raw.githubusercontent.com/Yarkis01/TyraDex/images/sprites/941/shiny.png'),
(942, 'Grondogue', 'https://raw.githubusercontent.com/Yarkis01/TyraDex/images/sprites/942/regular.png', 596, '0,5 m', '16,0 kg', 60, 78, 60, 51, 'https://raw.githubusercontent.com/Yarkis01/TyraDex/images/sprites/942/shiny.png'),
(943, 'Dogrino', 'https://raw.githubusercontent.com/Yarkis01/TyraDex/images/sprites/943/regular.png', 701, '1,1 m', '61,0 kg', 80, 120, 90, 85, 'https://raw.githubusercontent.com/Yarkis01/TyraDex/images/sprites/943/shiny.png'),
(944, 'Gribouraigne', 'https://raw.githubusercontent.com/Yarkis01/TyraDex/images/sprites/944/regular.png', 349, '0,2 m', '0,7 kg', 40, 65, 35, 75, 'https://raw.githubusercontent.com/Yarkis01/TyraDex/images/sprites/944/shiny.png'),
(945, 'Tag-Tag', 'https://raw.githubusercontent.com/Yarkis01/TyraDex/images/sprites/945/regular.png', 643, '0,7 m', '27,2 kg', 40, 65, 35, 75, 'https://raw.githubusercontent.com/Yarkis01/TyraDex/images/sprites/945/shiny.png'),
(946, 'Virovent', 'https://raw.githubusercontent.com/Yarkis01/TyraDex/images/sprites/946/regular.png', 124, '0,6 m', '0,6 kg', 40, 65, 30, 60, 'https://raw.githubusercontent.com/Yarkis01/TyraDex/images/sprites/946/shiny.png'),
(947, 'Virevorreur', 'https://raw.githubusercontent.com/Yarkis01/TyraDex/images/sprites/947/regular.png', 124, '1,2 m', '6,0 kg', 55, 115, 70, 90, 'https://raw.githubusercontent.com/Yarkis01/TyraDex/images/sprites/947/shiny.png'),
(948, 'Terracool', 'https://raw.githubusercontent.com/Yarkis01/TyraDex/images/sprites/948/regular.png', 618, '0,9 m', '33,0 kg', 40, 40, 35, 70, 'https://raw.githubusercontent.com/Yarkis01/TyraDex/images/sprites/948/shiny.png'),
(949, 'Terracruel', 'https://raw.githubusercontent.com/Yarkis01/TyraDex/images/sprites/949/regular.png', 618, '1,9 m', '58,0 kg', 80, 70, 65, 100, 'https://raw.githubusercontent.com/Yarkis01/TyraDex/images/sprites/949/shiny.png'),
(950, 'Craparoi', 'https://raw.githubusercontent.com/Yarkis01/TyraDex/images/sprites/950/regular.png', 424, '1,3 m', '79,0 kg', 50, 100, 115, 75, 'https://raw.githubusercontent.com/Yarkis01/TyraDex/images/sprites/950/shiny.png'),
(951, 'Pimito', 'https://raw.githubusercontent.com/Yarkis01/TyraDex/images/sprites/951/regular.png', 630, '0,3 m', '3,0 kg', 52, 62, 40, 50, 'https://raw.githubusercontent.com/Yarkis01/TyraDex/images/sprites/951/shiny.png'),
(952, 'Scovilain', 'https://raw.githubusercontent.com/Yarkis01/TyraDex/images/sprites/952/regular.png', 630, '0,9 m', '15,0 kg', 65, 108, 65, 75, 'https://raw.githubusercontent.com/Yarkis01/TyraDex/images/sprites/952/shiny.png'),
(953, 'Léboulérou', 'https://raw.githubusercontent.com/Yarkis01/TyraDex/images/sprites/953/regular.png', 50, '0,2 m', '1,0 kg', 41, 50, 60, 30, 'https://raw.githubusercontent.com/Yarkis01/TyraDex/images/sprites/953/shiny.png'),
(954, 'Bérasca', 'https://raw.githubusercontent.com/Yarkis01/TyraDex/images/sprites/954/regular.png', 50, '0,3 m', '3,5 kg', 75, 50, 85, 45, 'https://raw.githubusercontent.com/Yarkis01/TyraDex/images/sprites/954/shiny.png'),
(955, 'Flotillon', 'https://raw.githubusercontent.com/Yarkis01/TyraDex/images/sprites/955/regular.png', 498, '0,2 m', '1,5 kg', 30, 35, 30, 75, 'https://raw.githubusercontent.com/Yarkis01/TyraDex/images/sprites/955/shiny.png'),
(956, 'Cléopsytra', 'https://raw.githubusercontent.com/Yarkis01/TyraDex/images/sprites/956/regular.png', 334, '1,9 m', '90,0 kg', 95, 60, 60, 105, 'https://raw.githubusercontent.com/Yarkis01/TyraDex/images/sprites/956/shiny.png'),
(957, 'Forgerette', 'https://raw.githubusercontent.com/Yarkis01/TyraDex/images/sprites/957/regular.png', 406, '0,4 m', '8,9 kg', 50, 45, 45, 58, 'https://raw.githubusercontent.com/Yarkis01/TyraDex/images/sprites/957/shiny.png'),
(958, 'Forgella', 'https://raw.githubusercontent.com/Yarkis01/TyraDex/images/sprites/958/regular.png', 529, '0,7 m', '59,1 kg', 65, 55, 55, 78, 'https://raw.githubusercontent.com/Yarkis01/TyraDex/images/sprites/958/shiny.png'),
(959, 'Forgelina', 'https://raw.githubusercontent.com/Yarkis01/TyraDex/images/sprites/959/regular.png', 529, '0,7 m', '112,8 kg', 85, 75, 77, 94, 'https://raw.githubusercontent.com/Yarkis01/TyraDex/images/sprites/959/shiny.png'),
(960, 'Taupikeau', 'https://raw.githubusercontent.com/Yarkis01/TyraDex/images/sprites/960/regular.png', 562, '1,2 m', '1,8 kg', 10, 55, 25, 95, 'https://raw.githubusercontent.com/Yarkis01/TyraDex/images/sprites/960/shiny.png'),
(961, 'Triopikeau', 'https://raw.githubusercontent.com/Yarkis01/TyraDex/images/sprites/961/regular.png', 562, '1,2 m', '5,4 kg', 35, 100, 50, 120, 'https://raw.githubusercontent.com/Yarkis01/TyraDex/images/sprites/961/shiny.png'),
(962, 'Lestombaile', 'https://raw.githubusercontent.com/Yarkis01/TyraDex/images/sprites/962/regular.png', 315, '1,5 m', '42,9 kg', 70, 103, 85, 82, 'https://raw.githubusercontent.com/Yarkis01/TyraDex/images/sprites/962/shiny.png'),
(963, 'Dofin', 'https://raw.githubusercontent.com/Yarkis01/TyraDex/images/sprites/963/regular.png', 86, '1,3 m', '60,2 kg', 70, 45, 40, 75, 'https://raw.githubusercontent.com/Yarkis01/TyraDex/images/sprites/963/shiny.png'),
(964, 'Superdofin', 'https://raw.githubusercontent.com/Yarkis01/TyraDex/images/sprites/964/regular.png', 86, '1,3 m', '60,2 kg', 100, 70, 72, 100, 'https://raw.githubusercontent.com/Yarkis01/TyraDex/images/sprites/964/shiny.png'),
(965, 'Vrombi', 'https://raw.githubusercontent.com/Yarkis01/TyraDex/images/sprites/965/regular.png', 291, '1,0 m', '35,0 kg', 45, 70, 63, 47, 'https://raw.githubusercontent.com/Yarkis01/TyraDex/images/sprites/965/shiny.png'),
(966, 'Vrombotor', 'https://raw.githubusercontent.com/Yarkis01/TyraDex/images/sprites/966/regular.png', 609, '1,8 m', '120,0 kg', 80, 119, 90, 90, 'https://raw.githubusercontent.com/Yarkis01/TyraDex/images/sprites/966/shiny.png'),
(967, 'Motorizard', 'https://raw.githubusercontent.com/Yarkis01/TyraDex/images/sprites/967/regular.png', 181, '1,6 m', '63,0 kg', 70, 95, 65, 121, 'https://raw.githubusercontent.com/Yarkis01/TyraDex/images/sprites/967/shiny.png'),
(968, 'Ferdeter', 'https://raw.githubusercontent.com/Yarkis01/TyraDex/images/sprites/968/regular.png', 560, '2,5 m', '310,0 kg', 70, 85, 145, 65, 'https://raw.githubusercontent.com/Yarkis01/TyraDex/images/sprites/968/shiny.png'),
(969, 'Germéclat', 'https://raw.githubusercontent.com/Yarkis01/TyraDex/images/sprites/969/regular.png', 655, '0,7 m', '8,0 kg', 48, 35, 42, 60, 'https://raw.githubusercontent.com/Yarkis01/TyraDex/images/sprites/969/shiny.png'),
(970, 'Floréclat', 'https://raw.githubusercontent.com/Yarkis01/TyraDex/images/sprites/970/regular.png', 655, '1,5 m', '45,0 kg', 83, 55, 90, 86, 'https://raw.githubusercontent.com/Yarkis01/TyraDex/images/sprites/970/shiny.png'),
(971, 'Toutombe', 'https://raw.githubusercontent.com/Yarkis01/TyraDex/images/sprites/971/regular.png', 61, '0,6 m', '35,0 kg', 50, 61, 60, 34, 'https://raw.githubusercontent.com/Yarkis01/TyraDex/images/sprites/971/shiny.png'),
(972, 'Tomberro', 'https://raw.githubusercontent.com/Yarkis01/TyraDex/images/sprites/972/regular.png', 61, '2,0 m', '15,0 kg', 72, 101, 100, 68, 'https://raw.githubusercontent.com/Yarkis01/TyraDex/images/sprites/972/shiny.png'),
(973, 'Flamenroule', 'https://raw.githubusercontent.com/Yarkis01/TyraDex/images/sprites/973/regular.png', 563, '1,6 m', '37,0 kg', 82, 115, 74, 90, 'https://raw.githubusercontent.com/Yarkis01/TyraDex/images/sprites/973/shiny.png'),
(974, 'Piétacé', 'https://raw.githubusercontent.com/Yarkis01/TyraDex/images/sprites/974/regular.png', 477, '1,2 m', '45,0 kg', 108, 68, 45, 43, 'https://raw.githubusercontent.com/Yarkis01/TyraDex/images/sprites/974/shiny.png'),
(975, 'Balbalèze', 'https://raw.githubusercontent.com/Yarkis01/TyraDex/images/sprites/975/regular.png', 477, '4,5 m', '700,0 kg', 170, 113, 65, 73, 'https://raw.githubusercontent.com/Yarkis01/TyraDex/images/sprites/975/shiny.png'),
(976, 'Délestin', 'https://raw.githubusercontent.com/Yarkis01/TyraDex/images/sprites/976/regular.png', 242, '2,5 m', '90,0 kg', 90, 102, 73, 70, 'https://raw.githubusercontent.com/Yarkis01/TyraDex/images/sprites/976/shiny.png'),
(977, 'Oyacata', 'https://raw.githubusercontent.com/Yarkis01/TyraDex/images/sprites/977/regular.png', 587, '12,0 m', '220,0 kg', 150, 100, 115, 35, 'https://raw.githubusercontent.com/Yarkis01/TyraDex/images/sprites/977/shiny.png'),
(978, 'Nigirigon', 'https://raw.githubusercontent.com/Yarkis01/TyraDex/images/sprites/978/regular.png', 443, '0,3 m', '8,0 kg', 68, 50, 60, 82, 'https://raw.githubusercontent.com/Yarkis01/TyraDex/images/sprites/978/shiny.png'),
(979, 'Courrousinge', 'https://raw.githubusercontent.com/Yarkis01/TyraDex/images/sprites/979/regular.png', 37, '1,2 m', '56,0 kg', 100, 115, 80, 90, 'https://raw.githubusercontent.com/Yarkis01/TyraDex/images/sprites/979/shiny.png'),
(980, 'Terraiste', 'https://raw.githubusercontent.com/Yarkis01/TyraDex/images/sprites/980/regular.png', 57, '1,8 m', '223,0 kg', 130, 75, 60, 20, 'https://raw.githubusercontent.com/Yarkis01/TyraDex/images/sprites/980/shiny.png'),
(981, 'Farigiraf', 'https://raw.githubusercontent.com/Yarkis01/TyraDex/images/sprites/981/regular.png', 607, '3,2 m', '160,0 kg', 120, 90, 70, 60, 'https://raw.githubusercontent.com/Yarkis01/TyraDex/images/sprites/981/shiny.png'),
(982, 'Deusolourdo', 'https://raw.githubusercontent.com/Yarkis01/TyraDex/images/sprites/982/regular.png', 388, '1,5 m', '14,0 kg', 125, 100, 80, 55, 'https://raw.githubusercontent.com/Yarkis01/TyraDex/images/sprites/982/shiny.png'),
(983, 'Scalpereur', 'https://raw.githubusercontent.com/Yarkis01/TyraDex/images/sprites/983/regular.png', 463, '2,0 m', '120,0 kg', 100, 135, 120, 50, 'https://raw.githubusercontent.com/Yarkis01/TyraDex/images/sprites/983/shiny.png'),
(984, 'Fort-Ivoire', 'https://raw.githubusercontent.com/Yarkis01/TyraDex/images/sprites/984/regular.png', 278, '2,2 m', '320,0 kg', 115, 131, 131, 87, 'https://raw.githubusercontent.com/Yarkis01/TyraDex/images/sprites/984/shiny.png'),
(985, 'Hurle-Queue', 'https://raw.githubusercontent.com/Yarkis01/TyraDex/images/sprites/985/regular.png', 278, '1,2 m', '8,0 kg', 115, 65, 99, 111, 'https://raw.githubusercontent.com/Yarkis01/TyraDex/images/sprites/985/shiny.png'),
(986, 'Fongus-Furie', 'https://raw.githubusercontent.com/Yarkis01/TyraDex/images/sprites/986/regular.png', 278, '1,2 m', '21,0 kg', 111, 127, 99, 55, 'https://raw.githubusercontent.com/Yarkis01/TyraDex/images/sprites/986/shiny.png'),
(987, 'Flotte-Mèche', 'https://raw.githubusercontent.com/Yarkis01/TyraDex/images/sprites/987/regular.png', 278, '1,4 m', '4,0 kg', 55, 55, 55, 135, 'https://raw.githubusercontent.com/Yarkis01/TyraDex/images/sprites/987/shiny.png'),
(988, 'Rampe-Ailes', 'https://raw.githubusercontent.com/Yarkis01/TyraDex/images/sprites/988/regular.png', 278, '3,2 m', '92,0 kg', 85, 135, 79, 81, 'https://raw.githubusercontent.com/Yarkis01/TyraDex/images/sprites/988/shiny.png'),
(989, 'Pelage-Sablé', 'https://raw.githubusercontent.com/Yarkis01/TyraDex/images/sprites/989/regular.png', 278, '2,3 m', '60,0 kg', 85, 81, 97, 101, 'https://raw.githubusercontent.com/Yarkis01/TyraDex/images/sprites/989/shiny.png'),
(990, 'Roue-de-Fer', 'https://raw.githubusercontent.com/Yarkis01/TyraDex/images/sprites/990/regular.png', 278, '0,9 m', '240,0 kg', 90, 112, 120, 106, 'https://raw.githubusercontent.com/Yarkis01/TyraDex/images/sprites/990/shiny.png'),
(991, 'Hotte-de-Fer', 'https://raw.githubusercontent.com/Yarkis01/TyraDex/images/sprites/991/regular.png', 278, '0,6 m', '11,0 kg', 56, 80, 114, 136, 'https://raw.githubusercontent.com/Yarkis01/TyraDex/images/sprites/991/shiny.png'),
(992, 'Paume-de-Fer', 'https://raw.githubusercontent.com/Yarkis01/TyraDex/images/sprites/992/regular.png', 278, '1,8 m', '380,7 kg', 154, 140, 108, 50, 'https://raw.githubusercontent.com/Yarkis01/TyraDex/images/sprites/992/shiny.png'),
(993, 'Têtes-de-Fer', 'https://raw.githubusercontent.com/Yarkis01/TyraDex/images/sprites/993/regular.png', 278, '1,3 m', '111,0 kg', 94, 80, 86, 108, 'https://raw.githubusercontent.com/Yarkis01/TyraDex/images/sprites/993/shiny.png'),
(994, 'Mite-de-Fer', 'https://raw.githubusercontent.com/Yarkis01/TyraDex/images/sprites/994/regular.png', 278, '1,2 m', '36,0 kg', 80, 70, 60, 110, 'https://raw.githubusercontent.com/Yarkis01/TyraDex/images/sprites/994/shiny.png'),
(995, 'Épine-de-Fer', 'https://raw.githubusercontent.com/Yarkis01/TyraDex/images/sprites/995/regular.png', 278, '1,6 m', '303,0 kg', 100, 134, 110, 72, 'https://raw.githubusercontent.com/Yarkis01/TyraDex/images/sprites/995/shiny.png'),
(996, 'Frigodo', 'https://raw.githubusercontent.com/Yarkis01/TyraDex/images/sprites/996/regular.png', 78, '0,5 m', '17,0 kg', 65, 75, 45, 55, 'https://raw.githubusercontent.com/Yarkis01/TyraDex/images/sprites/996/shiny.png'),
(997, 'Cryodo', 'https://raw.githubusercontent.com/Yarkis01/TyraDex/images/sprites/997/regular.png', 78, '0,8 m', '30,0 kg', 90, 95, 66, 62, 'https://raw.githubusercontent.com/Yarkis01/TyraDex/images/sprites/997/shiny.png'),
(998, 'Glaivodo', 'https://raw.githubusercontent.com/Yarkis01/TyraDex/images/sprites/998/regular.png', 138, '2,1 m', '210,0 kg', 115, 145, 92, 87, 'https://raw.githubusercontent.com/Yarkis01/TyraDex/images/sprites/998/shiny.png'),
(999, 'Mordudor', 'https://raw.githubusercontent.com/Yarkis01/TyraDex/images/sprites/999/regular.png', 35, '0,3 m', '5,0 kg', 45, 30, 70, 10, 'https://raw.githubusercontent.com/Yarkis01/TyraDex/images/sprites/999/shiny.png'),
(1000, 'Gromago', 'https://raw.githubusercontent.com/Yarkis01/TyraDex/images/sprites/1000/regular.png', 699, '1,2 m', '30,0 kg', 87, 60, 95, 84, 'https://raw.githubusercontent.com/Yarkis01/TyraDex/images/sprites/1000/shiny.png'),
(1001, 'Chongjian', 'https://raw.githubusercontent.com/Yarkis01/TyraDex/images/sprites/1001/regular.png', 567, '1,5 m', '74,2 kg', 85, 85, 100, 70, NULL),
(1002, 'Baojian', 'https://raw.githubusercontent.com/Yarkis01/TyraDex/images/sprites/1002/regular.png', 567, '1,9 m', '152,2 kg', 80, 120, 80, 135, NULL),
(1003, 'Dinglu', 'https://raw.githubusercontent.com/Yarkis01/TyraDex/images/sprites/1003/regular.png', 567, '2,7 m', '699,7 kg', 155, 110, 125, 45, NULL),
(1004, 'Yuyu', 'https://raw.githubusercontent.com/Yarkis01/TyraDex/images/sprites/1004/regular.png', 567, '0,4 m', '4,9 kg', 55, 80, 80, 100, NULL),
(1005, 'Rugit-Lune', 'https://raw.githubusercontent.com/Yarkis01/TyraDex/images/sprites/1005/regular.png', 278, '2,0 m', '380,0 kg', 105, 139, 71, 119, 'https://raw.githubusercontent.com/Yarkis01/TyraDex/images/sprites/1005/shiny.png'),
(1006, 'Garde-de-Fer', 'https://raw.githubusercontent.com/Yarkis01/TyraDex/images/sprites/1006/regular.png', 278, '1,4 m', '35,0 kg', 74, 130, 90, 116, 'https://raw.githubusercontent.com/Yarkis01/TyraDex/images/sprites/1006/shiny.png'),
(1007, 'Koraidon', 'https://raw.githubusercontent.com/Yarkis01/TyraDex/images/sprites/1007/regular.png', 278, '2,5 m', '303,0 kg', 100, 135, 115, 135, NULL),
(1008, 'Miraidon', 'https://raw.githubusercontent.com/Yarkis01/TyraDex/images/sprites/1008/regular.png', 278, '3,5 m', '240,0 kg', 100, 85, 100, 135, NULL),
(1009, 'Serpente-Eau', 'https://raw.githubusercontent.com/Yarkis01/TyraDex/images/sprites/1009/regular.png', 278, '3,5 m', '280,0 kg', 99, 83, 91, 109, NULL),
(1010, 'Vert-de-Fer', 'https://raw.githubusercontent.com/Yarkis01/TyraDex/images/sprites/1010/regular.png', 278, '1,5 m', '125,0 kg', 90, 130, 88, 104, NULL),
(1011, 'Pomdramour', 'https://raw.githubusercontent.com/Yarkis01/TyraDex/images/sprites/1011/regular.png', 161, '0,4 m', '4,4 kg', 80, 80, 110, 40, 'https://raw.githubusercontent.com/Yarkis01/TyraDex/images/sprites/1011/shiny.png'),
(1012, 'Poltchageist', 'https://raw.githubusercontent.com/Yarkis01/TyraDex/images/sprites/1012/regular.png', 670, '0,1 m', '1,1 kg', 40, 45, 45, 50, 'https://raw.githubusercontent.com/Yarkis01/TyraDex/images/sprites/1012/shiny.png'),
(1013, 'Théffroyable', 'https://raw.githubusercontent.com/Yarkis01/TyraDex/images/sprites/1013/regular.png', 670, '0,2 m', '2,2 kg', 71, 60, 106, 70, 'https://raw.githubusercontent.com/Yarkis01/TyraDex/images/sprites/1013/shiny.png'),
(1014, 'Félicanis', 'https://raw.githubusercontent.com/Yarkis01/TyraDex/images/sprites/1014/regular.png', 304, '1,8 m', '92,2 kg', 88, 128, 115, 80, NULL),
(1015, 'Fortusimia', 'https://raw.githubusercontent.com/Yarkis01/TyraDex/images/sprites/1015/regular.png', 304, '1,0 m', '12,2 kg', 88, 75, 66, 106, NULL),
(1016, 'Favianos', 'https://raw.githubusercontent.com/Yarkis01/TyraDex/images/sprites/1016/regular.png', 304, '1,4 m', '30,1 kg', 88, 91, 82, 99, NULL),
(1017, 'Ogerpon', 'https://raw.githubusercontent.com/Yarkis01/TyraDex/images/sprites/1017/regular.png', 660, '1,2 m', '39,8 kg', 80, 120, 84, 110, NULL),
(1018, 'Pondralugon', 'https://raw.githubusercontent.com/Yarkis01/TyraDex/images/sprites/1018/regular.png', 85, '2,0 m', '60,0 kg', 90, 105, 130, 85, 'https://raw.githubusercontent.com/Yarkis01/TyraDex/images/sprites/1018/shiny.png'),
(1019, 'Pomdorochi', 'https://raw.githubusercontent.com/Yarkis01/TyraDex/images/sprites/1019/regular.png', 462, '1,8 m', '93,0 kg', 106, 80, 110, 44, 'https://raw.githubusercontent.com/Yarkis01/TyraDex/images/sprites/1019/shiny.png'),
(1020, 'Feu-Perçant', 'https://raw.githubusercontent.com/Yarkis01/TyraDex/images/sprites/1020/regular.png', 278, '3,5 m', '590,0 kg', 105, 115, 121, 91, NULL),
(1021, 'Ire-Foudre', 'https://raw.githubusercontent.com/Yarkis01/TyraDex/images/sprites/1021/regular.png', 278, '5,2 m', '480,0 kg', 125, 73, 91, 75, NULL),
(1022, 'Roc-de-Fer', 'https://raw.githubusercontent.com/Yarkis01/TyraDex/images/sprites/1022/regular.png', 278, '1,5 m', '162,5 kg', 90, 120, 80, 124, NULL),
(1023, 'Chef-de-Fer', 'https://raw.githubusercontent.com/Yarkis01/TyraDex/images/sprites/1023/regular.png', 278, '1,6 m', '156,0 kg', 90, 72, 100, 98, NULL),
(1024, 'Terapagos', 'https://raw.githubusercontent.com/Yarkis01/TyraDex/images/sprites/1024/regular.png', 464, '3,5 m', '590,0 kg', 90, 65, 85, 60, NULL),
(1025, 'Pêchaminus', 'https://raw.githubusercontent.com/Yarkis01/TyraDex/images/sprites/1025/regular.png', 503, '0,3 m', '0,3 kg', 88, 88, 160, 88, NULL);

-- --------------------------------------------------------

--
-- Table structure for table `region`
--

CREATE TABLE `region` (
  `id` int(11) NOT NULL,
  `nom` varchar(15) DEFAULT NULL,
  `description` mediumtext
) ENGINE=InnoDB DEFAULT CHARSET=latin1;

--
-- Dumping data for table `region`
--

INSERT INTO `region` (`id`, `nom`, `description`) VALUES
(1, 'paldea', NULL),
(2, 'galar', NULL),
(3, 'alola', NULL),
(4, 'hisui', NULL);

-- --------------------------------------------------------

--
-- Table structure for table `type`
--

CREATE TABLE `type` (
  `id` int(11) NOT NULL,
  `nom` varchar(15) DEFAULT NULL,
  `description` mediumtext
) ENGINE=InnoDB DEFAULT CHARSET=latin1;

--
-- Dumping data for table `type`
--

INSERT INTO `type` (`id`, `nom`, `description`) VALUES
(1, 'Feu', NULL),
(2, 'Sol', NULL),
(3, 'Acier', NULL),
(4, 'Spectre', NULL),
(5, 'Vol', NULL),
(6, 'Fée', NULL),
(7, 'Dragon', NULL),
(8, 'Insecte', NULL),
(9, 'Plante', NULL),
(10, 'Électrik', NULL),
(11, 'Normal', NULL),
(12, 'Combat', NULL),
(13, 'Roche', NULL),
(14, 'Psy', NULL),
(15, 'Poison', NULL),
(16, 'Glace', NULL),
(17, 'Ténèbres', NULL),
(18, 'Eau', NULL);

--
-- Indexes for dumped tables
--

--
-- Indexes for table `categorie`
--
ALTER TABLE `categorie`
  ADD PRIMARY KEY (`id`);

--
-- Indexes for table `famille`
--
ALTER TABLE `famille`
  ADD PRIMARY KEY (`id`),
  ADD KEY `id_pokemon_base` (`id_pokemon_base`),
  ADD KEY `id_pokemon_level_2` (`id_pokemon_level_2`),
  ADD KEY `id_pokemon_level_3` (`id_pokemon_level_3`),
  ADD KEY `id_pokemon_ex` (`id_pokemon_ex`);

--
-- Indexes for table `generation`
--
ALTER TABLE `generation`
  ADD PRIMARY KEY (`id`);

--
-- Indexes for table `link_faiblesse`
--
ALTER TABLE `link_faiblesse`
  ADD PRIMARY KEY (`id_pokemon`,`id_type`),
  ADD KEY `id_type` (`id_type`);

--
-- Indexes for table `link_generation`
--
ALTER TABLE `link_generation`
  ADD PRIMARY KEY (`id_generation`,`id_pokemon`),
  ADD KEY `id_pokemon` (`id_pokemon`);

--
-- Indexes for table `link_region`
--
ALTER TABLE `link_region`
  ADD PRIMARY KEY (`id_pokemon`,`id_region`),
  ADD KEY `id_region` (`id_region`);

--
-- Indexes for table `link_type`
--
ALTER TABLE `link_type`
  ADD PRIMARY KEY (`id_type`,`id_pokemon`),
  ADD KEY `id_pokemon` (`id_pokemon`);

--
-- Indexes for table `pokemon`
--
ALTER TABLE `pokemon`
  ADD PRIMARY KEY (`id`),
  ADD KEY `id_categorie` (`id_categorie`);

--
-- Indexes for table `region`
--
ALTER TABLE `region`
  ADD PRIMARY KEY (`id`);

--
-- Indexes for table `type`
--
ALTER TABLE `type`
  ADD PRIMARY KEY (`id`);

--
-- AUTO_INCREMENT for dumped tables
--

--
-- AUTO_INCREMENT for table `categorie`
--
ALTER TABLE `categorie`
  MODIFY `id` int(11) NOT NULL AUTO_INCREMENT, AUTO_INCREMENT=709;
--
-- AUTO_INCREMENT for table `famille`
--
ALTER TABLE `famille`
  MODIFY `id` int(11) NOT NULL AUTO_INCREMENT, AUTO_INCREMENT=339;
--
-- AUTO_INCREMENT for table `generation`
--
ALTER TABLE `generation`
  MODIFY `id` int(11) NOT NULL AUTO_INCREMENT, AUTO_INCREMENT=10;
--
-- AUTO_INCREMENT for table `pokemon`
--
ALTER TABLE `pokemon`
  MODIFY `id` int(11) NOT NULL AUTO_INCREMENT, AUTO_INCREMENT=1026;
--
-- AUTO_INCREMENT for table `region`
--
ALTER TABLE `region`
  MODIFY `id` int(11) NOT NULL AUTO_INCREMENT, AUTO_INCREMENT=5;
--
-- AUTO_INCREMENT for table `type`
--
ALTER TABLE `type`
  MODIFY `id` int(11) NOT NULL AUTO_INCREMENT, AUTO_INCREMENT=19;
--
-- Constraints for dumped tables
--

--
-- Constraints for table `famille`
--
ALTER TABLE `famille`
  ADD CONSTRAINT `famille_ibfk_1` FOREIGN KEY (`id_pokemon_base`) REFERENCES `pokemon` (`id`) ON DELETE CASCADE ON UPDATE CASCADE,
  ADD CONSTRAINT `famille_ibfk_2` FOREIGN KEY (`id_pokemon_level_2`) REFERENCES `pokemon` (`id`) ON DELETE CASCADE ON UPDATE CASCADE,
  ADD CONSTRAINT `famille_ibfk_3` FOREIGN KEY (`id_pokemon_level_3`) REFERENCES `pokemon` (`id`) ON DELETE CASCADE ON UPDATE CASCADE,
  ADD CONSTRAINT `famille_ibfk_4` FOREIGN KEY (`id_pokemon_ex`) REFERENCES `pokemon` (`id`) ON DELETE CASCADE ON UPDATE CASCADE;

--
-- Constraints for table `link_faiblesse`
--
ALTER TABLE `link_faiblesse`
  ADD CONSTRAINT `link_faiblesse_ibfk_1` FOREIGN KEY (`id_pokemon`) REFERENCES `pokemon` (`id`) ON DELETE CASCADE ON UPDATE CASCADE,
  ADD CONSTRAINT `link_faiblesse_ibfk_2` FOREIGN KEY (`id_type`) REFERENCES `type` (`id`) ON DELETE CASCADE ON UPDATE CASCADE;

--
-- Constraints for table `link_generation`
--
ALTER TABLE `link_generation`
  ADD CONSTRAINT `link_generation_ibfk_1` FOREIGN KEY (`id_generation`) REFERENCES `generation` (`id`) ON DELETE CASCADE ON UPDATE CASCADE,
  ADD CONSTRAINT `link_generation_ibfk_2` FOREIGN KEY (`id_pokemon`) REFERENCES `pokemon` (`id`) ON DELETE CASCADE ON UPDATE CASCADE;

--
-- Constraints for table `link_region`
--
ALTER TABLE `link_region`
  ADD CONSTRAINT `link_region_ibfk_1` FOREIGN KEY (`id_pokemon`) REFERENCES `pokemon` (`id`) ON DELETE CASCADE ON UPDATE CASCADE,
  ADD CONSTRAINT `link_region_ibfk_2` FOREIGN KEY (`id_region`) REFERENCES `region` (`id`) ON DELETE CASCADE ON UPDATE CASCADE;

--
-- Constraints for table `link_type`
--
ALTER TABLE `link_type`
  ADD CONSTRAINT `link_type_ibfk_1` FOREIGN KEY (`id_type`) REFERENCES `type` (`id`) ON DELETE CASCADE ON UPDATE CASCADE,
  ADD CONSTRAINT `link_type_ibfk_2` FOREIGN KEY (`id_pokemon`) REFERENCES `pokemon` (`id`) ON DELETE CASCADE ON UPDATE CASCADE;

--
-- Constraints for table `pokemon`
--
ALTER TABLE `pokemon`
  ADD CONSTRAINT `pokemon_ibfk_1` FOREIGN KEY (`id_categorie`) REFERENCES `categorie` (`id`) ON DELETE CASCADE ON UPDATE CASCADE;

/*!40101 SET CHARACTER_SET_CLIENT=@OLD_CHARACTER_SET_CLIENT */;
/*!40101 SET CHARACTER_SET_RESULTS=@OLD_CHARACTER_SET_RESULTS */;
/*!40101 SET COLLATION_CONNECTION=@OLD_COLLATION_CONNECTION */;
